package,URI,SubsequenceID,SubsequenceURI,ungroup
domain#000000,domain#000000,0,domain#S-NonLocalNetworks,FALSE
package#5G,domain#CP-BCNH-i-H+p,10,domain#S-NonLocalNetworks,FALSE
package#5G,domain#CP-BSCNSRAN-p+p,18,domain#S-LocalizedNetworks,FALSE
package#5G,domain#CP-CNBH+p,10,domain#S-NonLocalNetworks,FALSE
package#5G,domain#CP-CNCNBSS+aF,18,domain#S-LocalizedNetworks,FALSE
package#5G,domain#CP-CNHS+RAN+cT,18,domain#S-LocalizedNetworks,FALSE
package#5G,domain#CP-CNR-CN+CN,10,domain#S-NonLocalNetworks,FALSE
package#5G,domain#CP-CNRANS+aF,18,domain#S-LocalizedNetworks,FALSE
package#5G,domain#CP-CNRLS+i,10,domain#S-NonLocalNetworks,FALSE
package#5G,domain#CP-CNS-RAN+RAN,18,domain#S-LocalizedNetworks,FALSE
package#5G,domain#CP-CNSBSRAN-p+p,18,domain#S-LocalizedNetworks,FALSE
package#5G,domain#CP-CrCcL3+NSg,28,domain#S-NetworkSegments,FALSE
package#5G,domain#CP-FCNS+aF,18,domain#S-LocalizedNetworks,FALSE
package#5G,domain#CP-L3c-rBrPR+DSg,28,domain#S-NetworkSegments,FALSE
package#5G,domain#CP-L3c-rBrUR+CSg,28,domain#S-NetworkSegments,FALSE
package#5G,domain#CP-L3cCrPC+DSg,28,domain#S-NetworkSegments,FALSE
package#5G,domain#CP-L3cCrUC+CSg,28,domain#S-NetworkSegments,FALSE
package#5G,domain#CP-L3cGc-rR+NSg,28,domain#S-NetworkSegments,FALSE
package#5G,domain#CP-L3rBrPR+DSg,28,domain#S-NetworkSegments,FALSE
package#5G,domain#CP-L3rBrUR+CSg,28,domain#S-NetworkSegments,FALSE
package#5G,domain#CP-MPCNS+aF,18,domain#S-LocalizedNetworks,FALSE
package#5G,domain#CP-Marker+5GAccess-0,18,domain#S-LocalizedNetworks,FALSE
package#5G,domain#CP-Marker+5GAccess-1,18,domain#S-LocalizedNetworks,FALSE
package#5G,domain#CP-Marker+5GAccess-2,18,domain#S-LocalizedNetworks,FALSE
package#5G,domain#CP-Marker+5GAccess-3,18,domain#S-LocalizedNetworks,FALSE
package#5G,domain#CP-Marker+5GBackbone-0,10,domain#S-NonLocalNetworks,FALSE
package#5G,domain#CP-Marker+5GBackbone-1,10,domain#S-NonLocalNetworks,FALSE
package#5G,domain#CP-Marker+5GConnectivity-0,28,domain#S-NetworkSegments,FALSE
package#5G,domain#CP-Marker+5GConnectivity-1,28,domain#S-NetworkSegments,FALSE
package#5G,domain#CP-PCN+W,10,domain#S-NonLocalNetworks,FALSE
package#5G,domain#CP-PCN-R+R,10,domain#S-NonLocalNetworks,FALSE
package#5G,domain#CP-PCNRWI+ct,10,domain#S-NonLocalNetworks,FALSE
package#5G,domain#CP-PCNSRAN-p+BS,18,domain#S-LocalizedNetworks,FALSE
package#5G,domain#CP-PCc-rBrPR+DSg,28,domain#S-NetworkSegments,FALSE
package#5G,domain#CP-PRrBc-rL3+NSg,28,domain#S-NetworkSegments,FALSE
package#5G,domain#CP-PRrBrPR+OSg,28,domain#S-NetworkSegments,FALSE
package#5G,domain#CP-PcCNLS-S+c,18,domain#S-LocalizedNetworks,FALSE
package#5G,domain#CP-RAN+iLS,18,domain#S-LocalizedNetworks,FALSE
package#5G,domain#CP-RANBSS+aF,0,domain#S-LocalizedNetworks,FALSE
package#5G,domain#CP-RANaf2dS+mS,0,domain#S-HostLocation,FALSE
package#5G,domain#CP-Rc-rGcL3+DSg,28,domain#S-NetworkSegments,FALSE
package#5G,domain#CP-RrBc-rC+NSg,28,domain#S-NetworkSegments,FALSE
package#5G,domain#CP-RrBrL3+NSg,28,domain#S-NetworkSegments,FALSE
package#5G,domain#CP-SRAN-mSBS-S+l,0,domain#S-HostLocation,FALSE
package#5G,domain#CP-UCNSRAN-p+BS,18,domain#S-LocalizedNetworks,FALSE
package#5G,domain#CP-UCc-rBrUR+CSg,28,domain#S-NetworkSegments,FALSE
package#5G,domain#CP-URrBc-rL3+CSg,28,domain#S-NetworkSegments,FALSE
package#5G,domain#CP-URrBrUR+CSg,28,domain#S-NetworkSegments,FALSE
package#Application,domain#CP-CP+hCLI,7,domain#S-ProcessClassification,FALSE
package#Application,domain#CP-HuE+e,13,domain#S-HumanStatus,FALSE
package#Application,domain#CP-HuWES+e,13,domain#S-HumanStatus,FALSE
package#Application,domain#CP-Hui-uD+aID,0,domain#S-DataHandling,FALSE
package#Application,domain#CP-HuiCHDtS-AC+AC,22,domain#S-SystemProcessCreation,FALSE
package#Application,domain#CP-HuirEc-rD+iD,0,domain#S-DataHandling,FALSE
package#Application,domain#CP-HuirEr-vD-cC-iHu-DS+iD,0,domain#S-DataHandling,FALSE
package#Application,domain#CP-HuirIPaD+aD,0,domain#S-DataHandling,FALSE
package#Application,domain#CP-HuirIPp-iD+vD,0,domain#S-DataHandling,FALSE
package#Application,domain#CP-HuirPaD+eUI-O+vD,0,domain#S-DataHandling,FALSE
package#Application,domain#CP-HuirPc-iD-rC-DS+vD,0,domain#S-DataHandling,FALSE
package#Application,domain#CP-HuirPeI-OD-p+r,0,domain#S-DataHandling,FALSE
package#Application,domain#CP-HuirPeI-OD-p-cC-iHu-DS+c,0,domain#S-DataHandling,FALSE
package#Application,domain#CP-HuirPeID+iD,0,domain#S-DataHandling,FALSE
package#Application,domain#CP-HuirPeO-ID-p+r,0,domain#S-DataHandling,FALSE
package#Application,domain#CP-HuirPeOD+vD,0,domain#S-DataHandling,FALSE
package#Application,domain#CP-HuirPeUD+aD,0,domain#S-DataHandling,FALSE
package#Application,domain#CP-HuirPeUD-a+a,0,domain#S-DataHandling,FALSE
package#Application,domain#CP-HuirPr-iD-cD+vD,0,domain#S-DataHandling,FALSE
package#Application,domain#CP-HuirPr-vD-cC-iHu-DS+iD,0,domain#S-DataHandling,FALSE
package#Application,domain#CP-HuuD+aUD,0,domain#S-DataHandling,FALSE
package#Application,domain#CP-Huv-uD+aVD,0,domain#S-DataHandling,FALSE
package#Application,domain#CP-Marker+AppClient-0,0,domain#S-ProcessCreation,FALSE
package#Application,domain#CP-Marker+AppClient-1,0,domain#S-ProcessCreation,FALSE
package#Application,domain#CP-Marker+AppClientService-0,5,domain#S-ProcessCreation,FALSE
package#Application,domain#CP-Marker+AppClientService-1,5,domain#S-ProcessCreation,FALSE
package#Application,domain#CP-Marker+AppProcess-0,0,domain#S-ProcessCreation,FALSE
package#Application,domain#CP-Marker+AppProcess-1,0,domain#S-ProcessCreation,FALSE
package#Application,domain#CP-Marker+AppService-0,0,domain#S-ProcessCreation,FALSE
package#Application,domain#CP-Marker+AppService-1,0,domain#S-ProcessCreation,FALSE
package#Application,domain#CP-Marker+DataHandling-0,11,domain#S-DataHandling,FALSE
package#Application,domain#CP-Marker+DataHandling-1,11,domain#S-DataHandling,FALSE
package#Application,domain#CP-Marker+DataHandling-2,11,domain#S-DataHandling,FALSE
package#Application,domain#CP-Marker+DataStorage-0,4,domain#S-StorageInference,FALSE
package#Application,domain#CP-Marker+DataStorage-1,4,domain#S-StorageInference,FALSE
package#Application,domain#CP-Marker+UserDataDeprecated-0,0,domain#S-DataHandling,FALSE
package#Application,domain#CP-Marker+UserDataDeprecated-1,0,domain#S-DataHandling,FALSE
package#Application,domain#CP-Marker+UserDataInteraction-0,0,domain#S-DataHandling,FALSE
package#Application,domain#CP-Marker+UserDataInteraction-1,0,domain#S-DataHandling,FALSE
package#Application,domain#CP-Marker+UserProcessInteraction-0,0,domain#S-ProcessCreation,FALSE
package#Application,domain#CP-Marker+UserProcessInteraction-1,0,domain#S-ProcessCreation,FALSE
package#Application,domain#CP-RAC+noDU,7,domain#S-ProcessClassification,FALSE
package#Application,domain#CP-RAS+noDU,7,domain#S-ProcessClassification,FALSE
package#CloudManagement,domain#CP-Ct+iC,6,domain#S-HostClassification,FALSE
package#CloudManagement,domain#CP-DCCM-A+A,27,domain#S-ReverseProxies,FALSE
package#CloudManagement,domain#CP-DCCM-P+P,27,domain#S-ReverseProxies,FALSE
package#CloudManagement,domain#CP-DCCMCAP+c,0,domain#S-SystemClientService,FALSE
package#CloudManagement,domain#CP-DCCt-Pod+Pod,2,domain#S-HostCreation,FALSE
package#CloudManagement,domain#CP-DCPHM+p,2,domain#S-HostCreation,FALSE
package#CloudManagement,domain#CP-DCPHW+p,2,domain#S-HostCreation,FALSE
package#CloudManagement,domain#CP-DCPS-Pod+Pod,2,domain#S-HostCreation,FALSE
package#CloudManagement,domain#CP-HumPC-Hu+m,19,domain#S-HostManagement,FALSE
package#CloudManagement,domain#CP-KIP-S+c,0,domain#S-SystemClientService,FALSE
package#CloudManagement,domain#CP-KPxCLnSA+uu,27,domain#S-ReverseProxies,FALSE
package#CloudManagement,domain#CP-KPxCazSI+az,0,domain#S-SystemClientService,FALSE
package#CloudManagement,domain#CP-KPxCaaSI+aa,0,domain#S-SystemClientService,FALSE
package#CloudManagement,domain#CP-KPxCuScP+aa,0,domain#S-SystemClientService,FALSE
package#CloudManagement,domain#CP-KPxCuuSI+uu,27,domain#S-ReverseProxies,FALSE
package#CloudManagement,domain#CP-KPxMLnSA+uu,27,domain#S-ReverseProxies,FALSE
package#CloudManagement,domain#CP-KPxWLnSA+uu,27,domain#S-ReverseProxies,FALSE
package#CloudManagement,domain#CP-MWHLS+CIP,10,domain#S-NonLocalNetworks,FALSE
package#CloudManagement,domain#CP-MWPodLS2+c,10,domain#S-NonLocalNetworks,FALSE
package#CloudManagement,domain#CP-Marker+CloudAuth-0,0,domain#S-SystemClientService,FALSE
package#CloudManagement,domain#CP-Marker+CloudAuth-1,0,domain#S-SystemClientService,FALSE
package#CloudManagement,domain#CP-Marker+CloudHostCreation-0,2,domain#S-HostCreation,FALSE
package#CloudManagement,domain#CP-Marker+CloudHostCreation-1,2,domain#S-HostCreation,FALSE
package#CloudManagement,domain#CP-Marker+CloudManagement-0,19,domain#S-HostManagement,FALSE
package#CloudManagement,domain#CP-Marker+CloudManagement-1,19,domain#S-HostManagement,FALSE
package#CloudManagement,domain#CP-Marker+CloudNetworking-0,10,domain#S-NonLocalNetworks,FALSE
package#CloudManagement,domain#CP-Marker+CloudNetworking-1,10,domain#S-NonLocalNetworks,FALSE
package#CloudManagement,domain#CP-Marker+CloudServices-0,27,domain#S-ReverseProxies,FALSE
package#CloudManagement,domain#CP-Marker+CloudServices-1,27,domain#S-ReverseProxies,FALSE
package#CloudManagement,domain#CP-Marker+CloudStorage-0,4,domain#S-StorageInference,FALSE
package#CloudManagement,domain#CP-Marker+CloudStorage-1,4,domain#S-StorageInference,FALSE
package#CloudManagement,domain#CP-PodCnD+s,4,domain#S-StorageInference,FALSE
package#CloudManagement,domain#CP-PodCnP+c,2,domain#S-HostCreation,FALSE
package#CloudManagement,domain#CP-PodCnPD+s,4,domain#S-StorageInference,FALSE
package#CloudManagement,domain#CP-PodDCC-M+M,2,domain#S-HostCreation,FALSE
package#CloudManagement,domain#CP-PodDCMC-W-H+W,2,domain#S-HostCreation,FALSE
package#CloudManagement,domain#CP-PodMP+iP,6,domain#S-HostClassification,FALSE
package#CloudManagement,domain#CP-PodP-Cn+Cn,2,domain#S-HostCreation,FALSE
package#DataCaching,domain#CP-DCDFcV+c,50,domain#S-DataFlowCaching,FALSE
package#DataCaching,domain#CP-H-sDFCFdS-ACau+DS,50,domain#S-DataFlowCaching,FALSE
package#DataCaching,domain#CP-H-sDFSACaiFS+DS,50,domain#S-DataFlowCaching,FALSE
package#DataCaching,domain#CP-H-sDFSFdC+DS,50,domain#S-DataFlowCaching,FALSE
package#DataCaching,domain#CP-H-sDFcCaiAC+DS,50,domain#S-DataFlowCaching,FALSE
package#DataCaching,domain#CP-H-sDFcCr-aAC+DS,50,domain#S-DataFlowCaching,FALSE
package#DataCaching,domain#CP-H-sDFrSACdDFiaS+DS,50,domain#S-DataFlowCaching,FALSE
package#DataCaching,domain#CP-H-sDFuCudDFdS-ACau+DS,50,domain#S-DataFlowCaching,FALSE
package#DataCaching,domain#CP-H-sDFuSdC+DS,50,domain#S-DataFlowCaching,FALSE
package#DataCaching,domain#CP-IDFfCCCftS-s+rI,50,domain#S-DataFlowCaching,FALSE
package#DataCaching,domain#CP-Marker+DataCache-0,50,domain#S-DataFlowCaching,FALSE
package#DataCaching,domain#CP-Marker+DataCache-1,50,domain#S-DataFlowCaching,FALSE
package#DataCaching,domain#CP-Marker+DataCache-2,50,domain#S-DataFlowCaching,FALSE
package#DataLifecycle,domain#CP-AC+noDX,7,domain#S-ProcessClassification,FALSE
package#DataLifecycle,domain#CP-AS+noDX,7,domain#S-ProcessClassification,FALSE
package#DataLifecycle,domain#CP-CCDFCDAScDA-c+a,0,domain#S-SystemClientService,FALSE
package#DataLifecycle,domain#CP-CCDFSDAScDA-c+z,0,domain#S-SystemClientService,FALSE
package#DataLifecycle,domain#CP-CS-SP-noDX+DX,41,domain#S-DataPaths,FALSE
package#DataLifecycle,domain#CP-DADS+W,44,domain#S-PersistentDataAccess,FALSE
package#DataLifecycle,domain#CP-DADS+ds,42,domain#S-DataChannels,FALSE
package#DataLifecycle,domain#CP-DADSDCSDD-f+ch,42,domain#S-DataChannels,FALSE
package#DataLifecycle,domain#CP-DADU-eS+eA,44,domain#S-PersistentDataAccess,FALSE
package#DataLifecycle,domain#CP-DC1+x,42,domain#S-DataChannels,FALSE
package#DataLifecycle,domain#CP-DC2TDRfDP2+xf,42,domain#S-DataChannels,FALSE
package#DataLifecycle,domain#CP-DC2TDRrDP2+xr,42,domain#S-DataChannels,FALSE
package#DataLifecycle,domain#CP-DC2xfDA2+f,42,domain#S-DataChannels,FALSE
package#DataLifecycle,domain#CP-DC2xrDA2+f,42,domain#S-DataChannels,FALSE
package#DataLifecycle,domain#CP-DC3-x+x,42,domain#S-DataChannels,FALSE
package#DataLifecycle,domain#CP-DC3xf-xf+xf,42,domain#S-DataChannels,FALSE
package#DataLifecycle,domain#CP-DC3xr-xr+xr,42,domain#S-DataChannels,FALSE
package#DataLifecycle,domain#CP-DD-fDCSDS+ch,42,domain#S-DataChannels,FALSE
package#DataLifecycle,domain#CP-DDDCDP2oDS+DC,42,domain#S-DataChannels,FALSE
package#DataLifecycle,domain#CP-DDDCDS2P+DF,43,domain#S-DataFlows,FALSE
package#DataLifecycle,domain#CP-DDDPS+DC,42,domain#S-DataChannels,FALSE
package#DataLifecycle,domain#CP-DFDSfP+fVP,43,domain#S-DataFlows,FALSE
package#DataLifecycle,domain#CP-DFtP+fVP,43,domain#S-DataFlows,FALSE
package#DataLifecycle,domain#CP-DI-fDCSDS+ch,42,domain#S-DataChannels,FALSE
package#DataLifecycle,domain#CP-DO-fDCSDD+ch,42,domain#S-DataChannels,FALSE
package#DataLifecycle,domain#CP-DP1+x,41,domain#S-DataPaths,FALSE
package#DataLifecycle,domain#CP-DP3-x+x,41,domain#S-DataPaths,FALSE
package#DataLifecycle,domain#CP-DSDA+R,44,domain#S-PersistentDataAccess,FALSE
package#DataLifecycle,domain#CP-DSDAfDD-fS+fS,42,domain#S-DataChannels,FALSE
package#DataLifecycle,domain#CP-DSDCDD2P+DF,43,domain#S-DataFlows,FALSE
package#DataLifecycle,domain#CP-DSDCDP2oDD+DC,42,domain#S-DataChannels,FALSE
package#DataLifecycle,domain#CP-DSDPS+DC,42,domain#S-DataChannels,FALSE
package#DataLifecycle,domain#CP-DUDA-eS+eA,44,domain#S-PersistentDataAccess,FALSE
package#DataLifecycle,domain#CP-FwdDFf2DP2P+DS,43,domain#S-DataFlows,FALSE
package#DataLifecycle,domain#CP-FwdDFfDP2P+DS,43,domain#S-DataFlows,FALSE
package#DataLifecycle,domain#CP-FwdDFtDP2P+DS,43,domain#S-DataFlows,FALSE
package#DataLifecycle,domain#CP-HD-iS-DS+DS,26,domain#S-PersistentData,FALSE
package#DataLifecycle,domain#CP-HDS2DPfDA+fS,42,domain#S-DataChannels,FALSE
package#DataLifecycle,domain#CP-HDSPDIfdDA-DP-f+f,44,domain#S-PersistentDataAccess,FALSE
package#DataLifecycle,domain#CP-HHuWE+D,51,domain#S-Phishing,FALSE
package#DataLifecycle,domain#CP-HHuWSMS+D,51,domain#S-Phishing,FALSE
package#DataLifecycle,domain#CP-HPDADS-crudu+crudc,44,domain#S-PersistentDataAccess,FALSE
package#DataLifecycle,domain#CP-HPDADS2dDO+crudu,44,domain#S-PersistentDataAccess,FALSE
package#DataLifecycle,domain#CP-HPDADSDU+crudu,44,domain#S-PersistentDataAccess,FALSE
package#DataLifecycle,domain#CP-HPDO-fDS-DA+f,44,domain#S-PersistentDataAccess,FALSE
package#DataLifecycle,domain#CP-HPDS-fDI-DO-DFI+f,44,domain#S-PersistentDataAccess,FALSE
package#DataLifecycle,domain#CP-HPDSDA-crudr+crudr,44,domain#S-PersistentDataAccess,FALSE
package#DataLifecycle,domain#CP-HPeD+crudu,44,domain#S-PersistentDataAccess,FALSE
package#DataLifecycle,domain#CP-HPrD-DS-DA+DR,40,domain#S-VolatileData,FALSE
package#DataLifecycle,domain#CP-HPsD-DS+DR,40,domain#S-VolatileData,FALSE
package#DataLifecycle,domain#CP-HPsDPDFDS+f,44,domain#S-PersistentDataAccess,FALSE
package#DataLifecycle,domain#CP-HPsDPDSDF+f,44,domain#S-PersistentDataAccess,FALSE
package#DataLifecycle,domain#CP-HSDADPDXP-Hu-DP+DP,41,domain#S-DataPaths,FALSE
package#DataLifecycle,domain#CP-HSDADPPDXP-Hu-DP+DP,41,domain#S-DataPaths,FALSE
package#DataLifecycle,domain#CP-HuSP+SMS,0,domain#S-SystemProcessCreation,FALSE
package#DataLifecycle,domain#CP-HuWES+D,51,domain#S-Phishing,FALSE
package#DataLifecycle,domain#CP-HuaDPH-DS-DA+DU,40,domain#S-VolatileData,FALSE
package#DataLifecycle,domain#CP-HuaDPH-DS-DP+UP,40,domain#S-VolatileData,FALSE
package#DataLifecycle,domain#CP-HuaDRAC-DA+RUA,40,domain#S-VolatileData,FALSE
package#DataLifecycle,domain#CP-HuaDSPH+S-DA+DU,40,domain#S-VolatileData,FALSE
package#DataLifecycle,domain#CP-HuaDSPH-DP+UP,40,domain#S-VolatileData,FALSE
package#DataLifecycle,domain#CP-HuaDSPH-S-DA+DU,40,domain#S-VolatileData,FALSE
package#DataLifecycle,domain#CP-Hui-vDPH-DS-DA+DO,40,domain#S-VolatileData,FALSE
package#DataLifecycle,domain#CP-Hui-vDPH-DS-DP+OP,40,domain#S-VolatileData,FALSE
package#DataLifecycle,domain#CP-Hui-vDSPH+S-DA+DO,40,domain#S-VolatileData,FALSE
package#DataLifecycle,domain#CP-Hui-vDSPH-DP+OP,40,domain#S-VolatileData,FALSE
package#DataLifecycle,domain#CP-Hui-vDSPH-S-DA+DO,40,domain#S-VolatileData,FALSE
package#DataLifecycle,domain#CP-Marker+DataAccess-0,40,domain#S-VolatileData,FALSE
package#DataLifecycle,domain#CP-Marker+DataAccess-1,40,domain#S-VolatileData,FALSE
package#DataLifecycle,domain#CP-Marker+DataChannel-0,42,domain#S-DataChannels,FALSE
package#DataLifecycle,domain#CP-Marker+DataChannel-1,42,domain#S-DataChannels,FALSE
package#DataLifecycle,domain#CP-Marker+DataChannel-2,42,domain#S-DataChannels,FALSE
package#DataLifecycle,domain#CP-Marker+DataChannel-3,42,domain#S-DataChannels,FALSE
package#DataLifecycle,domain#CP-Marker+DataChannel-4,42,domain#S-DataChannels,FALSE
package#DataLifecycle,domain#CP-Marker+DataCopy-0,26,domain#S-PersistentData,FALSE
package#DataLifecycle,domain#CP-Marker+DataCopy-1,26,domain#S-PersistentData,FALSE
package#DataLifecycle,domain#CP-Marker+DataCopy-2,44,domain#S-PersistentDataAccess,FALSE
package#DataLifecycle,domain#CP-Marker+DataCopy-3,44,domain#S-PersistentDataAccess,FALSE
package#DataLifecycle,domain#CP-Marker+DataFlow-0,43,domain#S-DataFlows,FALSE
package#DataLifecycle,domain#CP-Marker+DataFlow-1,43,domain#S-DataFlows,FALSE
package#DataLifecycle,domain#CP-Marker+DataKeys-0,0,domain#S-SystemClientService,FALSE
package#DataLifecycle,domain#CP-Marker+DataKeys-1,0,domain#S-SystemClientService,FALSE
package#DataLifecycle,domain#CP-Marker+DataPath-0,41,domain#S-DataPaths,FALSE
package#DataLifecycle,domain#CP-Marker+DataPath-1,41,domain#S-DataPaths,FALSE
package#DataLifecycle,domain#CP-Marker+DataPath-2,41,domain#S-DataPaths,FALSE
package#DataLifecycle,domain#CP-Marker+DataPath-3,41,domain#S-DataPaths,FALSE
package#DataLifecycle,domain#CP-Marker+Phishing-0,51,domain#S-Phishing,FALSE
package#DataLifecycle,domain#CP-Marker+Phishing-1,51,domain#S-Phishing,FALSE
package#DataLifecycle,domain#CP-Marker+PhishingClient-0,0,domain#S-SystemProcessCreation,FALSE
package#DataLifecycle,domain#CP-Marker+PhishingClient-1,0,domain#S-SystemProcessCreation,FALSE
package#DataLifecycle,domain#CP-PDI+d,42,domain#S-DataChannels,FALSE
package#DataLifecycle,domain#CP-PDI-Hu+d,42,domain#S-DataChannels,FALSE
package#DataLifecycle,domain#CP-PDO+fS,42,domain#S-DataChannels,FALSE
package#DataLifecycle,domain#CP-PDO+s,42,domain#S-DataChannels,FALSE
package#DataLifecycle,domain#CP-PDO-DI+DP,41,domain#S-DataPaths,FALSE
package#DataLifecycle,domain#CP-PDOScDD-DS+z,0,domain#S-SystemClientService,FALSE
package#DataLifecycle,domain#CP-PDP+DP,41,domain#S-DataPaths,FALSE
package#DataLifecycle,domain#CP-PDP+ds,42,domain#S-DataChannels,FALSE
package#DataLifecycle,domain#CP-PDR+ds,42,domain#S-DataChannels,FALSE
package#DataLifecycle,domain#CP-PIP-S+fS,42,domain#S-DataChannels,FALSE
package#DataLifecycle,domain#CP-PSDP+ds,42,domain#S-DataChannels,FALSE
package#DataLifecycle,domain#CP-PSDP-S+fS,42,domain#S-DataChannels,FALSE
package#DataLifecycle,domain#CP-PTDR+ds,42,domain#S-DataChannels,FALSE
package#DataLifecycle,domain#CP-PaDH-DS-Hu-DA+DU,40,domain#S-VolatileData,FALSE
package#DataLifecycle,domain#CP-PaDH-DS-Hu-DP+UP,40,domain#S-VolatileData,FALSE
package#DataLifecycle,domain#CP-PaDSH+S-Hu-DA+DU,40,domain#S-VolatileData,FALSE
package#DataLifecycle,domain#CP-PaDSH-Hu-DP+UP,40,domain#S-VolatileData,FALSE
package#DataLifecycle,domain#CP-PaDSH-S-Hu-DA+DU,40,domain#S-VolatileData,FALSE
package#DataLifecycle,domain#CP-Pc-rDH-DS-Hu-DA+DO,40,domain#S-VolatileData,FALSE
package#DataLifecycle,domain#CP-Pc-rDH-DS-Hu-DP+OP,40,domain#S-VolatileData,FALSE
package#DataLifecycle,domain#CP-Pc-rDSH+S-Hu-DA+DO,40,domain#S-VolatileData,FALSE
package#DataLifecycle,domain#CP-Pc-rDSH-Hu-DP+OP,40,domain#S-VolatileData,FALSE
package#DataLifecycle,domain#CP-Pc-rDSH-S-Hu-DA+DO,40,domain#S-VolatileData,FALSE
package#DataLifecycle,domain#CP-Pr-cDH-DS-Hu-DA+DI,40,domain#S-VolatileData,FALSE
package#DataLifecycle,domain#CP-Pr-cDSH+S-Hu-DA+DI,40,domain#S-VolatileData,FALSE
package#DataLifecycle,domain#CP-Pr-cDSH-Hu-DP+IP,40,domain#S-VolatileData,FALSE
package#DataLifecycle,domain#CP-Pr-cDSH-S-Hu-DA+DI,40,domain#S-VolatileData,FALSE
package#DataLifecycle,domain#CP-PsDSH-DP+DP,40,domain#S-VolatileData,FALSE
package#DataLifecycle,domain#CP-RA-fDCSDD+ch,42,domain#S-DataChannels,FALSE
package#DataLifecycle,domain#CP-RA-fDCSDS+ch,42,domain#S-DataChannels,FALSE
package#DataLifecycle,domain#CP-RUIDO+ds,42,domain#S-DataChannels,FALSE
package#DataLifecycle,domain#CP-RUODI+ds,42,domain#S-DataChannels,FALSE
package#DataLifecycle,domain#CP-RevDFf2DP2P+DS,43,domain#S-DataFlows,FALSE
package#DataLifecycle,domain#CP-RevDFfDP2P+DS,43,domain#S-DataFlows,FALSE
package#DataLifecycle,domain#CP-RevDFtDP2P+DS,43,domain#S-DataFlows,FALSE
package#DataLifecycle,domain#CP-SDADPDXP-Hu-DP+DP,41,domain#S-DataPaths,FALSE
package#DataLifecycle,domain#CP-SDADPDXPRAC-DP+DP,41,domain#S-DataPaths,FALSE
package#DataLifecycle,domain#CP-SDADPDXRAC-DP+DP,41,domain#S-DataPaths,FALSE
package#DataLifecycle,domain#CP-SDADPPDXP-Hu-DP+DP,41,domain#S-DataPaths,FALSE
package#DataLifecycle,domain#CP-SDADPPDXPRAC-DP+DP,41,domain#S-DataPaths,FALSE
package#DataLifecycle,domain#CP-SDADPPDXRAC-DP+DP,41,domain#S-DataPaths,FALSE
package#DataLifecycle,domain#CP-SDUDADS+W,44,domain#S-PersistentDataAccess,FALSE
package#DataLifecycle,domain#CP-SDUDSDA+R,44,domain#S-PersistentDataAccess,FALSE
package#DataLifecycle,domain#CP-ScDACDACCDF-c+a,0,domain#S-SystemClientService,FALSE
package#DataLifecycle,domain#CP-ScDASDACCDF-c+z,0,domain#S-SystemClientService,FALSE
package#DataLifecycle,domain#CP-ScDDPDADS-cz+c,44,domain#S-PersistentDataAccess,FALSE
package#DataLifecycle,domain#CP-ScDSPDADD-cz+c,44,domain#S-PersistentDataAccess,FALSE
package#DataLifecycle,domain#CP-ScDSPDI-DD+z,0,domain#S-SystemClientService,FALSE
package#DataLifecycle,domain#CP-ScDSPDIcD+z,0,domain#S-SystemClientService,FALSE
package#DataStructure,domain#CP-DAO-iDADInDF-n+n,52,domain#S-DataFields,FALSE
package#DataStructure,domain#CP-DAO-iDADInDF-n+n-Replay,52,domain#S-DataFields,FALSE
package#DataStructure,domain#CP-DAOiDADInDF-i+i,52,domain#S-DataFields,FALSE
package#DataStructure,domain#CP-DAOiDADInDF-i+i-Replay,52,domain#S-DataFields,FALSE
package#DataStructure,domain#CP-DAPDADF-g+n,52,domain#S-DataFields,FALSE
package#DataStructure,domain#CP-DCDFDF+i,52,domain#S-DataFields,FALSE
package#DataStructure,domain#CP-DSD-iDF+n,52,domain#S-DataFields,FALSE
package#DataStructure,domain#CP-DSDDF-Hu-P+i,52,domain#S-DataFields,FALSE
package#DataStructure,domain#CP-Marker+DataFields-0,52,domain#S-DataFields,FALSE
package#DataStructure,domain#CP-Marker+DataFields-1,52,domain#S-DataFields,FALSE
package#DataStructure,domain#CP-PDO-gDAnDF-i+i,52,domain#S-DataFields,FALSE
package#DataStructure,domain#CP-PDO-gDAnDF-i+i-Replay,52,domain#S-DataFields,FALSE
package#DataStructure,domain#CP-PpD-iDF+a,52,domain#S-DataFields,FALSE
package#IoT,domain#CP-DcTh+DS,0,domain#S-ProcessCreation,FALSE
package#IoT,domain#CP-DcTh+s,0,domain#S-StorageInference,FALSE
package#IoT,domain#CP-HuiCo+UI,0,domain#S-ProcessCreation,FALSE
package#IoT,domain#CP-HuiSe+Rel,0,domain#S-ProcessCreation,FALSE
package#IoT,domain#CP-HuiTh-S+r,0,domain#S-PrivacyInference,FALSE
package#IoT,domain#CP-HurSesD-Rel+Rel,0,domain#S-PrivacyInference,FALSE
package#IoT,domain#CP-HurTh-S-m+m,0,domain#S-HostManagement,FALSE
package#IoT,domain#CP-HurThcD-Rel+Rel,0,domain#S-PrivacyInference,FALSE
package#IoT,domain#CP-IoT-cD+cD,0,domain#S-StorageInference,FALSE
package#IoT,domain#CP-Marker+ThingData-0,0,domain#S-StorageInference,FALSE
package#IoT,domain#CP-Marker+ThingData-1,0,domain#S-StorageInference,FALSE
package#IoT,domain#CP-Marker+ThingFunction-0,0,domain#S-ProcessCreation,FALSE
package#IoT,domain#CP-Marker+ThingFunction-1,0,domain#S-ProcessCreation,FALSE
package#IoT,domain#CP-Marker+ThingFunction-2,0,domain#S-ProcessCreation,FALSE
package#IoT,domain#CP-Marker+ThingFunction-3,0,domain#S-ProcessCreation,FALSE
package#IoT,domain#CP-Marker+ThingManagement-0,0,domain#S-HostManagement,FALSE
package#IoT,domain#CP-Marker+ThingManagement-1,0,domain#S-HostManagement,FALSE
package#IoT,domain#CP-Marker+ThingPrivacy-0,0,domain#S-PrivacyInference,FALSE
package#IoT,domain#CP-Marker+ThingPrivacy-1,0,domain#S-PrivacyInference,FALSE
package#IoT,domain#CP-Marker+ThingProcess-0,0,domain#S-ProcessCreation,FALSE
package#IoT,domain#CP-Marker+ThingProcess-1,0,domain#S-ProcessCreation,FALSE
package#IoT,domain#CP-Marker+ThingProcess-2,0,domain#S-ProcessCreation,FALSE
package#IoT,domain#CP-Marker+ThingProcess-3,0,domain#S-ProcessCreation,FALSE
package#IoT,domain#CP-Pa-uCo+Rel,0,domain#S-ProcessCreation,FALSE
package#IoT,domain#CP-PcSe+Rel,0,domain#S-ProcessCreation,FALSE
package#IoT,domain#CP-Pp-uSe+Rel,0,domain#S-ProcessCreation,FALSE
package#IoT,domain#CP-PrSe+Rel,0,domain#S-ProcessCreation,FALSE
package#IoT,domain#CP-PuCo+Rel,0,domain#S-ProcessCreation,FALSE
package#IoT,domain#CP-PuSe+Rel,0,domain#S-ProcessCreation,FALSE
package#IoT,domain#CP-SHuTh-Hu+m,0,domain#S-HostManagement,FALSE
package#IoT,domain#CP-Se-sD+sD,0,domain#S-StorageInference,FALSE
package#IoT,domain#CP-SesD+SP,0,domain#S-ProcessCreation,FALSE
package#Legal,domain#CP-JuHP+s,0,domain#S-Jurisdictions,FALSE
package#Legal,domain#CP-JuPHS+s,0,domain#S-Jurisdictions,FALSE
package#Legal,domain#CP-JuSS+s,0,domain#S-Jurisdictions,FALSE
package#Legal,domain#CP-Marker+Jurisdiction-0,0,domain#S-Jurisdictions,FALSE
package#Legal,domain#CP-Marker+Jurisdiction-1,0,domain#S-Jurisdictions,FALSE
package#Legal,domain#CP-Marker+ProcessOperation-2,0,domain#S-ProcessOperation,FALSE
package#Legal,domain#CP-Marker+ProcessOperation-3,0,domain#S-ProcessOperation,FALSE
package#Legal,domain#CP-StoPDA+o,0,domain#S-ProcessOperation,FALSE
package#LocalDeviceConnectivity,domain#CP-BPcGcBP+OSg,28,domain#S-NetworkSegments,FALSE
package#LocalDeviceConnectivity,domain#CP-HBTTHS-S+l,0,domain#S-HostLocation,FALSE
package#LocalDeviceConnectivity,domain#CP-HUSBTHS-S+l,0,domain#S-HostLocation,FALSE
package#LocalDeviceConnectivity,domain#CP-HpBRH+B,18,domain#S-LocalizedNetworks,FALSE
package#LocalDeviceConnectivity,domain#CP-HpURH+U,18,domain#S-LocalizedNetworks,FALSE
package#LocalDeviceConnectivity,domain#CP-HuiHBTTH-Hu+m,19,domain#S-HostManagement,FALSE
package#LocalDeviceConnectivity,domain#CP-HuiHUSBTH-Hu+m,19,domain#S-HostManagement,FALSE
package#LocalDeviceConnectivity,domain#CP-HumHBTTH-Hu+m,19,domain#S-HostManagement,FALSE
package#LocalDeviceConnectivity,domain#CP-HumHUSBTH-Hu+m,19,domain#S-HostManagement,FALSE
package#LocalDeviceConnectivity,domain#CP-L1cGcL3+NSg,28,domain#S-NetworkSegments,FALSE
package#LocalDeviceConnectivity,domain#CP-L3cGcL1+CSg,28,domain#S-NetworkSegments,FALSE
package#LocalDeviceConnectivity,domain#CP-Marker+PairedDeviceConnectivity-0,28,domain#S-NetworkSegments,FALSE
package#LocalDeviceConnectivity,domain#CP-Marker+PairedDeviceConnectivity-1,28,domain#S-NetworkSegments,FALSE
package#LocalDeviceConnectivity,domain#CP-Marker+PairedDeviceLocation-0,0,domain#S-HostLocation,FALSE
package#LocalDeviceConnectivity,domain#CP-Marker+PairedDeviceLocation-1,0,domain#S-HostLocation,FALSE
package#LocalDeviceConnectivity,domain#CP-Marker+PairedDeviceManagement-0,19,domain#S-HostManagement,FALSE
package#LocalDeviceConnectivity,domain#CP-Marker+PairedDeviceManagement-1,19,domain#S-HostManagement,FALSE
package#LocalDeviceConnectivity,domain#CP-Marker+PairedStorageServices-0,22,domain#S-SystemProcessCreation,FALSE
package#LocalDeviceConnectivity,domain#CP-Marker+PairedStorageServices-1,22,domain#S-SystemProcessCreation,FALSE
package#LocalDeviceConnectivity,domain#CP-Marker+PairingConnections-0,18,domain#S-LocalizedNetworks,FALSE
package#LocalDeviceConnectivity,domain#CP-Marker+PairingConnections-1,18,domain#S-LocalizedNetworks,FALSE
package#LocalDeviceConnectivity,domain#CP-UHDSrP+u,22,domain#S-SystemProcessCreation,FALSE
package#LocalDeviceConnectivity,domain#CP-UHDpP-S+S,22,domain#S-SystemProcessCreation,FALSE
package#LocalDeviceConnectivity,domain#CP-UHDrP-S+S,22,domain#S-SystemProcessCreation,FALSE
package#LocalDeviceConnectivity,domain#CP-UPc-rGrUP+OSg,28,domain#S-NetworkSegments,FALSE
package#LocalDeviceConnectivity,domain#CP-UPrGc-rUP+OSg,28,domain#S-NetworkSegments,FALSE
package#LocalDeviceConnectivity,domain#CP-USBD-S+S,22,domain#S-SystemProcessCreation,FALSE
package#Network,domain#CP-C+iC,6,domain#S-HostClassification,FALSE
package#Network,domain#CP-C-iLnSuSH-iCS+SL,0,domain#S-InternalComms,FALSE
package#Network,domain#CP-DC-C+C,2,domain#S-HostCreation,FALSE
package#Network,domain#CP-DC-R+RW,2,domain#S-HostCreation,FALSE
package#Network,domain#CP-DCH+l,2,domain#S-HostCreation,FALSE
package#Network,domain#CP-DCLS+RWS,14,domain#S-FixedHostConnections,FALSE
package#Network,domain#CP-DCVHRS-H+p,10,domain#S-NonLocalNetworks,FALSE
package#Network,domain#CP-DCVHWS-H+p,10,domain#S-NonLocalNetworks,FALSE
package#Network,domain#CP-DCWH-LS+c,14,domain#S-FixedHostConnections,FALSE
package#Network,domain#CP-DCpLS+RWS,10,domain#S-NonLocalNetworks,FALSE
package#Network,domain#CP-FHprLS+c,14,domain#S-FixedHostConnections,FALSE
package#Network,domain#CP-FcLSS+aF,24,domain#S-NetworkAccessibility,FALSE
package#Network,domain#CP-HACPmNC+p,30,domain#S-ProcessContext,FALSE
package#Network,domain#CP-HCHLSS+NC,29,domain#S-HostContext,FALSE
package#Network,domain#CP-Hc-pN-hP+AC,22,domain#S-SystemProcessCreation,FALSE
package#Network,domain#CP-HcWHS+c,18,domain#S-LocalizedNetworks,FALSE
package#Network,domain#CP-HmNCPAC+p,30,domain#S-ProcessContext,FALSE
package#Network,domain#CP-HprLS+c,21,domain#S-NetworkConnections,FALSE
package#Network,domain#CP-HuPCH+i,12,domain#S-HostInteractivity,FALSE
package#Network,domain#CP-Hui2H+iD,12,domain#S-HostInteractivity,FALSE
package#Network,domain#CP-HuiCHLnS-AC+AC,22,domain#S-SystemProcessCreation,FALSE
package#Network,domain#CP-HuiH-Hu+m,19,domain#S-HostManagement,FALSE
package#Network,domain#CP-HuiHP-m+m,34,domain#S-ProcessManagement,FALSE
package#Network,domain#CP-HuiHS+cA,15,domain#S-HumanMobilityReq,FALSE
package#Network,domain#CP-HuiPDaS-S+l,17,domain#S-HostLocation,FALSE
package#Network,domain#CP-HuiPH-Hu+m,19,domain#S-HostManagement,FALSE
package#Network,domain#CP-HuiPH-iD+iP,12,domain#S-HostInteractivity,FALSE
package#Network,domain#CP-Hum-iHRAS+i,22,domain#S-SystemProcessCreation,FALSE
package#Network,domain#CP-Hum-iSH-LnS+LnS,22,domain#S-SystemProcessCreation,FALSE
package#Network,domain#CP-HumH-StSt+o,20,domain#S-HostOperation,FALSE
package#Network,domain#CP-HumHP-im+m,34,domain#S-ProcessManagement,FALSE
package#Network,domain#CP-HumP-StSt+o,35,domain#S-ProcessOperation,FALSE
package#Network,domain#CP-HumPH-m+m,19,domain#S-HostManagement,FALSE
package#Network,domain#CP-HumTHS+cA,15,domain#S-HumanMobilityReq,FALSE
package#Network,domain#CP-HuoH-m+m,19,domain#S-HostManagement,FALSE
package#Network,domain#CP-HuwStmH-St+o,20,domain#S-HostOperation,FALSE
package#Network,domain#CP-HuwStmP-St+o,35,domain#S-ProcessOperation,FALSE
package#Network,domain#CP-InternetMP+W,0,domain#S-SpaceCreation,FALSE
package#Network,domain#CP-InternetMP+ii,0,domain#S-NonLocalNetworks,FALSE
package#Network,domain#CP-MHC+iMHC,6,domain#S-HostClassification,FALSE
package#Network,domain#CP-MHcIS+aF,24,domain#S-NetworkAccessibility,FALSE
package#Network,domain#CP-Marker+5GBaseStationLocation-0,0,domain#S-HostLocation,FALSE
package#Network,domain#CP-Marker+5GBaseStationLocation-1,0,domain#S-HostLocation,FALSE
package#Network,domain#CP-Marker+DefaultHostLocation-0,0,domain#S-HostLocation,FALSE
package#Network,domain#CP-Marker+DefaultHostLocation-1,0,domain#S-HostLocation,FALSE
package#Network,domain#CP-Marker+FixedHostCreation-0,2,domain#S-HostCreation,FALSE
package#Network,domain#CP-Marker+FixedHostCreation-1,2,domain#S-HostCreation,FALSE
package#Network,domain#CP-Marker+FixedNetworkConnections-0,14,domain#S-FixedHostConnections,FALSE
package#Network,domain#CP-Marker+FixedNetworkConnections-1,14,domain#S-FixedHostConnections,FALSE
package#Network,domain#CP-Marker+FixedNetworkCreation-0,10,domain#S-NonLocalNetworks,FALSE
package#Network,domain#CP-Marker+FixedNetworkCreation-1,10,domain#S-NonLocalNetworks,FALSE
package#Network,domain#CP-Marker+HostClassification-0,6,domain#S-HostClassification,FALSE
package#Network,domain#CP-Marker+HostClassification-1,6,domain#S-HostClassification,FALSE
package#Network,domain#CP-Marker+HostContext-0,29,domain#S-HostContext,FALSE
package#Network,domain#CP-Marker+HostContext-1,29,domain#S-HostContext,FALSE
package#Network,domain#CP-Marker+HostCreation-0,2,domain#S-HostCreation,FALSE
package#Network,domain#CP-Marker+HostCreation-1,2,domain#S-HostCreation,FALSE
package#Network,domain#CP-Marker+HostLocation-0,17,domain#S-HostLocation,FALSE
package#Network,domain#CP-Marker+HostLocation-1,17,domain#S-HostLocation,FALSE
package#Network,domain#CP-Marker+HostManagement-0,19,domain#S-HostManagement,FALSE
package#Network,domain#CP-Marker+HostManagement-1,19,domain#S-HostManagement,FALSE
package#Network,domain#CP-Marker+HostOperation-0,20,domain#S-HostOperation,FALSE
package#Network,domain#CP-Marker+HostOperation-1,20,domain#S-HostOperation,FALSE
package#Network,domain#CP-Marker+LocalNetworkCreation-0,18,domain#S-LocalizedNetworks,FALSE
package#Network,domain#CP-Marker+LocalNetworkCreation-1,18,domain#S-LocalizedNetworks,FALSE
package#Network,domain#CP-Marker+LocalNetworkCreation-2,18,domain#S-LocalizedNetworks,FALSE
package#Network,domain#CP-Marker+LocalNetworkCreation-3,0,domain#S-LocalizedNetworks,FALSE
package#Network,domain#CP-Marker+MobileHostLocation-0,17,domain#S-HostLocation,FALSE
package#Network,domain#CP-Marker+MobileHostLocation-1,17,domain#S-HostLocation,FALSE
package#Network,domain#CP-Marker+NetworkAccessibility-0,24,domain#S-NetworkAccessibility,FALSE
package#Network,domain#CP-Marker+NetworkAccessibility-1,24,domain#S-NetworkAccessibility,FALSE
package#Network,domain#CP-Marker+NetworkConnections-2,21,domain#S-NetworkConnections,FALSE
package#Network,domain#CP-Marker+NetworkConnections-3,21,domain#S-NetworkConnections,FALSE
package#Network,domain#CP-Marker+NetworkCreation-0,10,domain#S-NonLocalNetworks,FALSE
package#Network,domain#CP-Marker+NetworkCreation-1,10,domain#S-NonLocalNetworks,FALSE
package#Network,domain#CP-Marker+NetworkLogin-0,22,domain#S-SystemProcessCreation,FALSE
package#Network,domain#CP-Marker+NetworkLogin-1,22,domain#S-SystemProcessCreation,FALSE
package#Network,domain#CP-Marker+PhysicalHostInference-0,2,domain#S-HostCreation,FALSE
package#Network,domain#CP-Marker+PhysicalHostInference-1,2,domain#S-HostCreation,FALSE
package#Network,domain#CP-Marker+PhysicalHostInference-4,18,domain#S-LocalizedNetworks,FALSE
package#Network,domain#CP-Marker+PhysicalHostInference-5,18,domain#S-LocalizedNetworks,FALSE
package#Network,domain#CP-Marker+PhysicalHostManagement-0,19,domain#S-HostManagement,FALSE
package#Network,domain#CP-Marker+PhysicalHostManagement-1,19,domain#S-HostManagement,FALSE
package#Network,domain#CP-Marker+PhysicalHostOperation-0,20,domain#S-HostOperation,FALSE
package#Network,domain#CP-Marker+PhysicalHostOperation-1,20,domain#S-HostOperation,FALSE
package#Network,domain#CP-Marker+ProcessClassification-0,7,domain#S-ProcessClassification,FALSE
package#Network,domain#CP-Marker+ProcessClassification-1,7,domain#S-ProcessClassification,FALSE
package#Network,domain#CP-Marker+ProcessContext-0,30,domain#S-ProcessContext,FALSE
package#Network,domain#CP-Marker+ProcessContext-1,30,domain#S-ProcessContext,FALSE
package#Network,domain#CP-Marker+ProcessManagement-0,34,domain#S-ProcessManagement,FALSE
package#Network,domain#CP-Marker+ProcessManagement-1,34,domain#S-ProcessManagement,FALSE
package#Network,domain#CP-Marker+ProcessOperation-0,35,domain#S-ProcessOperation,FALSE
package#Network,domain#CP-Marker+ProcessOperation-1,35,domain#S-ProcessOperation,FALSE
package#Network,domain#CP-Marker+RemoteLogin-0,22,domain#S-SystemProcessCreation,FALSE
package#Network,domain#CP-Marker+RemoteLogin-1,22,domain#S-SystemProcessCreation,FALSE
package#Network,domain#CP-Marker+RootLogin-0,22,domain#S-SystemProcessCreation,FALSE
package#Network,domain#CP-Marker+RootLogin-1,22,domain#S-SystemProcessCreation,FALSE
package#Network,domain#CP-Marker+RootLogin-2,22,domain#S-SystemProcessCreation,FALSE
package#Network,domain#CP-Marker+SocketNetworkCreation-0,0,domain#S-InternalComms,FALSE
package#Network,domain#CP-Marker+SocketNetworkCreation-1,0,domain#S-InternalComms,FALSE
package#Network,domain#CP-Marker+SystemClient-0,22,domain#S-SystemProcessCreation,FALSE
package#Network,domain#CP-Marker+SystemClient-1,22,domain#S-SystemProcessCreation,FALSE
package#Network,domain#CP-Marker+SystemClientService-0,45,domain#S-SystemClientService,FALSE
package#Network,domain#CP-Marker+SystemClientService-1,45,domain#S-SystemClientService,FALSE
package#Network,domain#CP-Marker+SystemProcess-0,22,domain#S-SystemProcessCreation,FALSE
package#Network,domain#CP-Marker+SystemProcess-1,22,domain#S-SystemProcessCreation,FALSE
package#Network,domain#CP-Marker+SystemService-0,22,domain#S-SystemProcessCreation,FALSE
package#Network,domain#CP-Marker+SystemService-1,22,domain#S-SystemProcessCreation,FALSE
package#Network,domain#CP-Marker+UserHostInteraction-0,12,domain#S-HostInteractivity,FALSE
package#Network,domain#CP-Marker+UserHostInteraction-1,12,domain#S-HostInteractivity,FALSE
package#Network,domain#CP-Marker+WiFiHotspotCreation-0,18,domain#S-LocalizedNetworks,FALSE
package#Network,domain#CP-Marker+WiFiHotspotCreation-1,18,domain#S-LocalizedNetworks,FALSE
package#Network,domain#CP-PC-LnS+LnS,22,domain#S-SystemProcessCreation,FALSE
package#Network,domain#CP-PCPHLSS+NC,30,domain#S-ProcessContext,FALSE
package#Network,domain#CP-PH+hPH,2,domain#S-HostCreation,FALSE
package#Network,domain#CP-PH-S+W,17,domain#S-HostLocation,FALSE
package#Network,domain#CP-PH2dS+iM,17,domain#S-HostLocation,FALSE
package#Network,domain#CP-PHHPS+AC,30,domain#S-ProcessContext,FALSE
package#Network,domain#CP-PHHS+AC,29,domain#S-HostContext,FALSE
package#Network,domain#CP-PHLSS+aV,29,domain#S-HostContext,FALSE
package#Network,domain#CP-Pc-hSHLnS+c,22,domain#S-SystemProcessCreation,FALSE
package#Network,domain#CP-PcWH+c,18,domain#S-LocalizedNetworks,FALSE
package#Network,domain#CP-RAS+iL,7,domain#S-ProcessClassification,FALSE
package#Network,domain#CP-Rr+iR,6,domain#S-HostClassification,FALSE
package#Network,domain#CP-Rr-LnS+LnS,22,domain#S-SystemProcessCreation,FALSE
package#Network,domain#CP-SHuPH-Hu+m,19,domain#S-HostManagement,FALSE
package#Network,domain#CP-StHP+o,35,domain#S-ProcessOperation,FALSE
package#Network,domain#CP-StSPH-St+o,20,domain#S-HostOperation,FALSE
package#Network,domain#CP-Sv-LnS+LnS,22,domain#S-SystemProcessCreation,FALSE
package#Network,domain#CP-TP+iT,7,domain#S-ProcessClassification,FALSE
package#Network,domain#CP-WS-H+I,18,domain#S-LocalizedNetworks,FALSE
package#Network,domain#CP-WpHS-aF+iH,18,domain#S-LocalizedNetworks,FALSE
package#Network,domain#CP-WpHSH-aF+WH,18,domain#S-LocalizedNetworks,FALSE
package#NetworkConnectivity,domain#CP-HLS+I,23,domain#S-NetworkInterfaces,FALSE
package#NetworkConnectivity,domain#CP-HSL+p+I,0,domain#S-InternalComms,FALSE
package#NetworkConnectivity,domain#CP-L3c-rGc-rL3+OSg,28,domain#S-NetworkSegments,FALSE
package#NetworkConnectivity,domain#CP-L3c-rGrL3+DSg,28,domain#S-NetworkSegments,FALSE
package#NetworkConnectivity,domain#CP-L3rGc-rL3+NSg,28,domain#S-NetworkSegments,FALSE
package#NetworkConnectivity,domain#CP-L3rGrL3+OSg,28,domain#S-NetworkSegments,FALSE
package#NetworkConnectivity,domain#CP-LPLS2NSg2+b,37,domain#S-NetworkPathStatus,FALSE
package#NetworkConnectivity,domain#CP-LPsLS+v,32,domain#S-NetworkPaths,FALSE
package#NetworkConnectivity,domain#CP-LS-iH+NPE,32,domain#S-NetworkPaths,FALSE
package#NetworkConnectivity,domain#CP-Marker+IPSegments-0,28,domain#S-NetworkSegments,FALSE
package#NetworkConnectivity,domain#CP-Marker+IPSegments-1,28,domain#S-NetworkSegments,FALSE
package#NetworkConnectivity,domain#CP-Marker+NetworkBlocks-0,37,domain#S-NetworkPathStatus,FALSE
package#NetworkConnectivity,domain#CP-Marker+NetworkBlocks-1,37,domain#S-NetworkPathStatus,FALSE
package#NetworkConnectivity,domain#CP-Marker+NetworkInterfaces-0,23,domain#S-NetworkInterfaces,FALSE
package#NetworkConnectivity,domain#CP-Marker+NetworkInterfaces-1,23,domain#S-NetworkInterfaces,FALSE
package#NetworkConnectivity,domain#CP-Marker+NetworkPaths-0,32,domain#S-NetworkPaths,FALSE
package#NetworkConnectivity,domain#CP-Marker+NetworkPaths-1,32,domain#S-NetworkPaths,FALSE
package#NetworkConnectivity,domain#CP-Marker+NetworkSegments-0,28,domain#S-NetworkSegments,FALSE
package#NetworkConnectivity,domain#CP-Marker+NetworkSegments-1,28,domain#S-NetworkSegments,FALSE
package#NetworkConnectivity,domain#CP-Marker+NetworkSegments-2,28,domain#S-NetworkSegments,FALSE
package#NetworkConnectivity,domain#CP-NP2LS+v,32,domain#S-NetworkPaths,FALSE
package#NetworkConnectivity,domain#CP-NP2LSg+t,32,domain#S-NetworkPaths,FALSE
package#NetworkConnectivity,domain#CP-NP3+x,32,domain#S-NetworkPaths,FALSE
package#NetworkConnectivity,domain#CP-OPLS1+NP,32,domain#S-NetworkPaths,FALSE
package#NetworkConnectivity,domain#CP-OPLS2+NP,32,domain#S-NetworkPaths,FALSE
package#NetworkConnectivity,domain#CP-OPPS1+PP,32,domain#S-NetworkPaths,FALSE
package#NetworkConnectivity,domain#CP-OPPS2+PP,32,domain#S-NetworkPaths,FALSE
package#NetworkConnectivity,domain#CP-PS-iH+PPE,32,domain#S-NetworkPaths,FALSE
package#NetworkConnectivity,domain#CP-SgHfILS+f,28,domain#S-NetworkSegments,FALSE
package#NetworkConnectivity,domain#CP-SgHtILS+t,28,domain#S-NetworkSegments,FALSE
package#Physical,domain#CP-Marker+SpaceClassification-0,0,domain#S-SpaceClassification,FALSE
package#Physical,domain#CP-Marker+SpaceClassification-1,0,domain#S-SpaceClassification,FALSE
package#Physical,domain#CP-Marker+SpaceCreation-0,1,domain#S-SpaceCreation,FALSE
package#Physical,domain#CP-Marker+SpaceCreation-1,1,domain#S-SpaceCreation,FALSE
package#Physical,domain#CP-PPS-E+W,1,domain#S-SpaceCreation,FALSE
package#Physical,domain#CP-W+iW,25,domain#S-SpaceClassification,FALSE
package#Privacy,domain#CP-DHuDC+r,0,domain#S-PersistentDataAccess,FALSE
package#Privacy,domain#CP-DHuDF+r,0,domain#S-PersistentDataAccess,FALSE
package#Privacy,domain#CP-HurH-StSt+o,0,domain#S-HostOperation,FALSE
package#Privacy,domain#CP-HuwStrH-St+o,0,domain#S-HostOperation,FALSE
package#Privacy,domain#CP-Marker+PersonalOperation-0,0,domain#S-HostOperation,FALSE
package#Privacy,domain#CP-Marker+PersonalOperation-1,0,domain#S-HostOperation,FALSE
package#ProcessComms,domain#CP-APxSCtI+tI,48,domain#S-ClientServiceAttacks,FALSE
package#ProcessComms,domain#CP-CAPNPSAP+pV,48,domain#S-ClientServiceAttacks,FALSE
package#ProcessComms,domain#CP-CAPlISAP+lI,48,domain#S-ClientServiceAttacks,FALSE
package#ProcessComms,domain#CP-CSCCAPNP4+CCAP,48,domain#S-ClientServiceAttacks,FALSE
package#ProcessComms,domain#CP-CSCLS+aFC,46,domain#S-ClientServiceComms,FALSE
package#ProcessComms,domain#CP-CSCscLS+CCAP,48,domain#S-ClientServiceAttacks,FALSE
package#ProcessComms,domain#CP-CSCsdLS+OCAP,48,domain#S-ClientServiceAttacks,FALSE
package#ProcessComms,domain#CP-CSCvLS+CP,47,domain#S-ClientServiceAccess,FALSE
package#ProcessComms,domain#CP-CSL0H+SC,46,domain#S-ClientServiceComms,FALSE
package#ProcessComms,domain#CP-CSL1H2+SC,46,domain#S-ClientServiceComms,FALSE
package#ProcessComms,domain#CP-CSL3H+SC,46,domain#S-ClientServiceComms,FALSE
package#ProcessComms,domain#CP-CSLS2H2-SC+SC,46,domain#S-ClientServiceComms,FALSE
package#ProcessComms,domain#CP-CSLSH2-SC+SC,46,domain#S-ClientServiceComms,FALSE
package#ProcessComms,domain#CP-CaS-SP+uD,46,domain#S-ClientServiceComms,FALSE
package#ProcessComms,domain#CP-CuPiS-i+i,33,domain#S-IndirectClientService,FALSE
package#ProcessComms,domain#CP-CuPuS-i+i,33,domain#S-IndirectClientService,FALSE
package#ProcessComms,domain#CP-CuSPvS-U+U,33,domain#S-IndirectClientService,FALSE
package#ProcessComms,domain#CP-HRASuPCcS+c,36,domain#S-RemoteExecution,FALSE
package#ProcessComms,domain#CP-HRASuPScS+c,36,domain#S-RemoteExecution,FALSE
package#ProcessComms,domain#CP-HRASuPcC+c,36,domain#S-RemoteExecution,FALSE
package#ProcessComms,domain#CP-HRASuPcS+c,36,domain#S-RemoteExecution,FALSE
package#ProcessComms,domain#CP-HuRACP+i,36,domain#S-RemoteExecution,FALSE
package#ProcessComms,domain#CP-Marker+AttackPath-0,48,domain#S-ClientServiceAttacks,FALSE
package#ProcessComms,domain#CP-Marker+AttackPath-1,48,domain#S-ClientServiceAttacks,FALSE
package#ProcessComms,domain#CP-Marker+AttackPath-2,48,domain#S-ClientServiceAttacks,FALSE
package#ProcessComms,domain#CP-Marker+ClientPath-0,47,domain#S-ClientServiceAccess,FALSE
package#ProcessComms,domain#CP-Marker+ClientPath-1,47,domain#S-ClientServiceAccess,FALSE
package#ProcessComms,domain#CP-Marker+RemoteAccess-0,36,domain#S-RemoteExecution,FALSE
package#ProcessComms,domain#CP-Marker+RemoteAccess-1,36,domain#S-RemoteExecution,FALSE
package#ProcessComms,domain#CP-Marker+ReverseProxy-0,27,domain#S-ReverseProxies,FALSE
package#ProcessComms,domain#CP-Marker+ReverseProxy-1,27,domain#S-ReverseProxies,FALSE
package#ProcessComms,domain#CP-Marker+ServiceChannel-0,46,domain#S-ClientServiceComms,FALSE
package#ProcessComms,domain#CP-Marker+ServiceChannel-1,46,domain#S-ClientServiceComms,FALSE
package#ProcessComms,domain#CP-Marker+ServiceChannel-2,46,domain#S-ClientServiceComms,FALSE
package#ProcessComms,domain#CP-Marker+ServiceChannel-3,46,domain#S-ClientServiceComms,FALSE
package#ProcessComms,domain#CP-Marker+ServiceDelegation-0,33,domain#S-IndirectClientService,FALSE
package#ProcessComms,domain#CP-Marker+ServiceDelegation-1,33,domain#S-IndirectClientService,FALSE
package#ProcessComms,domain#CP-Marker+ServiceDelegation-2,33,domain#S-IndirectClientService,FALSE
package#ProcessComms,domain#CP-Marker+ServiceDelegation-3,33,domain#S-IndirectClientService,FALSE
package#ProcessComms,domain#CP-NP1CCAPSC+pT,48,domain#S-ClientServiceAttacks,FALSE
package#ProcessComms,domain#CP-NP2CCAPSC+pT,48,domain#S-ClientServiceAttacks,FALSE
package#ProcessComms,domain#CP-PCaTSSCAP+aTS,48,domain#S-ClientServiceAttacks,FALSE
package#ProcessComms,domain#CP-RACuHRASP-iPL+uR,36,domain#S-RemoteExecution,FALSE
package#ProcessComms,domain#CP-RACuP-iP+uR,36,domain#S-RemoteExecution,FALSE
package#ProcessComms,domain#CP-RACuRHRASP-iPL+uRAS,36,domain#S-RemoteExecution,FALSE
package#ProcessComms,domain#CP-RACvSPHRASP-iPL+uR,36,domain#S-RemoteExecution,FALSE
package#ProcessComms,domain#CP-RDuHP-iPL-RAS+DtS,36,domain#S-RemoteExecution,FALSE
package#ProcessComms,domain#CP-RDuRDuS-uR+uR,36,domain#S-RemoteExecution,FALSE
package#ProcessComms,domain#CP-RDuRTuS-uR+uR,36,domain#S-RemoteExecution,FALSE
package#ProcessComms,domain#CP-RDvSPDtS+uR,36,domain#S-RemoteExecution,FALSE
package#ProcessComms,domain#CP-RDvSPHP-iPL-RAS+DtS,36,domain#S-RemoteExecution,FALSE
package#ProcessComms,domain#CP-RDvSPIP+uR,36,domain#S-RemoteExecution,FALSE
package#ProcessComms,domain#CP-RTuHP-iPL-RAS+LnS,36,domain#S-RemoteExecution,FALSE
package#ProcessComms,domain#CP-RTuRTuS-uR+uR,36,domain#S-RemoteExecution,FALSE
package#ProcessComms,domain#CP-RTvSPCP+uR,36,domain#S-RemoteExecution,FALSE
package#ProcessComms,domain#CP-RTvSPHP-iPL-RAS+LnS,36,domain#S-RemoteExecution,FALSE
package#ProcessComms,domain#CP-RTvSPRAS+uR,36,domain#S-RemoteExecution,FALSE
package#ProcessComms,domain#CP-SCAPvLS+v,48,domain#S-ClientServiceAttacks,FALSE
package#ProcessComms,domain#CP-SCCAP+CSAP,48,domain#S-ClientServiceAttacks,FALSE
package#ProcessComms,domain#CP-SCCHNPLS-lI+lI,46,domain#S-ClientServiceComms,FALSE
package#ProcessComms,domain#CP-SCLPLSg+t,46,domain#S-ClientServiceComms,FALSE
package#ProcessComms,domain#CP-SCLPvLS+v,46,domain#S-ClientServiceComms,FALSE
package#ProcessComms,domain#CP-SCLSg+vf,46,domain#S-ClientServiceComms,FALSE
package#ProcessComms,domain#CP-SCLSg+vt,46,domain#S-ClientServiceComms,FALSE
package#ProcessComms,domain#CP-SCLSgfTS+lI,46,domain#S-ClientServiceComms,FALSE
package#ProcessComms,domain#CP-SCLSgvTS-vS+vS,46,domain#S-ClientServiceComms,FALSE
package#ProcessComms,domain#CP-SCNP2CPtI+vt,47,domain#S-ClientServiceAccess,FALSE
package#ProcessComms,domain#CP-SCNSg+vS,46,domain#S-ClientServiceComms,FALSE
package#ProcessComms,domain#CP-SCsAPtI+tI,48,domain#S-ClientServiceAttacks,FALSE
package#ProcessComms,domain#CP-SCvLS-vS+fS,46,domain#S-ClientServiceComms,FALSE
package#ProcessComms,domain#CP-SCxAPtI+tI,48,domain#S-ClientServiceAttacks,FALSE
package#ProcessComms,domain#CP-SOCAP+OSAP,48,domain#S-ClientServiceAttacks,FALSE
package#ProcessComms,domain#CP-SP+iP,33,domain#S-IndirectClientService,FALSE
package#ProcessComms,domain#CP-SPuS+U,33,domain#S-IndirectClientService,FALSE
package#ProcessComms,domain#CP-SPvSPvS-U+U,33,domain#S-IndirectClientService,FALSE
package#ProcessComms,domain#CP-SSCLS+aTS,46,domain#S-ClientServiceComms,FALSE
package#ProcessComms,domain#CP-SSClIAP+ch,48,domain#S-ClientServiceAttacks,FALSE
package#ProcessTrust,domain#CP-CzSzP+AA,0,domain#S-SystemClientService,FALSE
package#ProcessTrust,domain#CP-CzS-CC+AC,0,domain#S-ClientServiceTrust,FALSE
package#ProcessTrust,domain#CP-CAC-pPzAC-pS+cvc,0,domain#S-ClientServiceTrust,FALSE
package#ProcessTrust,domain#CP-CAC-pPaAC-pS+cvc,0,domain#S-ClientServiceTrust,FALSE
package#ProcessTrust,domain#CP-CAC-pScAC-pP+cc,0,domain#S-ClientServiceTrust,FALSE
package#ProcessTrust,domain#CP-CCCCAP+ch,0,domain#S-ClientServiceTrust,FALSE
package#ProcessTrust,domain#CP-CCCSPSFCS+f,0,domain#S-ClientServiceTrust,FALSE
package#ProcessTrust,domain#CP-CCCSPSFSC+f,0,domain#S-ClientServiceTrust,FALSE
package#ProcessTrust,domain#CP-CCCfCCS+aFC+aFC,0,domain#S-ClientServiceTrust,FALSE
package#ProcessTrust,domain#CP-CCCfS+aFC-aI+aU,0,domain#S-ClientServiceTrust,FALSE
package#ProcessTrust,domain#CP-CCCfS-aFC+aI,0,domain#S-ClientServiceTrust,FALSE
package#ProcessTrust,domain#CP-CCCftS+aFC-aTS+aI,0,domain#S-ClientServiceTrust,FALSE
package#ProcessTrust,domain#CP-CCCtCCS+aTS+aTS,0,domain#S-ClientServiceTrust,FALSE
package#ProcessTrust,domain#CP-CCCvCCvLS+vLS,0,domain#S-ClientServiceTrust,FALSE
package#ProcessTrust,domain#CP-CCSC+ch,0,domain#S-ClientServiceTrust,FALSE
package#ProcessTrust,domain#CP-CCSCAP+ch,0,domain#S-ClientServiceTrust,FALSE
package#ProcessTrust,domain#CP-CCSCCP+ch,0,domain#S-ClientServiceTrust,FALSE
package#ProcessTrust,domain#CP-CCSCfI+fI,0,domain#S-ClientServiceTrust,FALSE
package#ProcessTrust,domain#CP-CCSCtI+tI,0,domain#S-ClientServiceTrust,FALSE
package#ProcessTrust,domain#CP-CCSCtSg+tSg,0,domain#S-ClientServiceTrust,FALSE
package#ProcessTrust,domain#CP-CCSCvI+vI,0,domain#S-ClientServiceTrust,FALSE
package#ProcessTrust,domain#CP-CCSCvLS+vLS,0,domain#S-ClientServiceTrust,FALSE
package#ProcessTrust,domain#CP-CSDS+fV,0,domain#S-ClientServiceTrust,FALSE
package#ProcessTrust,domain#CP-CScP-v+AA,0,domain#S-SystemClientService,FALSE
package#ProcessTrust,domain#CP-CaS-SP+CC,0,domain#S-ClientServiceTrust,FALSE
package#ProcessTrust,domain#CP-CuPnS-U+U,0,domain#S-SystemClientService,FALSE
package#ProcessTrust,domain#CP-CuPuSCC+c,0,domain#S-ClientServiceTrust,FALSE
package#ProcessTrust,domain#CP-CuPvSCC+c,0,domain#S-ClientServiceTrust,FALSE
package#ProcessTrust,domain#CP-CuPvnS+n,0,domain#S-SystemClientService,FALSE
package#ProcessTrust,domain#CP-CuScS+N,0,domain#S-SystemClientService,FALSE
package#ProcessTrust,domain#CP-CucSaP+c,0,domain#S-SystemClientService,FALSE
package#ProcessTrust,domain#CP-CuvS+CC,0,domain#S-ClientServiceTrust,FALSE
package#ProcessTrust,domain#CP-CvPuSCC+c,0,domain#S-ClientServiceTrust,FALSE
package#ProcessTrust,domain#CP-CvPvSCC+c,0,domain#S-ClientServiceTrust,FALSE
package#ProcessTrust,domain#CP-DFDSCS+f,0,domain#S-ClientServiceTrust,FALSE
package#ProcessTrust,domain#CP-DFDSSC+f,0,domain#S-ClientServiceTrust,FALSE
package#ProcessTrust,domain#CP-DFfCCCfS+ff,0,domain#S-ClientServiceTrust,FALSE
package#ProcessTrust,domain#CP-DFfCCCtS+ft,0,domain#S-ClientServiceTrust,FALSE
package#ProcessTrust,domain#CP-DFtCCCfS+ft,0,domain#S-ClientServiceTrust,FALSE
package#ProcessTrust,domain#CP-DFtCCCtS+ff,0,domain#S-ClientServiceTrust,FALSE
package#ProcessTrust,domain#CP-DFuCuS-C-P+u,0,domain#S-SystemClientService,FALSE
package#ProcessTrust,domain#CP-Marker+CredentialSharing-0,0,domain#S-SystemClientService,FALSE
package#ProcessTrust,domain#CP-Marker+CredentialSharing-1,0,domain#S-SystemClientService,FALSE
package#ProcessTrust,domain#CP-Marker+OAuth-0,0,domain#S-ClientServiceTrust,FALSE
package#ProcessTrust,domain#CP-Marker+OAuth-1,0,domain#S-ClientServiceTrust,FALSE
package#ProcessTrust,domain#CP-Marker+ProcessTrust-0,49,domain#S-ClientServiceTrust,FALSE
package#ProcessTrust,domain#CP-Marker+ProcessTrust-1,49,domain#S-ClientServiceTrust,FALSE
package#ProcessTrust,domain#CP-Marker+ProcessTrust-2,49,domain#S-ClientServiceTrust,FALSE
package#ProcessTrust,domain#CP-Marker+ProcessTrust-3,49,domain#S-ClientServiceTrust,FALSE
package#ProcessTrust,domain#CP-Marker+TrustContext-0,0,domain#S-ClientServiceTrust,FALSE
package#ProcessTrust,domain#CP-Marker+TrustContext-1,0,domain#S-ClientServiceTrust,FALSE
package#ProcessTrust,domain#CP-Marker+TrustInDataFlows-0,0,domain#S-ClientServiceTrust,FALSE
package#ProcessTrust,domain#CP-Marker+TrustInDataFlows-1,0,domain#S-ClientServiceTrust,FALSE
package#ProcessTrust,domain#CP-Marker+TrustRelationship-0,0,domain#S-ClientServiceTrust,FALSE
package#ProcessTrust,domain#CP-Marker+TrustRelationship-1,0,domain#S-ClientServiceTrust,FALSE
package#ProcessTrust,domain#CP-Marker+TrustedComms-0,0,domain#S-ClientServiceTrust,FALSE
package#ProcessTrust,domain#CP-Marker+TrustedComms-1,0,domain#S-ClientServiceTrust,FALSE
package#ProcessTrust,domain#CP-PCaFCSCCC+aFC,0,domain#S-ClientServiceTrust,FALSE
package#ProcessTrust,domain#CP-PCaTSSCCC+aTS,0,domain#S-ClientServiceTrust,FALSE
package#ProcessTrust,domain#CP-PccCuS+N,0,domain#S-SystemClientService,FALSE
package#ProcessTrust,domain#CP-PnPnS-U+U,0,domain#S-SystemClientService,FALSE
package#ProcessTrust,domain#CP-SCDS+fV,0,domain#S-ClientServiceTrust,FALSE
package#Theft,domain#CP-CSCLS+ii+PNC,0,domain#S-ReconnectionContexts,FALSE
package#Theft,domain#CP-CSCLS-ii+PNC,0,domain#S-ReconnectionContexts,FALSE
package#Theft,domain#CP-Marker+Reconnection-0,0,domain#S-ReconnectionContexts,FALSE
package#Theft,domain#CP-Marker+Reconnection-1,0,domain#S-ReconnectionContexts,FALSE
package#Users,domain#CP-A+iA,13,domain#S-HumanStatus,FALSE
package#Users,domain#CP-HuaSaE+cA,16,domain#S-HumanMobility,FALSE
package#Users,domain#CP-Marker+HumanMobility-0,16,domain#S-HumanMobility,FALSE
package#Users,domain#CP-Marker+HumanMobility-1,16,domain#S-HumanMobility,FALSE
package#Users,domain#CP-Marker+HumanStatus-0,13,domain#S-HumanStatus,FALSE
package#Users,domain#CP-Marker+HumanStatus-1,13,domain#S-HumanStatus,FALSE
package#Users,domain#CP-Marker+SpaceOperation-0,31,domain#S-SpaceOperation,FALSE
package#Users,domain#CP-Marker+SpaceOperation-1,31,domain#S-SpaceOperation,FALSE
package#Users,domain#CP-Marker+UserMobilityRequirements-0,15,domain#S-HumanMobilityReq,FALSE
package#Users,domain#CP-Marker+UserMobilityRequirements-1,15,domain#S-HumanMobilityReq,FALSE
package#Users,domain#CP-StS-St+c,31,domain#S-SpaceOperation,FALSE
package#Virtualisation,domain#CP-CCSCHC+ch,65,domain#S-VirtualNetworkDependency,FALSE
package#Virtualisation,domain#CP-CCSCVC+ch,65,domain#S-VirtualNetworkDependency,FALSE
package#Virtualisation,domain#CP-DCCVH-LS+LS,10,domain#S-NonLocalNetworks,FALSE
package#Virtualisation,domain#CP-DCVHC+p,2,domain#S-HostCreation,FALSE
package#Virtualisation,domain#CP-DCVHVS-H+p,10,domain#S-NonLocalNetworks,FALSE
package#Virtualisation,domain#CP-EH+iS,6,domain#S-HostClassification,FALSE
package#Virtualisation,domain#CP-H2dPH2+VC,65,domain#S-VirtualNetworkDependency,FALSE
package#Virtualisation,domain#CP-HCLPLSg+t,65,domain#S-VirtualNetworkDependency,FALSE
package#Virtualisation,domain#CP-HCLPvLS+v,65,domain#S-VirtualNetworkDependency,FALSE
package#Virtualisation,domain#CP-HCLSg+vf,65,domain#S-VirtualNetworkDependency,FALSE
package#Virtualisation,domain#CP-HCLSg+vt,65,domain#S-VirtualNetworkDependency,FALSE
package#Virtualisation,domain#CP-HL+iLS,10,domain#S-NonLocalNetworks,FALSE
package#Virtualisation,domain#CP-HVH-a+a,2,domain#S-HostCreation,FALSE
package#Virtualisation,domain#CP-HVHS+VS,10,domain#S-NonLocalNetworks,FALSE
package#Virtualisation,domain#CP-HumHVH-Hu+m,19,domain#S-HostManagement,FALSE
package#Virtualisation,domain#CP-Marker+HostLAN-0,0,domain#S-NonLocalNetworks,FALSE
package#Virtualisation,domain#CP-Marker+HostLAN-1,0,domain#S-NonLocalNetworks,FALSE
package#Virtualisation,domain#CP-Marker+PhysicalHostInference-2,2,domain#S-HostCreation,FALSE
package#Virtualisation,domain#CP-Marker+PhysicalHostInference-3,2,domain#S-HostCreation,FALSE
package#Virtualisation,domain#CP-Marker+VirtualHostCreation-0,2,domain#S-HostCreation,FALSE
package#Virtualisation,domain#CP-Marker+VirtualHostCreation-1,2,domain#S-HostCreation,FALSE
package#Virtualisation,domain#CP-Marker+VirtualHostManagement-0,19,domain#S-HostManagement,FALSE
package#Virtualisation,domain#CP-Marker+VirtualHostManagement-1,19,domain#S-HostManagement,FALSE
package#Virtualisation,domain#CP-Marker+VirtualHostOperation-0,20,domain#S-HostOperation,FALSE
package#Virtualisation,domain#CP-Marker+VirtualHostOperation-1,20,domain#S-HostOperation,FALSE
package#Virtualisation,domain#CP-Marker+VirtualNetworkCreation-0,10,domain#S-NonLocalNetworks,FALSE
package#Virtualisation,domain#CP-Marker+VirtualNetworkCreation-1,10,domain#S-NonLocalNetworks,FALSE
package#Virtualisation,domain#CP-Marker+VirtualNetworkSupport-0,65,domain#S-VirtualNetworkDependency,FALSE
package#Virtualisation,domain#CP-Marker+VirtualNetworkSupport-1,65,domain#S-VirtualNetworkDependency,FALSE
package#Virtualisation,domain#CP-Marker+VirtualStorageServices-0,22,domain#S-SystemProcessCreation,FALSE
package#Virtualisation,domain#CP-Marker+VirtualStorageServices-1,22,domain#S-SystemProcessCreation,FALSE
package#Virtualisation,domain#CP-SC4HVSHC+vHC,65,domain#S-VirtualNetworkDependency,FALSE
package#Virtualisation,domain#CP-SC4HVSVC+vVC,65,domain#S-VirtualNetworkDependency,FALSE
package#Virtualisation,domain#CP-StoHVH-St+m,20,domain#S-HostOperation,FALSE
package#Virtualisation,domain#CP-VCH2LS2PP+HC,65,domain#S-VirtualNetworkDependency,FALSE
package#Virtualisation,domain#CP-VH-LnS+LnS,22,domain#S-SystemProcessCreation,FALSE
package#Virtualisation,domain#CP-VH2H-a+a,2,domain#S-HostCreation,FALSE
package#Virtualisation,domain#CP-VHHsD-HsS-S+S,22,domain#S-SystemProcessCreation,FALSE
package#Virtualisation,domain#CP-VHPH+hPH,2,domain#S-HostCreation,FALSE
package#Virtualisation,domain#CP-VHPhDHS-HsS-S+u,22,domain#S-SystemProcessCreation,FALSE
package#Virtualisation,domain#CP-VSVCHC+v,65,domain#S-VirtualNetworkDependency,FALSE
package#Virtualisation,domain#CP-VSVCHCLS+uPS,65,domain#S-VirtualNetworkDependency,FALSE
