package,URI,blocks
domain#000000,domain#000000,domain#H.E.CScGcCS.9
package#5G,domain#CSG-HostWithMultipleCellNIC,domain#H.E.CScGcCS.9
package#5G,domain#CSG-NetworkEAP-SIM-Client,domain#I.A.GdHRS.6
package#5G,domain#CSG-NetworkEAP-SIM-Client,domain#I.A.GdHRSi.6
package#5G,domain#CSG-NetworkEAP-SIM-Client,domain#I.A.GdHVS.6
package#Application,domain#CSG-AntiMalwareAtHost,domain#H.W.HuHE.3
package#Application,domain#CSG-AntiMalwareAtHost,domain#H.W.HuHWES.3
package#Application,domain#CSG-AntiMalwareAtHost,domain#P.L.HuHE2AC.3
package#Application,domain#CSG-IgnorePhysicalThreatsFromWorld,domain#D.C.HuiPiDCHS.3
package#Application,domain#CSG-IgnorePhysicalThreatsFromWorld,domain#D.C.HuiRACHSPiD.3
package#Application,domain#CSG-PersonalDeviceProtection,domain#D.C.HuiPiDCHS.3
package#Application,domain#CSG-PersonalDeviceProtection,domain#D.C.HuiRACHSPiD.3
package#Application,domain#CSG-SpamFilteringAtMUA,domain#H.W.HuHE.3
package#Application,domain#CSG-SpamFilteringAtMUA,domain#H.W.HuHWES.3
package#Application,domain#CSG-SpamFilteringAtMUA,domain#P.L.HuHE2AC.3
package#Application,domain#CSG-SuspendInfectedProcess,domain#P.J.SHP-iT.7
package#Application,domain#CSG-SuspendInfectedProcess-Implementation-Runtime,domain#P.J.SHP-iT.7
package#Application,domain#CSG-UserSecurityTraining,domain#D.C.HuiPiDCHS.3
package#Application,domain#CSG-UserSecurityTraining,domain#D.C.HuiRACHSPiD.3
package#Application,domain#CSG-UserSecurityTraining,domain#H.W.HuHE.3
package#Application,domain#CSG-UserSecurityTraining,domain#H.W.HuHWES.3
package#Application,domain#CSG-UserSecurityTraining,domain#P.L.HuHE2AC.3
package#Application,domain#CSG-UserWithoutEmail,domain#Hu.E.HuimH-e.9
package#Application,domain#CSG-UserWithoutEmail,domain#Hu.E.HummH-e.9
package#CloudManagement,domain#CSG-AutoSuspendCorruptDataFlow,domain#CC.AuC.DFsXSS.3
package#CloudManagement,domain#CSG-AutoSuspendCorruptDataFlow,domain#DF.Auth.PDFIDADFI.0
package#CloudManagement,domain#CSG-AutoSuspendCorruptDataFlow,domain#DF.Auth.PDFODADFO.0
package#CloudManagement,domain#CSG-AutoSuspendCorruptDataFlow,domain#DF.I.PDFIDADFI.0
package#CloudManagement,domain#CSG-AutoSuspendCorruptDataFlow,domain#DF.I.PDFODADFO.0
package#CloudManagement,domain#CSG-AutoSuspendCorruptDataFlow,domain#DF.W.PDFIDADFI.0
package#CloudManagement,domain#CSG-AutoSuspendCorruptDataFlow,domain#DF.W.PDFODADFO.0
package#CloudManagement,domain#CSG-AutoSuspendCorruptDataFlow,domain#DS.Auth.HPDFDADS.0
package#CloudManagement,domain#CSG-AutoSuspendCorruptDataFlow,domain#DS.I.HPDFDADS.0
package#CloudManagement,domain#CSG-AutoSuspendCorruptDataFlow,domain#DS.W.HPDFDADS.0
package#CloudManagement,domain#CSG-AutoSuspendCorruptDataFlow,domain#P.L.PcDFDI.3
package#CloudManagement,domain#CSG-AutoSuspendCorruptDataFlow,domain#P.U.P-iDFDI.0
package#CloudManagement,domain#CSG-AutoSuspendCorruptDataFlow,domain#P.U.P-iDFDI.3
package#CloudManagement,domain#CSG-AutoSuspendCorruptDataFlow,domain#P.W.HPDFDI.2
package#CloudManagement,domain#CSG-AutoSuspendCorruptDataFlow-Implementation-Runtime,domain#CC.AuC.DFsXSS.3
package#CloudManagement,domain#CSG-AutoSuspendCorruptDataFlow-Implementation-Runtime,domain#DF.Auth.PDFIDADFI.0
package#CloudManagement,domain#CSG-AutoSuspendCorruptDataFlow-Implementation-Runtime,domain#DF.Auth.PDFODADFO.0
package#CloudManagement,domain#CSG-AutoSuspendCorruptDataFlow-Implementation-Runtime,domain#DF.I.PDFIDADFI.0
package#CloudManagement,domain#CSG-AutoSuspendCorruptDataFlow-Implementation-Runtime,domain#DF.I.PDFODADFO.0
package#CloudManagement,domain#CSG-AutoSuspendCorruptDataFlow-Implementation-Runtime,domain#DF.W.PDFIDADFI.0
package#CloudManagement,domain#CSG-AutoSuspendCorruptDataFlow-Implementation-Runtime,domain#DF.W.PDFODADFO.0
package#CloudManagement,domain#CSG-AutoSuspendCorruptDataFlow-Implementation-Runtime,domain#DS.Auth.HPDFDADS.0
package#CloudManagement,domain#CSG-AutoSuspendCorruptDataFlow-Implementation-Runtime,domain#DS.I.HPDFDADS.0
package#CloudManagement,domain#CSG-AutoSuspendCorruptDataFlow-Implementation-Runtime,domain#DS.W.HPDFDADS.0
package#CloudManagement,domain#CSG-AutoSuspendCorruptDataFlow-Implementation-Runtime,domain#P.L.PcDFDI.3
package#CloudManagement,domain#CSG-AutoSuspendCorruptDataFlow-Implementation-Runtime,domain#P.U.P-iDFDI.0
package#CloudManagement,domain#CSG-AutoSuspendCorruptDataFlow-Implementation-Runtime,domain#P.U.P-iDFDI.3
package#CloudManagement,domain#CSG-AutoSuspendCorruptDataFlow-Implementation-Runtime,domain#P.W.HPDFDI.2
package#CloudManagement,domain#CSG-AutoSuspendExcessiveClientAccess,domain#DF.O.CCDS2FC.0
package#CloudManagement,domain#CSG-AutoSuspendExcessiveClientAccess,domain#DF.O.CCDS2TC.0
package#CloudManagement,domain#CSG-AutoSuspendExcessiveClientAccess,domain#P.O.CCDFSFS.0
package#CloudManagement,domain#CSG-AutoSuspendExcessiveClientAccess,domain#P.O.CCDFSTS.0
package#CloudManagement,domain#CSG-AutoSuspendExcessiveClientAccess-Implementation-Runtime,domain#DF.O.CCDS2FC.0
package#CloudManagement,domain#CSG-AutoSuspendExcessiveClientAccess-Implementation-Runtime,domain#DF.O.CCDS2TC.0
package#CloudManagement,domain#CSG-AutoSuspendExcessiveClientAccess-Implementation-Runtime,domain#P.O.CCDFSFS.0
package#CloudManagement,domain#CSG-AutoSuspendExcessiveClientAccess-Implementation-Runtime,domain#P.O.CCDFSTS.0
package#CloudManagement,domain#CSG-AutoSuspendSensitiveDataFlow,domain#DF.C.AC-iDF-VSC.3.2
package#CloudManagement,domain#CSG-AutoSuspendSensitiveDataFlow,domain#DF.C.AC-iDF-VTC.2.6
package#CloudManagement,domain#CSG-AutoSuspendSensitiveDataFlow,domain#DF.C.AC-iDF-VTC.3.6
package#CloudManagement,domain#CSG-AutoSuspendSensitiveDataFlow,domain#DF.C.AC-iDFVTC.2.6
package#CloudManagement,domain#CSG-AutoSuspendSensitiveDataFlow,domain#DF.C.AC-iDFVTC.3.6
package#CloudManagement,domain#CSG-AutoSuspendSensitiveDataFlow-Implementation-Runtime,domain#DF.C.AC-iDF-VSC.3.2
package#CloudManagement,domain#CSG-AutoSuspendSensitiveDataFlow-Implementation-Runtime,domain#DF.C.AC-iDF-VTC.2.6
package#CloudManagement,domain#CSG-AutoSuspendSensitiveDataFlow-Implementation-Runtime,domain#DF.C.AC-iDF-VTC.3.6
package#CloudManagement,domain#CSG-AutoSuspendSensitiveDataFlow-Implementation-Runtime,domain#DF.C.AC-iDFVTC.2.6
package#CloudManagement,domain#CSG-AutoSuspendSensitiveDataFlow-Implementation-Runtime,domain#DF.C.AC-iDFVTC.3.6
package#CloudManagement,domain#CSG-AutoSuspendUnauthenticClientAccess,domain#CC.R.CCCS-i.1
package#CloudManagement,domain#CSG-AutoSuspendUnauthenticClientAccess-Implementation-Runtime,domain#CC.R.CCCS-i.1
package#CloudManagement,domain#CSG-AutoSuspendUntrustworthyClientAccess,domain#CC.AuC.CACSScS.1
package#CloudManagement,domain#CSG-AutoSuspendUntrustworthyClientAccess,domain#CC.AuD.CCCSCCS-i.3
package#CloudManagement,domain#CSG-AutoSuspendUntrustworthyClientAccess,domain#CC.AuP.CCCPCCS-i.3
package#CloudManagement,domain#CSG-AutoSuspendUntrustworthyClientAccess,domain#CC.R.HuStCCCS.1
package#CloudManagement,domain#CSG-AutoSuspendUntrustworthyClientAccess,domain#CC.R.HuoStCCCS.1
package#CloudManagement,domain#CSG-AutoSuspendUntrustworthyClientAccess,domain#DF.Auth.AC-iDF-VCS.3.2
package#CloudManagement,domain#CSG-AutoSuspendUntrustworthyClientAccess,domain#DF.Auth.AC-iDF-VFC.2.6
package#CloudManagement,domain#CSG-AutoSuspendUntrustworthyClientAccess,domain#DF.Auth.AC-iDF-VFC.3.6
package#CloudManagement,domain#CSG-AutoSuspendUntrustworthyClientAccess,domain#DF.Auth.AC-iDFVFC.2.6
package#CloudManagement,domain#CSG-AutoSuspendUntrustworthyClientAccess,domain#DF.Auth.AC-iDFVFC.3.6
package#CloudManagement,domain#CSG-AutoSuspendUntrustworthyClientAccess,domain#DF.C.AC-iDF-VSC.3.2
package#CloudManagement,domain#CSG-AutoSuspendUntrustworthyClientAccess,domain#DF.C.AC-iDF-VTC.2.6
package#CloudManagement,domain#CSG-AutoSuspendUntrustworthyClientAccess,domain#DF.C.AC-iDF-VTC.3.6
package#CloudManagement,domain#CSG-AutoSuspendUntrustworthyClientAccess,domain#DF.C.AC-iDFVTC.2.6
package#CloudManagement,domain#CSG-AutoSuspendUntrustworthyClientAccess,domain#DF.C.AC-iDFVTC.3.6
package#CloudManagement,domain#CSG-AutoSuspendUntrustworthyClientAccess,domain#DF.O.CCDFSFC.3
package#CloudManagement,domain#CSG-AutoSuspendUntrustworthyClientAccess,domain#DF.O.CCDFSTC.3
package#CloudManagement,domain#CSG-AutoSuspendUntrustworthyClientAccess,domain#LS.L.HLSISC.1
package#CloudManagement,domain#CSG-AutoSuspendUntrustworthyClientAccess,domain#P.L.CCCLnSAC.1
package#CloudManagement,domain#CSG-AutoSuspendUntrustworthyClientAccess,domain#P.L.CCCSAC.3
package#CloudManagement,domain#CSG-AutoSuspendUntrustworthyClientAccess-Implementation-Runtime,domain#CC.AuC.CACSScS.1
package#CloudManagement,domain#CSG-AutoSuspendUntrustworthyClientAccess-Implementation-Runtime,domain#CC.AuD.CCCSCCS-i.3
package#CloudManagement,domain#CSG-AutoSuspendUntrustworthyClientAccess-Implementation-Runtime,domain#CC.AuP.CCCPCCS-i.3
package#CloudManagement,domain#CSG-AutoSuspendUntrustworthyClientAccess-Implementation-Runtime,domain#CC.R.HuStCCCS.1
package#CloudManagement,domain#CSG-AutoSuspendUntrustworthyClientAccess-Implementation-Runtime,domain#CC.R.HuoStCCCS.1
package#CloudManagement,domain#CSG-AutoSuspendUntrustworthyClientAccess-Implementation-Runtime,domain#DF.Auth.AC-iDF-VCS.3.2
package#CloudManagement,domain#CSG-AutoSuspendUntrustworthyClientAccess-Implementation-Runtime,domain#DF.Auth.AC-iDF-VFC.2.6
package#CloudManagement,domain#CSG-AutoSuspendUntrustworthyClientAccess-Implementation-Runtime,domain#DF.Auth.AC-iDF-VFC.3.6
package#CloudManagement,domain#CSG-AutoSuspendUntrustworthyClientAccess-Implementation-Runtime,domain#DF.Auth.AC-iDFVFC.2.6
package#CloudManagement,domain#CSG-AutoSuspendUntrustworthyClientAccess-Implementation-Runtime,domain#DF.Auth.AC-iDFVFC.3.6
package#CloudManagement,domain#CSG-AutoSuspendUntrustworthyClientAccess-Implementation-Runtime,domain#DF.C.AC-iDF-VSC.3.2
package#CloudManagement,domain#CSG-AutoSuspendUntrustworthyClientAccess-Implementation-Runtime,domain#DF.C.AC-iDF-VTC.2.6
package#CloudManagement,domain#CSG-AutoSuspendUntrustworthyClientAccess-Implementation-Runtime,domain#DF.C.AC-iDF-VTC.3.6
package#CloudManagement,domain#CSG-AutoSuspendUntrustworthyClientAccess-Implementation-Runtime,domain#DF.C.AC-iDFVTC.2.6
package#CloudManagement,domain#CSG-AutoSuspendUntrustworthyClientAccess-Implementation-Runtime,domain#DF.C.AC-iDFVTC.3.6
package#CloudManagement,domain#CSG-AutoSuspendUntrustworthyClientAccess-Implementation-Runtime,domain#DF.O.CCDFSFC.3
package#CloudManagement,domain#CSG-AutoSuspendUntrustworthyClientAccess-Implementation-Runtime,domain#DF.O.CCDFSTC.3
package#CloudManagement,domain#CSG-AutoSuspendUntrustworthyClientAccess-Implementation-Runtime,domain#LS.L.HLSISC.1
package#CloudManagement,domain#CSG-AutoSuspendUntrustworthyClientAccess-Implementation-Runtime,domain#P.L.CCCLnSAC.1
package#CloudManagement,domain#CSG-AutoSuspendUntrustworthyClientAccess-Implementation-Runtime,domain#P.L.CCCSAC.3
package#DataLifecycle,domain#CSG-DataAccessControl,domain#DS.A.HsACDS.1.3
package#DataLifecycle,domain#CSG-DataAccessControl,domain#DS.Auth.HsACDS-V.1.3
package#DataLifecycle,domain#CSG-DataAccessControl,domain#DS.C.HsACDS-V.1.3
package#DataLifecycle,domain#CSG-DataAccessKey,domain#DF.A.HPDF-VDI.6
package#DataLifecycle,domain#CSG-DataAccessKey,domain#DF.A.HPDODF-V.6.1
package#DataLifecycle,domain#CSG-DataAccessKey,domain#DF.A.HPDS-VDADF.6
package#DataLifecycle,domain#CSG-DataAccessKey,domain#DF.A.HPDSDADF-V.6
package#DataLifecycle,domain#CSG-DataAccessKey,domain#DF.A.PmDFI-kDADFI.6
package#DataLifecycle,domain#CSG-DataAccessKey,domain#DF.A.PmDFIDADFI-k.6
package#DataLifecycle,domain#CSG-DataAccessKey,domain#DF.A.PmDFO-kDADFO.6
package#DataLifecycle,domain#CSG-DataAccessKey,domain#DF.A.PmDFODADFO-k.6
package#DataLifecycle,domain#CSG-DataAccessKey,domain#DS.A.HPDOcDS-V.6
package#DataLifecycle,domain#CSG-DataAccessKey,domain#DS.A.HPmDF-kDAcDS.6
package#DataLifecycle,domain#CSG-DataAccessKey,domain#DS.A.HPmDFDAcDS-k.6
package#DataLifecycle,domain#CSG-DataAccessKey,domain#DS.T.HPDF-VDAuDS.6
package#DataLifecycle,domain#CSG-DataAccessKey,domain#DS.T.HPDFDAuDS-V.6
package#DataLifecycle,domain#CSG-DataAccessKey,domain#DS.T.HPDOuDS-V.6
package#DataLifecycle,domain#CSG-DataAccessKey,domain#P.A.HPuDS-VDI.6
package#DataLifecycle,domain#CSG-DataAccessKey,domain#P.T.HP-uDS-VDI.6
package#DataLifecycle,domain#CSG-DataFlowEncryption,domain#DF.A.PmDFI-kDADFI.6
package#DataLifecycle,domain#CSG-DataFlowEncryption,domain#DF.A.PmDFO-kDADFO.6
package#DataLifecycle,domain#CSG-DataFlowEncryption,domain#DF.Y.PDF-V.8
package#DataLifecycle,domain#CSG-DataFlowEncryptionFromProcess,domain#DF.A.HPDODF-V.6.2
package#DataLifecycle,domain#CSG-DataFlowEncryptionFromProcess,domain#DF.A.HPDS-VDADF.6
package#DataLifecycle,domain#CSG-DataFlowEncryptionToProcess,domain#DS.T.HPDFDAuDS-V.6
package#DataLifecycle,domain#CSG-DataServiceKey,domain#DB.A.DBsDRDF-V.6
package#DataLifecycle,domain#CSG-DataServiceKey,domain#DB.A.HDBsD-V.6
package#DataLifecycle,domain#CSG-DataStorageEncryption,domain#DF.A.HPDSDADF-V.6
package#DataLifecycle,domain#CSG-DataStorageEncryption,domain#DS.A.HPmDF-kDAcDS.6
package#DataLifecycle,domain#CSG-DataStorageEncryption,domain#DS.A.HPsACDOdDS-V.6
package#DataLifecycle,domain#CSG-DataStorageEncryption,domain#DS.C.HPsACr-pDS-V.1
package#DataLifecycle,domain#CSG-DataStorageEncryption,domain#DS.C.HsACDS-V.1.2
package#DataLifecycle,domain#CSG-DataStorageEncryption,domain#DS.C.HsACDS-V.1.3
package#DataLifecycle,domain#CSG-DataStorageEncryption,domain#DS.T.HPDF-VDAuDS.6
package#DataLifecycle,domain#CSG-DataStorageEncryption,domain#DS.Y.HDS-V.8
package#DataLifecycle,domain#CSG-DataStorageIntegrityProtection,domain#DS.Auth.HPsACd-pDS-V.1
package#DataLifecycle,domain#CSG-DataStorageIntegrityProtection,domain#DS.Auth.HsACDS-V.1.2
package#DataLifecycle,domain#CSG-DataStorageIntegrityProtection,domain#DS.Auth.HsACDS-V.1.3
package#DataLifecycle,domain#CSG-DataStorageReplication,domain#DS.A.HPsACDAdDS.1
package#DataLifecycle,domain#CSG-DataStorageReplication,domain#DS.A.HsACDS.1.2
package#DataLifecycle,domain#CSG-DataStorageReplication,domain#DS.A.HsACDS.1.3
package#DataLifecycle,domain#CSG-DisableDataFlow,domain#DF.IS.PDFFA.8
package#DataLifecycle,domain#CSG-EmbeddedHostSecurity,domain#DS.A.PHHDS.3
package#DataLifecycle,domain#CSG-EncryptedDataProcessing,domain#DF.A.HPDF-VDI.6
package#DataLifecycle,domain#CSG-EncryptedDataProcessing,domain#DF.A.HPDODF-V.6.1
package#DataLifecycle,domain#CSG-EncryptedDataProcessing,domain#DS.A.HPDOcDS-V.6
package#DataLifecycle,domain#CSG-EncryptedDataProcessing,domain#DS.Auth.HPsACdpDS-V.1
package#DataLifecycle,domain#CSG-EncryptedDataProcessing,domain#DS.C.HPsACrpDS-V.1
package#DataLifecycle,domain#CSG-EncryptedDataProcessing,domain#DS.T.HPDOuDS-V.6
package#DataLifecycle,domain#CSG-EncryptedDataProcessing,domain#P.A.HPuDS-VDI.6
package#DataLifecycle,domain#CSG-EncryptedDataProcessing,domain#P.T.HP-uDS-VDI.6
package#DataLifecycle,domain#CSG-EncryptedQueryProcessing,domain#DB.A.DBsDRDF-V.6
package#DataLifecycle,domain#CSG-EncryptedQueryProcessing,domain#DB.A.HDBsD-V.6
package#DataLifecycle,domain#CSG-HostEncryption,domain#DS.C.HsACDS-V.1.3
package#DataLifecycle,domain#CSG-IgnorePhysicalThreatsFromWorld,domain#D.C.HuiPv-iD-FCHS.3
package#DataLifecycle,domain#CSG-IgnorePhysicalThreatsFromWorld,domain#D.C.HuiPv-iDFCHS.3
package#DataLifecycle,domain#CSG-IgnorePhysicalThreatsFromWorld,domain#D.C.HuiRACv-iDFCHS.3
package#DataLifecycle,domain#CSG-IgnorePhysicalThreatsFromWorld,domain#DS.A.PHHDS.3
package#DataLifecycle,domain#CSG-ParquetDataEncryption,domain#DB.O.DSPDF-VDB.6.1
package#DataLifecycle,domain#CSG-ParquetDataEncryption,domain#DB.O.DSPDF-VDB.6.2
package#DataLifecycle,domain#CSG-ParquetDataEncryption,domain#DB.O.DSPDFVDB.6.1
package#DataLifecycle,domain#CSG-ParquetDataEncryption,domain#DB.O.DSPDFVDB.6.2
package#DataLifecycle,domain#CSG-ParquetDataEncryption,domain#DB.O.HDBsD-V.6
package#DataLifecycle,domain#CSG-ParquetDataEncryption,domain#DB.O.HDBsDV.6
package#DataLifecycle,domain#CSG-PersonalDeviceProtection,domain#D.C.HuiPv-iD-FCHS.3
package#DataLifecycle,domain#CSG-PersonalDeviceProtection,domain#D.C.HuiPv-iDFCHS.3
package#DataLifecycle,domain#CSG-PersonalDeviceProtection,domain#D.C.HuiRACv-iDFCHS.3
package#DataLifecycle,domain#CSG-PersonalDeviceProtection,domain#DS.A.PHHDS.3
package#DataLifecycle,domain#CSG-PersonalDeviceSecurity,domain#DS.A.PHHDS.3
package#DataLifecycle,domain#CSG-SharedKeyManagement,domain#DF.A.CSDF-VdDA2.6
package#DataLifecycle,domain#CSG-SharedKeyManagement,domain#P.A.PcPuDS-V.6
package#DataLifecycle,domain#CSG-SharedKeyManagement,domain#P.T.PcPr-uDS-V.6
package#DataLifecycle,domain#CSG-SpamFilteringAtMUA,domain#DF.Auth.HuWEDF.3
package#DataLifecycle,domain#CSG-SpamFilteringAtMUA,domain#DF.Auth.HuWESDF.3
package#DataLifecycle,domain#CSG-StaticSystemData,domain#D.E.D+DS-cP-iHu.9
package#DataLifecycle,domain#CSG-SuspendCorruptDataFlow,domain#DF.Auth.PDFIDADFI.0
package#DataLifecycle,domain#CSG-SuspendCorruptDataFlow,domain#DF.Auth.PDFODADFO.0
package#DataLifecycle,domain#CSG-SuspendCorruptDataFlow,domain#DF.I.PDFIDADFI.0
package#DataLifecycle,domain#CSG-SuspendCorruptDataFlow,domain#DF.I.PDFODADFO.0
package#DataLifecycle,domain#CSG-SuspendCorruptDataFlow,domain#DF.W.PDFIDADFI.0
package#DataLifecycle,domain#CSG-SuspendCorruptDataFlow,domain#DF.W.PDFODADFO.0
package#DataLifecycle,domain#CSG-SuspendCorruptDataFlow,domain#DS.Auth.HPDFDADS.0
package#DataLifecycle,domain#CSG-SuspendCorruptDataFlow,domain#DS.I.HPDFDADS.0
package#DataLifecycle,domain#CSG-SuspendCorruptDataFlow,domain#DS.W.HPDFDADS.0
package#DataLifecycle,domain#CSG-SuspendCorruptDataFlow,domain#P.L.PcDFDI.3
package#DataLifecycle,domain#CSG-SuspendCorruptDataFlow,domain#P.U.P-iDFDI.0
package#DataLifecycle,domain#CSG-SuspendCorruptDataFlow,domain#P.U.P-iDFDI.3
package#DataLifecycle,domain#CSG-SuspendCorruptDataFlow-Implementation-Runtime,domain#DF.Auth.PDFIDADFI.0
package#DataLifecycle,domain#CSG-SuspendCorruptDataFlow-Implementation-Runtime,domain#DF.Auth.PDFODADFO.0
package#DataLifecycle,domain#CSG-SuspendCorruptDataFlow-Implementation-Runtime,domain#DF.I.PDFIDADFI.0
package#DataLifecycle,domain#CSG-SuspendCorruptDataFlow-Implementation-Runtime,domain#DF.I.PDFODADFO.0
package#DataLifecycle,domain#CSG-SuspendCorruptDataFlow-Implementation-Runtime,domain#DF.W.PDFIDADFI.0
package#DataLifecycle,domain#CSG-SuspendCorruptDataFlow-Implementation-Runtime,domain#DF.W.PDFODADFO.0
package#DataLifecycle,domain#CSG-SuspendCorruptDataFlow-Implementation-Runtime,domain#DS.Auth.HPDFDADS.0
package#DataLifecycle,domain#CSG-SuspendCorruptDataFlow-Implementation-Runtime,domain#DS.I.HPDFDADS.0
package#DataLifecycle,domain#CSG-SuspendCorruptDataFlow-Implementation-Runtime,domain#DS.W.HPDFDADS.0
package#DataLifecycle,domain#CSG-SuspendCorruptDataFlow-Implementation-Runtime,domain#P.L.PcDFDI.3
package#DataLifecycle,domain#CSG-SuspendCorruptDataFlow-Implementation-Runtime,domain#P.U.P-iDFDI.0
package#DataLifecycle,domain#CSG-SuspendCorruptDataFlow-Implementation-Runtime,domain#P.U.P-iDFDI.3
package#DataLifecycle,domain#CSG-SuspendInfectedHost,domain#DS.A.HDS.7
package#DataLifecycle,domain#CSG-SuspendInfectedHost-Implementation-Runtime,domain#DS.A.HDS.7
package#DataLifecycle,domain#CSG-SuspendInfectedProcess,domain#DF.W.HPDADF.7
package#DataLifecycle,domain#CSG-SuspendInfectedProcess,domain#DS.A.HPsACDAdDS.7
package#DataLifecycle,domain#CSG-SuspendInfectedProcess,domain#DS.W.HPsACDAdDS.7
package#DataLifecycle,domain#CSG-SuspendInfectedProcess-Implementation-Runtime,domain#DF.W.HPDADF.7
package#DataLifecycle,domain#CSG-SuspendInfectedProcess-Implementation-Runtime,domain#DS.A.HPsACDAdDS.7
package#DataLifecycle,domain#CSG-SuspendInfectedProcess-Implementation-Runtime,domain#DS.W.HPsACDAdDS.7
package#DataLifecycle,domain#CSG-UserSecurityTraining,domain#D.C.HuiPv-iD-FCHS.3
package#DataLifecycle,domain#CSG-UserSecurityTraining,domain#D.C.HuiPv-iDFCHS.3
package#DataLifecycle,domain#CSG-UserSecurityTraining,domain#D.C.HuiRACv-iDFCHS.3
package#DataLifecycle,domain#CSG-UserSecurityTraining,domain#DF.Auth.HuWEDF.3
package#DataLifecycle,domain#CSG-UserSecurityTraining,domain#DF.Auth.HuWESDF.3
package#DataLifecycle,domain#CSG-UserSecurityTraining,domain#DF.Auth.HuWSMSDF.3
package#GDPR,domain#CSG-DataFlowEncryptionToProcess,domain#D.GDPR.DSHuoO.1
package#GDPR,domain#CSG-GDPR-Art6-1-a,domain#P.GDPR.HuDPS-io.6
package#GDPR,domain#CSG-GDPR-Art6-1-a,domain#P.GDPR.HuDoPS-o.6
package#GDPR,domain#CSG-GDPR-Art6-1-a-p,domain#P.GDPR.HuDPoS-i.6
package#GDPR,domain#CSG-GDPR-Art6-1-bcef,domain#P.GDPR.HuDPS-io.6
package#GDPR,domain#CSG-GDPR-Art6-1-d,domain#P.GDPR.HuDPS-io.6
package#GDPR,domain#CSG-GDPR-Art6-1-d-p,domain#P.GDPR.HuDPoS-i.6
package#GDPR,domain#CSG-GDPR-Art8-2,domain#P.GDPR.Hu-aDPS-io.8
package#GDPR,domain#CSG-GDPR-Art8-2,domain#P.GDPR.Hu-aDPoS-i.8
package#GDPR,domain#CSG-GDPR-Art8-2,domain#P.GDPR.Hu-aDoPS-o.8
package#GDPR,domain#CSG-GDPR-Art9-2-c,domain#P.GDPR.HuSDPS-io.9
package#GDPR,domain#CSG-GDPR-Art9-2-c-p,domain#P.GDPR.HuSDPoS-i.9
package#GDPR,domain#CSG-GDPRAtJurisdiction,domain#H.GDPR.HuDSHoJoSt.1
package#GDPR,domain#CSG-GDPRAtJurisdiction,domain#P.GDPR.HuDPoJoSt.1
package#GDPR,domain#CSG-GDPRAtRemoteJurisdiction,domain#D.GDPR.DFHuoO.1
package#GDPR,domain#CSG-GDPRAtRemoteJurisdiction,domain#D.GDPR.DSHuoO.1
package#GDPR,domain#CSG-GDPRDataFlowGovernance,domain#D.GDPR.NDFHuoO.1
package#GDPR,domain#CSG-GDPRPrivacyShieldAtOrganisation,domain#D.GDPR.DFHuoO.1
package#GDPR,domain#CSG-GDPRPrivacyShieldAtOrganisation,domain#D.GDPR.DSHuoO.1
package#GDPR,domain#CSG-GDPRPrivacyShieldAtOrganisation,domain#H.GDPR.HuDSHoJoSt.1
package#GDPR,domain#CSG-GDPRPrivacyShieldAtOrganisation,domain#P.GDPR.HuDPoJoSt.1
package#GDPR,domain#CSG-GDPRSuspendDataFlow,domain#D.GDPR.DFHuoO.1
package#GDPR,domain#CSG-GDPRSuspendDataFlow,domain#D.GDPR.NDFHuoO.1
package#GDPR,domain#CSG-GDPRSuspendDataFlow-Implementation-Runtime,domain#D.GDPR.DFHuoO.1
package#GDPR,domain#CSG-GDPRSuspendDataFlow-Implementation-Runtime,domain#D.GDPR.NDFHuoO.1
package#IoT,domain#CSG-ImpersonalData,domain#D.E.D-Hu-Th.9
package#IoT,domain#CSG-ImpersonalThing,domain#Th.E.IoT-Hu.9
package#IoT,domain#CSG-InferredControlData,domain#Co.E.Co-cD-cD.9
package#IoT,domain#CSG-InferredControlData,domain#Se.E.Se-cD-cD.9
package#IoT,domain#CSG-InferredSensedData,domain#Se.E.Se-sD-sD.9
package#IoT,domain#CSG-NonRealtimeSensor,domain#DF.I.DScSePDmFF.0.2
package#IoT,domain#CSG-SafeIoTControlMode,domain#Co.U.CoPDS.0.2
package#IoT,domain#CSG-SafeIoTControlMode-Implementation-Runtime,domain#Co.U.CoPDS.0.2
package#IoT,domain#CSG-SafeIoTController,domain#Co.U.CoPDS.0.2
package#IoT,domain#CSG-SuspendUnreliableController,domain#Co.U.CoPDS.0.1
package#IoT,domain#CSG-SuspendUnreliableController-Implementation-Runtime,domain#Co.U.CoPDS.0.1
package#LocalDeviceConnectivity,domain#CSG-AntiMalwareAtHost,domain#H.W.HL1H.3
package#LocalDeviceConnectivity,domain#CSG-DisableMeshRouting,domain#Sg.TA.L1SSg2.8
package#LocalDeviceConnectivity,domain#CSG-DisableTethering,domain#Sg.TA.LTethSg2.8
package#LocalDeviceConnectivity,domain#CSG-IgnorePhysicalThreatsFromWorld,domain#H.J.UHS.3
package#LocalDeviceConnectivity,domain#CSG-IgnorePhysicalThreatsFromWorld,domain#H.W.UHS.3
package#LocalDeviceConnectivity,domain#CSG-IgnorePhysicalThreatsFromWorld,domain#I.Auth.HBISG.3
package#LocalDeviceConnectivity,domain#CSG-IgnorePhysicalThreatsFromWorld,domain#I.Auth.HBImSG.6
package#LocalDeviceConnectivity,domain#CSG-IgnorePhysicalThreatsFromWorld,domain#I.Auth.HUISG.3
package#LocalDeviceConnectivity,domain#CSG-PersonalDeviceOversight,domain#I.Auth.HUISG.3
package#LocalDeviceConnectivity,domain#CSG-PersonalDeviceProtection,domain#H.J.UHS.3
package#LocalDeviceConnectivity,domain#CSG-PersonalDeviceProtection,domain#H.W.UHS.3
package#LocalDeviceConnectivity,domain#CSG-SecureBIOSatHost,domain#H.J.UHS.3
package#LocalDeviceConnectivity,domain#CSG-SecureBIOSatHost,domain#H.W.UHS.3
package#LocalDeviceConnectivity,domain#CSG-SecureHostConfig,domain#H.W.HL1H.3
package#LocalDeviceConnectivity,domain#CSG-SimpleSecurePairing-Full,domain#I.Auth.HBISG.3
package#LocalDeviceConnectivity,domain#CSG-SimpleSecurePairing-Full,domain#I.Auth.HBImSG.6
package#LocalDeviceConnectivity,domain#CSG-SimpleSecurePairing-Local,domain#I.Auth.HBISG.3
package#LocalDeviceConnectivity,domain#CSG-SimpleSecurePairing-Remote,domain#I.Auth.HBISG.3
package#Network,domain#CSG-AccountLockingAtHost,domain#H.M.HumCHS-iP.3.2
package#Network,domain#CSG-AccountLockingAtHost,domain#P.L.HuiPCHS-iP.3.2
package#Network,domain#CSG-AutomaticScreenLock,domain#P.L.HuiPCHS-iP.3.3
package#Network,domain#CSG-BiometricAccessControlAtHost,domain#H.M.CHS.3.1
package#Network,domain#CSG-BiometricAccessControlAtHost,domain#H.M.HumCHS-iP.3.2
package#Network,domain#CSG-BiometricAccessControlAtHost,domain#P.L.HuiPCHS-iP.3.2
package#Network,domain#CSG-BiometricAccessControlAtHost,domain#P.L.HuiPCHS.3.1
package#Network,domain#CSG-BiometricIDCheckedAtHost,domain#P.A.HuiHP.6
package#Network,domain#CSG-BiometricIDCheckedAtSpace,domain#P.A.HuiHPSP.6
package#Network,domain#CSG-BugFixingAtHost,domain#H.A.H.5
package#Network,domain#CSG-BugFixingAtHost,domain#H.U.H.5
package#Network,domain#CSG-BugFixingAtHost,domain#P.A.HP-iT.5
package#Network,domain#CSG-BugFixingAtHost,domain#P.O.HP-iT.5
package#Network,domain#CSG-BugFixingAtHost,domain#P.U.HP-iT.5
package#Network,domain#CSG-BugFixingAtHost-Implementation,domain#H.A.H.5
package#Network,domain#CSG-BugFixingAtHost-Implementation,domain#H.U.H.5
package#Network,domain#CSG-BugFixingAtHost-Implementation,domain#P.A.HP-iT.5
package#Network,domain#CSG-BugFixingAtHost-Implementation,domain#P.O.HP-iT.5
package#Network,domain#CSG-BugFixingAtHost-Implementation,domain#P.U.HP-iT.5
package#Network,domain#CSG-ChipAndPinAccessControlAtHost,domain#H.M.CHS.3.1
package#Network,domain#CSG-ChipAndPinAccessControlAtHost,domain#H.M.HumCHS-iP.3.2
package#Network,domain#CSG-ChipAndPinAccessControlAtHost,domain#P.L.HuiPCHS-iP.3.2
package#Network,domain#CSG-ChipAndPinAccessControlAtHost,domain#P.L.HuiPCHS.3.1
package#Network,domain#CSG-ChipAndPinCardAccessToHost,domain#P.A.HuiHP.6
package#Network,domain#CSG-ChipAndPinCardAccessToSpace,domain#P.A.HuiHPSP.6
package#Network,domain#CSG-ContinuousUserAuthentication,domain#P.L.SHACPmAC.1
package#Network,domain#CSG-ContinuouslyObservedHost,domain#H.J.PHS-iC.3
package#Network,domain#CSG-DeprioritisedProcess-Runtime,domain#H.O.HP-iT.0
package#Network,domain#CSG-DisableGatewayHost-Runtime,domain#LS.IS.HprLSAC.1
package#Network,domain#CSG-DisableHost-Runtime,domain#H.IS.PH.8
package#Network,domain#CSG-DisableLocalSubnet,domain#LS.L.HprL23SAS-P.1
package#Network,domain#CSG-DisableProcess-Runtime,domain#P.IS.HP.8
package#Network,domain#CSG-DisableSubnet,domain#LS.IS.HprLS.8
package#Network,domain#CSG-DisableSubnet,domain#LS.L.HprL23S-AP.3
package#Network,domain#CSG-EmbeddedHostSecurity,domain#H.J.PHS-iC.3
package#Network,domain#CSG-FormalDeviceVerification,domain#H.E-D.H.8
package#Network,domain#CSG-FormalProcessVerification,domain#P.E-D.HP.8
package#Network,domain#CSG-HostCertification,domain#H.E-D.H.8
package#Network,domain#CSG-HostManagerScreening,domain#H.M.HumHoSt.1
package#Network,domain#CSG-IgnoreManagementOfHost,domain#H.E.SH-mHu.9
package#Network,domain#CSG-IgnorePhysicalThreatsFromWorld,domain#H.J.PHS-iC.3
package#Network,domain#CSG-IgnorePhysicalThreatsFromWorld,domain#H.A.PHS.3
package#Network,domain#CSG-IgnorePhysicalThreatsFromWorld,domain#H.E.WmPH.9
package#Network,domain#CSG-IgnorePhysicalThreatsFromWorld,domain#H.IS.PHS-iP.1
package#Network,domain#CSG-IgnorePhysicalThreatsFromWorld,domain#H.L.CHS-iP.3.1
package#Network,domain#CSG-IgnorePhysicalThreatsFromWorld,domain#H.M.CHS.3.1
package#Network,domain#CSG-IgnorePhysicalThreatsFromWorld,domain#H.M.HumCHS-iP.3.2
package#Network,domain#CSG-IgnorePhysicalThreatsFromWorld,domain#LS.AX.LSaS.3
package#Network,domain#CSG-IgnorePhysicalThreatsFromWorld,domain#P.L.HuiPCHS-iP.3.2
package#Network,domain#CSG-IgnorePhysicalThreatsFromWorld,domain#P.L.HuiPCHS-iP.3.3
package#Network,domain#CSG-IgnorePhysicalThreatsFromWorld,domain#P.L.HuiPCHS.3.1
package#Network,domain#CSG-IncludePhysicalThreatsFromWorld,domain#H.E.WmPH.9
package#Network,domain#CSG-IndependentGatewayHosts,domain#LS.A.HprLSAC.1.2
package#Network,domain#CSG-IndependentHosts,domain#H.A.HsAC.1.2
package#Network,domain#CSG-IndependentHosts,domain#P.A.HP-iT.1.3
package#Network,domain#CSG-IndependentHosts,domain#P.A.HsACP.1.2
package#Network,domain#CSG-ManagerHostFaultRecovery,domain#H.A.H.5
package#Network,domain#CSG-ManagerHostFaultRecovery,domain#H.U.H.5
package#Network,domain#CSG-ManagerHostFaultRecovery-Implementation-Runtime,domain#H.A.H.5
package#Network,domain#CSG-ManagerHostFaultRecovery-Implementation-Runtime,domain#H.U.H.5
package#Network,domain#CSG-ManagerProcessFaultRecovery,domain#P.A.HP-iT.5
package#Network,domain#CSG-ManagerProcessFaultRecovery,domain#P.O.HP-iT.5
package#Network,domain#CSG-ManagerProcessFaultRecovery,domain#P.U.HP-iT.5
package#Network,domain#CSG-ManagerProcessFaultRecovery-Implementation-Runtime,domain#P.A.HP-iT.5
package#Network,domain#CSG-ManagerProcessFaultRecovery-Implementation-Runtime,domain#P.O.HP-iT.5
package#Network,domain#CSG-ManagerProcessFaultRecovery-Implementation-Runtime,domain#P.U.HP-iT.5
package#Network,domain#CSG-NetworkEAP-AAA,domain#LS.L.HprL23S-AP.3
package#Network,domain#CSG-NetworkEAP-AAA,domain#LS.L.HprL23SAS-P.1
package#Network,domain#CSG-NetworkEAP-AAA,domain#LS.L.L23S-AHP.1
package#Network,domain#CSG-NetworkEAP-AAA,domain#LS.L.L23SAS-HP.1
package#Network,domain#CSG-NetworkEAP-PSK,domain#LS.L.HprL23S-AP.3
package#Network,domain#CSG-NetworkEAP-TLS,domain#LS.L.HprL23S-AP.3
package#Network,domain#CSG-NetworkEAP-TLS,domain#LS.L.HprL23SAS-P.1
package#Network,domain#CSG-PasswordChecksAtHost,domain#H.M.CHS.3.1
package#Network,domain#CSG-PasswordChecksAtHost,domain#P.L.HuiPCHS.3.1
package#Network,domain#CSG-PatchingAtHost,domain#H.E-D.H.8
package#Network,domain#CSG-PatchingAtProcess,domain#P.E-D.HP.8
package#Network,domain#CSG-PenTestingOfHost,domain#H.E-D.H.8
package#Network,domain#CSG-PenTestingOfProcess,domain#P.E-D.HP.8
package#Network,domain#CSG-PersonalDeviceOversight,domain#H.J.PHS-iC.3
package#Network,domain#CSG-PersonalDeviceOversight,domain#P.L.HuiPCHS-iP.3.2
package#Network,domain#CSG-PersonalDeviceOversight,domain#P.L.HuiPCHS-iP.3.3
package#Network,domain#CSG-PersonalDeviceProtection,domain#H.A.PHS.3
package#Network,domain#CSG-PersonalDeviceProtection,domain#H.IS.PHS-iP.1
package#Network,domain#CSG-PersonalDeviceProtection,domain#H.M.CHS.3.1
package#Network,domain#CSG-PersonalDeviceProtection,domain#P.L.HuiPCHS.3.1
package#Network,domain#CSG-PersonalDeviceSecurity,domain#H.A.PHS.3
package#Network,domain#CSG-PersonalDeviceSecurity,domain#H.IS.PHS-iP.1
package#Network,domain#CSG-PhysicalChecksOnHost,domain#H.J.PHS-iC.3
package#Network,domain#CSG-PhysicalChecksOnHost,domain#H.A.PHS.3
package#Network,domain#CSG-PhysicalChecksOnHost,domain#H.IS.PHS-iP.1
package#Network,domain#CSG-PhysicalChecksOnHost-Implementation-Runtime,domain#H.J.PHS-iC.3
package#Network,domain#CSG-PhysicalChecksOnHost-Implementation-Runtime,domain#H.A.PHS.3
package#Network,domain#CSG-PhysicalChecksOnHost-Implementation-Runtime,domain#H.IS.PHS-iP.1
package#Network,domain#CSG-PhysicalIDCheckedAtSpace,domain#P.A.HuiHPSP.6
package#Network,domain#CSG-PhysicalKeyToSpace,domain#P.A.HuiHPSP.6
package#Network,domain#CSG-PhysicalPatrolsInSpace,domain#H.M.HumCHS-iP.3.2
package#Network,domain#CSG-PhysicalPatrolsInSpace,domain#P.L.HuiPCHS-iP.3.2
package#Network,domain#CSG-ProcessCertification,domain#P.E-D.HP.8
package#Network,domain#CSG-SecureHostConfig,domain#H.L.CHS-iP.3.1
package#Network,domain#CSG-SecureProcessExecution,domain#P.L.SHACPmAC.1
package#Network,domain#CSG-SoftwareTestingOfHost,domain#H.A.H.5
package#Network,domain#CSG-SoftwareTestingOfHost,domain#H.U.H.5
package#Network,domain#CSG-SoftwareTestingOfProcess,domain#P.A.HP-iT.5
package#Network,domain#CSG-SoftwareTestingOfProcess,domain#P.O.HP-iT.5
package#Network,domain#CSG-SoftwareTestingOfProcess,domain#P.U.HP-iT.5
package#Network,domain#CSG-SoftwareUpdatingAtHost,domain#H.E-D.H.8
package#Network,domain#CSG-SoftwareUpdatingAtHost,domain#P.E-D.HP.8
package#Network,domain#CSG-StaffScreening,domain#H.L.HuiHoSt.1
package#Network,domain#CSG-StaffScreening,domain#P.L.HuiPoSt.1
package#Network,domain#CSG-UserPasswordAccessToHost,domain#P.A.HuiHP.6
package#Network,domain#CSG-UserSecurityTraining,domain#H.M.HumCHS-iP.3.2
package#Network,domain#CSG-UserSecurityTraining,domain#P.L.HuiPCHS-iP.3.2
package#Network,domain#CSG-UserSecurityTraining,domain#P.L.HuiPCHS-iP.3.3
package#NetworkConnectivity,domain#CSG-BWManagementAtInterface,domain#I.M.I.8
package#NetworkConnectivity,domain#CSG-BWManagementAtInterface,domain#I.O.HIoH.3.1
package#NetworkConnectivity,domain#CSG-BWManagementAtInterface,domain#I.O.IoH.3
package#NetworkConnectivity,domain#CSG-BWManagementAtInterface,domain#I.O.RoH.3
package#NetworkConnectivity,domain#CSG-BlockGatewayRoute,domain#Sg.DA.L3SSg2-b.8
package#NetworkConnectivity,domain#CSG-BlockInterface,domain#I.DA.I.8
package#NetworkConnectivity,domain#CSG-ContinuouslyObservedGateway,domain#I.Auth.HWSGSoS.3
package#NetworkConnectivity,domain#CSG-ContinuouslyObservedHost,domain#I.Auth.HSWSoGS.3
package#NetworkConnectivity,domain#CSG-DisableNetworkConnection,domain#I.IS.I.8
package#NetworkConnectivity,domain#CSG-FilterDosAtInterface,domain#I.M.I.8
package#NetworkConnectivity,domain#CSG-FilterDosAtInterface,domain#I.O.DDoH.3
package#NetworkConnectivity,domain#CSG-FilterDosAtInterface,domain#I.O.HIoH.3.2
package#NetworkConnectivity,domain#CSG-HostWithMultipleWiFiNIC,domain#H.E.RScGcRS.9
package#NetworkConnectivity,domain#CSG-HostWithMultipleWiredNIC,domain#H.E.WScMcWS.9
package#NetworkConnectivity,domain#CSG-IgnorePhysicalThreatsFromWorld,domain#I.Auth.HRSGSoS.3
package#NetworkConnectivity,domain#CSG-IgnorePhysicalThreatsFromWorld,domain#I.Auth.HSRSoGS.3
package#NetworkConnectivity,domain#CSG-IgnorePhysicalThreatsFromWorld,domain#I.Auth.HSWSoGS.3
package#NetworkConnectivity,domain#CSG-IgnorePhysicalThreatsFromWorld,domain#I.Auth.HWSGSoS.3
package#NetworkConnectivity,domain#CSG-IgnorePhysicalThreatsFromWorld,domain#LS.C.WiFiSSoH.3
package#NetworkConnectivity,domain#CSG-NetworkAuthN-PSK,domain#I.Auth.HRSGSoS.3
package#NetworkConnectivity,domain#CSG-NetworkAuthN-PSK-Optional,domain#I.Auth.HSRSoGS.3
package#NetworkConnectivity,domain#CSG-NetworkAuthN-X509,domain#I.Auth.HRSGSoS.3
package#NetworkConnectivity,domain#CSG-NetworkAuthN-X509-Optional,domain#I.Auth.HSRSoGS.3
package#NetworkConnectivity,domain#CSG-NetworkEAP-PSK-Client,domain#I.A.GdHRS.6
package#NetworkConnectivity,domain#CSG-NetworkEAP-PSK-Client,domain#I.A.GdHRSi.6
package#NetworkConnectivity,domain#CSG-NetworkEAP-PSK-Client,domain#I.A.GdHWS.6
package#NetworkConnectivity,domain#CSG-NetworkEAP-TLS-Client,domain#I.A.GdHRS.6
package#NetworkConnectivity,domain#CSG-NetworkEAP-TLS-Client,domain#I.A.GdHRSi.6
package#NetworkConnectivity,domain#CSG-NetworkEAP-TLS-Client,domain#I.A.GdHWS.6
package#NetworkConnectivity,domain#CSG-PersonalDeviceOversight,domain#I.Auth.HSWSoGS.3
package#NetworkConnectivity,domain#CSG-PhysicalChecksOnGateway,domain#I.Auth.HWSGSoS.3
package#NetworkConnectivity,domain#CSG-PhysicalChecksOnGateway-Implementation-Runtime,domain#I.Auth.HWSGSoS.3
package#NetworkConnectivity,domain#CSG-PhysicalChecksOnHost,domain#I.Auth.HSWSoGS.3
package#NetworkConnectivity,domain#CSG-PhysicalChecksOnHost-Implementation-Runtime,domain#I.Auth.HSWSoGS.3
package#NetworkConnectivity,domain#CSG-RadioSubnetEncryption,domain#LS.C.WiFiSSoH.3
package#NetworkConnectivity,domain#CSG-SecureHostConfig,domain#H.L.IoH.3
package#NetworkConnectivity,domain#CSG-SecureHostConfig,domain#H.L.NoH.3
package#NetworkConnectivity,domain#CSG-SecureHostConfig,domain#H.M.IoH.3
package#NetworkConnectivity,domain#CSG-SecureHostConfig,domain#H.M.NoH.3
package#Physical,domain#CSG-BiometricAccessControlAtSpace,domain#S.L.PSS.3
package#Physical,domain#CSG-ChipAndPinAccessControlAtSpace,domain#S.L.PSS.3
package#Physical,domain#CSG-ContinuouslyOccupiedSpace,domain#S.L.PSS.3
package#Physical,domain#CSG-IgnorePhysicalIntrusionInSpace,domain#S.L.PSS.3
package#Physical,domain#CSG-PhysicalIDChecksAtSpace,domain#S.L.PSS.3
package#Physical,domain#CSG-PhysicalLocksAtSpace,domain#S.L.PSS.3
package#ProcessComms,domain#CSG-ClientAddressWhitelisting,domain#P.L.OSAPNaS.3
package#ProcessComms,domain#CSG-DisablePortForwarding-Runtime,domain#Sg.TA.L3SSg2+b.8.2
package#ProcessComms,domain#CSG-DisablePortForwarding-Runtime,domain#Sg.TA.L3SSg2-b.8.2
package#ProcessComms,domain#CSG-DisableServiceAccess-Runtime,domain#I.TA.I.8.2
package#ProcessComms,domain#CSG-DisableServiceChannel,domain#SC.IS.SCmSg.8.1
package#ProcessComms,domain#CSG-DisableServiceChannel,domain#SC.IS.SCpSg.8.1
package#ProcessComms,domain#CSG-DisableServiceChannel-Runtime,domain#P.L.CSAPNaS.3
package#ProcessComms,domain#CSG-DisableServiceChannel-Runtime,domain#P.L.OSAPNaS.3
package#ProcessComms,domain#CSG-FilterDosAtInterface,domain#P.O.DDoS.3
package#ProcessTrust,domain#CSG-AccountLockingAtService,domain#CC.AuC.HumCCC-nS.3
package#ProcessTrust,domain#CSG-AntiMalwareAtHost,domain#P.L.HuHW2ACE.3
package#ProcessTrust,domain#CSG-ClientAddressWhitelisting,domain#CC.AuA.OCAPNaS.1
package#ProcessTrust,domain#CSG-ClientContinuousAuthentication,domain#CC.R.CACvsCCS.1
package#ProcessTrust,domain#CSG-ClientContinuousAuthentication,domain#CC.R.CCCS-i.1
package#ProcessTrust,domain#CSG-ClientOneTimeKeyAccess,domain#CC.AX.CCC-nS.6.1.3
package#ProcessTrust,domain#CSG-ClientOneTimeKeyAuthentication,domain#CC.AuC.CCC-nS-i.1
package#ProcessTrust,domain#CSG-ClientOneTimeKeyAuthentication,domain#CC.AuC.CCC-nS.3.2
package#ProcessTrust,domain#CSG-ClientOneTimeKeyAuthentication,domain#CC.AuC.CCC-nS.3.3
package#ProcessTrust,domain#CSG-ClientOneTimeKeyAuthentication,domain#CC.AuC.CCCvsCC-nS.1
package#ProcessTrust,domain#CSG-ClientOneTimeKeyAuthentication,domain#CC.AuC.HuDFTCS.3
package#ProcessTrust,domain#CSG-ClientOneTimeKeyAuthentication,domain#CC.AuC.HuDSTCS.3
package#ProcessTrust,domain#CSG-ClientOneTimeKeyAuthentication,domain#CC.AuC.HuiHCCC-nS.3.3
package#ProcessTrust,domain#CSG-ClientOneTimeKeyAuthentication,domain#CC.AuC.HuiHrCCC-nS.3.3
package#ProcessTrust,domain#CSG-ClientOneTimeKeyAuthentication,domain#CC.AuC.HumCCC-nS.3
package#ProcessTrust,domain#CSG-ClientOutOfBandKeyAccess,domain#CC.AX.CCC-nS.6.1.3
package#ProcessTrust,domain#CSG-ClientOutOfBandKeyAuthentication,domain#CC.AuC.CCC-nS-i.1
package#ProcessTrust,domain#CSG-ClientOutOfBandKeyAuthentication,domain#CC.AuC.CCC-nS.3.2
package#ProcessTrust,domain#CSG-ClientOutOfBandKeyAuthentication,domain#CC.AuC.CCC-nS.3.3
package#ProcessTrust,domain#CSG-ClientOutOfBandKeyAuthentication,domain#CC.AuC.CCCvsCC-nS.1
package#ProcessTrust,domain#CSG-ClientOutOfBandKeyAuthentication,domain#CC.AuC.HuDFTCS.3
package#ProcessTrust,domain#CSG-ClientOutOfBandKeyAuthentication,domain#CC.AuC.HuDSTCS.3
package#ProcessTrust,domain#CSG-ClientOutOfBandKeyAuthentication,domain#CC.AuC.HuiHCCC-nS.3.3
package#ProcessTrust,domain#CSG-ClientOutOfBandKeyAuthentication,domain#CC.AuC.HuiHrCCC-nS.3.3
package#ProcessTrust,domain#CSG-ClientOutOfBandKeyAuthentication,domain#CC.AuC.HumCCC-nS.3
package#ProcessTrust,domain#CSG-ClientPasswordAccess,domain#CC.AX.CCC-nS.6.1.1
package#ProcessTrust,domain#CSG-ClientPasswordAccess,domain#CC.AX.HuCCC-nS.6.1.2
package#ProcessTrust,domain#CSG-ClientPasswordAuthentication,domain#CC.AuC.CCC-nS-i.1
package#ProcessTrust,domain#CSG-ClientPasswordAuthentication,domain#CC.AuC.CCCvsCC-nS.1
package#ProcessTrust,domain#CSG-ClientServiceTLS,domain#CC.C.CCCSCSoAC.3
package#ProcessTrust,domain#CSG-ClientStoredPasswordAccess,domain#CC.AX.HuCCC-nS.6.1.2
package#ProcessTrust,domain#CSG-ClientStoredPasswordAccess-Optional,domain#CC.AX.CCC-nS.6.1.1
package#ProcessTrust,domain#CSG-ClientStrongPasswordAuthentication,domain#CC.AuC.HumCCC-nS.3
package#ProcessTrust,domain#CSG-ClientUserPasswordAccess-Optional,domain#CC.AX.CCC-nS.6.1.1
package#ProcessTrust,domain#CSG-ClientX509Authentication,domain#CC.AuC.CCC-nS-i.1
package#ProcessTrust,domain#CSG-ClientX509Authentication,domain#CC.AuC.CCCvsCC-nS.1
package#ProcessTrust,domain#CSG-DataBaseAccessControl,domain#DS.A.CDBSC-DSF.4
package#ProcessTrust,domain#CSG-DataBaseAccessControl,domain#DS.Auth.CDBSC-DSF.4
package#ProcessTrust,domain#CSG-DataBaseAccessControl,domain#DS.C.CDBSC-DST.4
package#ProcessTrust,domain#CSG-DataFlowEncryption,domain#DF.Auth.CCCSDF-VCCS-i.3
package#ProcessTrust,domain#CSG-DataFlowEncryption,domain#DF.Auth.CCCSPDF-VCCS-i.3
package#ProcessTrust,domain#CSG-DataFlowEncryption,domain#DF.C.AC-iDF-VCS.3.2
package#ProcessTrust,domain#CSG-DataFlowEncryption,domain#DF.C.AC-iDF-VCS.3.3
package#ProcessTrust,domain#CSG-DataFlowEncryption,domain#DF.C.AC-iDF-VSC.3.2
package#ProcessTrust,domain#CSG-DataFlowEncryption,domain#DF.C.AC-iDF-VSC.3.3
package#ProcessTrust,domain#CSG-DataFlowEncryption,domain#DF.C.ACDF-VCS-i.3.1
package#ProcessTrust,domain#CSG-DataFlowEncryption,domain#DF.C.ACDF-VSC-i.3.2
package#ProcessTrust,domain#CSG-DataFlowEncryption,domain#DF.C.CCCSCCSDF-Vi.3
package#ProcessTrust,domain#CSG-DataFlowEncryption,domain#DF.C.CCCSPCCSDF-Vi.3
package#ProcessTrust,domain#CSG-DataFlowIntegrityProtection,domain#DF.Auth.AC-iDF-VCS.3.2
package#ProcessTrust,domain#CSG-DataFlowIntegrityProtection,domain#DF.Auth.AC-iDF-VSC.3.2
package#ProcessTrust,domain#CSG-DataFlowIntegrityProtection,domain#DF.Auth.ACDF-VSC-i.3.1
package#ProcessTrust,domain#CSG-DisableClientAccess,domain#CC.IS.CSCCSC.8
package#ProcessTrust,domain#CSG-DisableClientAccess,domain#CC.IS.CSCCmCC.8
package#ProcessTrust,domain#CSG-EncryptedDataProcessingAtService,domain#DF.Auth.ACDF-VFS-i.3.6
package#ProcessTrust,domain#CSG-EncryptedDataProcessingAtService,domain#DF.Auth.ACDFVFS-i.3.6
package#ProcessTrust,domain#CSG-EncryptedDataProcessingAtService,domain#DF.C.ACDF-VFS-i.3.6
package#ProcessTrust,domain#CSG-EncryptedDataProcessingAtService,domain#DF.C.ACDF-VTS-i.3.6
package#ProcessTrust,domain#CSG-EncryptedDataProcessingAtService,domain#DF.C.ACDFVTS-i.3.6
package#ProcessTrust,domain#CSG-IgnoreConfusedDeputyAttack,domain#CC.AuD.CCCSCCS-i.3
package#ProcessTrust,domain#CSG-PasswordSelfServiceReset,domain#CC.AX.HuCCC-nS.6.1.2
package#ProcessTrust,domain#CSG-PersonalDeviceProtection,domain#CC.AuC.HuiHCCC-nS.3.3
package#ProcessTrust,domain#CSG-PersonalDeviceProtection,domain#CC.AuC.HuiHrCCC-nS.3.3
package#ProcessTrust,domain#CSG-RestrictedRemoteAccess,domain#P.L.CCCLnSAC.1
package#ProcessTrust,domain#CSG-RestrictedRemoteAccess,domain#P.L.SPNaLnS.1
package#ProcessTrust,domain#CSG-ServiceAuthN-X509,domain#CC.AuS.CRoS.3
package#ProcessTrust,domain#CSG-ServiceAuthN-X509,domain#CC.AuS.CRoSG.3
package#ProcessTrust,domain#CSG-ServiceAuthN-X509,domain#CC.AuS.CRoSI.3
package#ProcessTrust,domain#CSG-SpamFilteringAtMUA,domain#P.L.HuHW2ACE.3
package#ProcessTrust,domain#CSG-StaffScreening,domain#CC.L.CSCCHuoSt.1
package#ProcessTrust,domain#CSG-StaffScreening,domain#CC.R.HuoStCCCS.1
package#ProcessTrust,domain#CSG-SuspendExcessiveClientAccess,domain#DF.O.CCDS2FC.0
package#ProcessTrust,domain#CSG-SuspendExcessiveClientAccess,domain#DF.O.CCDS2TC.0
package#ProcessTrust,domain#CSG-SuspendExcessiveClientAccess,domain#P.O.CCDFSFS.0
package#ProcessTrust,domain#CSG-SuspendExcessiveClientAccess,domain#P.O.CCDFSTS.0
package#ProcessTrust,domain#CSG-SuspendExcessiveClientAccess-Implementation-Runtime,domain#DF.O.CCDS2FC.0
package#ProcessTrust,domain#CSG-SuspendExcessiveClientAccess-Implementation-Runtime,domain#DF.O.CCDS2TC.0
package#ProcessTrust,domain#CSG-SuspendExcessiveClientAccess-Implementation-Runtime,domain#P.O.CCDFSFS.0
package#ProcessTrust,domain#CSG-SuspendExcessiveClientAccess-Implementation-Runtime,domain#P.O.CCDFSTS.0
package#ProcessTrust,domain#CSG-SuspendInsecureServiceChannel,domain#CC.C.CCCSCSoAC.3
package#ProcessTrust,domain#CSG-SuspendInsecureServiceChannel-Implementation-Runtime,domain#CC.C.CCCSCSoAC.3
package#ProcessTrust,domain#CSG-SuspendSensitiveDataFlow,domain#DF.C.AC-iDF-VSC.3.2
package#ProcessTrust,domain#CSG-SuspendSensitiveDataFlow,domain#DF.C.AC-iDF-VTC.3.6
package#ProcessTrust,domain#CSG-SuspendSensitiveDataFlow,domain#DF.C.AC-iDFVTC.3.6
package#ProcessTrust,domain#CSG-SuspendSensitiveDataFlow-Implementation-Runtime,domain#DF.C.AC-iDF-VSC.3.2
package#ProcessTrust,domain#CSG-SuspendSensitiveDataFlow-Implementation-Runtime,domain#DF.C.AC-iDF-VTC.3.6
package#ProcessTrust,domain#CSG-SuspendSensitiveDataFlow-Implementation-Runtime,domain#DF.C.AC-iDFVTC.3.6
package#ProcessTrust,domain#CSG-SuspendUnauthenticClientAccess,domain#CC.R.CCCS-i.1
package#ProcessTrust,domain#CSG-SuspendUnauthenticClientAccess-Implementation-Runtime,domain#CC.R.CCCS-i.1
package#ProcessTrust,domain#CSG-SuspendUntrustworthyClientAccess,domain#CC.AuC.CACSScS.1
package#ProcessTrust,domain#CSG-SuspendUntrustworthyClientAccess,domain#CC.AuD.CCCSCCS-i.3
package#ProcessTrust,domain#CSG-SuspendUntrustworthyClientAccess,domain#CC.AuP.CCCPCCS-i.3
package#ProcessTrust,domain#CSG-SuspendUntrustworthyClientAccess,domain#CC.R.HuStCCCS.1
package#ProcessTrust,domain#CSG-SuspendUntrustworthyClientAccess,domain#CC.R.HuoStCCCS.1
package#ProcessTrust,domain#CSG-SuspendUntrustworthyClientAccess,domain#DF.Auth.AC-iDF-VCS.3.2
package#ProcessTrust,domain#CSG-SuspendUntrustworthyClientAccess,domain#DF.Auth.AC-iDF-VFC.3.6
package#ProcessTrust,domain#CSG-SuspendUntrustworthyClientAccess,domain#DF.Auth.AC-iDFVFC.3.6
package#ProcessTrust,domain#CSG-SuspendUntrustworthyClientAccess,domain#DF.C.AC-iDF-VSC.3.2
package#ProcessTrust,domain#CSG-SuspendUntrustworthyClientAccess,domain#DF.C.AC-iDF-VTC.3.6
package#ProcessTrust,domain#CSG-SuspendUntrustworthyClientAccess,domain#DF.C.AC-iDFVTC.3.6
package#ProcessTrust,domain#CSG-SuspendUntrustworthyClientAccess,domain#DF.O.CCDFSFC.3
package#ProcessTrust,domain#CSG-SuspendUntrustworthyClientAccess,domain#DF.O.CCDFSTC.3
package#ProcessTrust,domain#CSG-SuspendUntrustworthyClientAccess,domain#DS.A.CDBSC-DSF.4
package#ProcessTrust,domain#CSG-SuspendUntrustworthyClientAccess,domain#DS.A.CDBSCDSF.4
package#ProcessTrust,domain#CSG-SuspendUntrustworthyClientAccess,domain#DS.Auth.CDBSC-DSF.4
package#ProcessTrust,domain#CSG-SuspendUntrustworthyClientAccess,domain#DS.C.CDBSC-DST.4
package#ProcessTrust,domain#CSG-SuspendUntrustworthyClientAccess,domain#LS.L.HLSISC.1
package#ProcessTrust,domain#CSG-SuspendUntrustworthyClientAccess,domain#P.L.CCCLnSAC.1
package#ProcessTrust,domain#CSG-SuspendUntrustworthyClientAccess,domain#P.L.CCCSAC.3
package#ProcessTrust,domain#CSG-SuspendUntrustworthyClientAccess-Implementation-Runtime,domain#CC.AuC.CACSScS.1
package#ProcessTrust,domain#CSG-SuspendUntrustworthyClientAccess-Implementation-Runtime,domain#CC.AuD.CCCSCCS-i.3
package#ProcessTrust,domain#CSG-SuspendUntrustworthyClientAccess-Implementation-Runtime,domain#CC.AuP.CCCPCCS-i.3
package#ProcessTrust,domain#CSG-SuspendUntrustworthyClientAccess-Implementation-Runtime,domain#CC.R.HuStCCCS.1
package#ProcessTrust,domain#CSG-SuspendUntrustworthyClientAccess-Implementation-Runtime,domain#CC.R.HuoStCCCS.1
package#ProcessTrust,domain#CSG-SuspendUntrustworthyClientAccess-Implementation-Runtime,domain#DF.Auth.AC-iDF-VCS.3.2
package#ProcessTrust,domain#CSG-SuspendUntrustworthyClientAccess-Implementation-Runtime,domain#DF.Auth.AC-iDF-VFC.3.6
package#ProcessTrust,domain#CSG-SuspendUntrustworthyClientAccess-Implementation-Runtime,domain#DF.Auth.AC-iDFVFC.3.6
package#ProcessTrust,domain#CSG-SuspendUntrustworthyClientAccess-Implementation-Runtime,domain#DF.C.AC-iDF-VSC.3.2
package#ProcessTrust,domain#CSG-SuspendUntrustworthyClientAccess-Implementation-Runtime,domain#DF.C.AC-iDF-VTC.3.6
package#ProcessTrust,domain#CSG-SuspendUntrustworthyClientAccess-Implementation-Runtime,domain#DF.C.AC-iDFVTC.3.6
package#ProcessTrust,domain#CSG-SuspendUntrustworthyClientAccess-Implementation-Runtime,domain#DF.O.CCDFSFC.3
package#ProcessTrust,domain#CSG-SuspendUntrustworthyClientAccess-Implementation-Runtime,domain#DF.O.CCDFSTC.3
package#ProcessTrust,domain#CSG-SuspendUntrustworthyClientAccess-Implementation-Runtime,domain#DS.A.CDBSC-DSF.4
package#ProcessTrust,domain#CSG-SuspendUntrustworthyClientAccess-Implementation-Runtime,domain#DS.A.CDBSCDSF.4
package#ProcessTrust,domain#CSG-SuspendUntrustworthyClientAccess-Implementation-Runtime,domain#DS.Auth.CDBSC-DSF.4
package#ProcessTrust,domain#CSG-SuspendUntrustworthyClientAccess-Implementation-Runtime,domain#DS.C.CDBSC-DST.4
package#ProcessTrust,domain#CSG-SuspendUntrustworthyClientAccess-Implementation-Runtime,domain#LS.L.HLSISC.1
package#ProcessTrust,domain#CSG-SuspendUntrustworthyClientAccess-Implementation-Runtime,domain#P.L.CCCLnSAC.1
package#ProcessTrust,domain#CSG-SuspendUntrustworthyClientAccess-Implementation-Runtime,domain#P.L.CCCSAC.3
package#ProcessTrust,domain#CSG-UserBasicSecurityTraining,domain#CC.AuC.HumCCC-nS.3
package#ProcessTrust,domain#CSG-UserSecurityTraining,domain#CC.AuC.HuiHCCC-nS.3.3
package#ProcessTrust,domain#CSG-UserSecurityTraining,domain#CC.AuC.HuiHrCCC-nS.3.3
package#ProcessTrust,domain#CSG-UserSecurityTraining,domain#CC.AuC.HumCCC-nS.3
package#ProcessTrust,domain#CSG-UserSecurityTraining,domain#P.L.HuHW2ACE.3
package#ProcessTrust,domain#CSG-X509CertificationOfClient,domain#CC.AX.CCC-nmSCS.6.1.5
package#ProcessTrust,domain#CSG-X509CertificationOfHost,domain#CC.AX.CCC-nmSCS.6.1.5
package#Theft,domain#CSG-AccountLockingAtHost,domain#H.M.HumCH.2.2
package#Theft,domain#CSG-AccountLockingAtHost,domain#P.L.HuiPCH.2.2
package#Theft,domain#CSG-BiometricAccessControlAtHost,domain#H.M.CH.2.1
package#Theft,domain#CSG-BiometricAccessControlAtHost,domain#H.M.HumCH.2.2
package#Theft,domain#CSG-BiometricAccessControlAtHost,domain#P.L.HuiPCH.2.1
package#Theft,domain#CSG-BiometricAccessControlAtHost,domain#P.L.HuiPCH.2.2
package#Theft,domain#CSG-ChipAndPinAccessControlAtHost,domain#H.M.CH.2.1
package#Theft,domain#CSG-ChipAndPinAccessControlAtHost,domain#H.M.HumCH.2.2
package#Theft,domain#CSG-ChipAndPinAccessControlAtHost,domain#P.L.HuiPCH.2.1
package#Theft,domain#CSG-ChipAndPinAccessControlAtHost,domain#P.L.HuiPCH.2.2
package#Theft,domain#CSG-ClientContinuousAuthentication,domain#CC.AuC.CACHLSS.2
package#Theft,domain#CSG-ContinuousUserAuthentication,domain#P.L.SHP.2
package#Theft,domain#CSG-ContinuouslyObservedHost,domain#H.P.PHS-iC.3
package#Theft,domain#CSG-DataStorageEncryption,domain#DS.C.HDS-V.2.1
package#Theft,domain#CSG-DataStorageEncryption,domain#DS.C.HDS-V.2.2
package#Theft,domain#CSG-DataStorageEncryption,domain#DS.C.HPsACr-pDS-V.2
package#Theft,domain#CSG-EmbeddedHostSecurity,domain#H.P.PHS-iC.3
package#Theft,domain#CSG-EncryptedDataProcessing,domain#DS.C.HPsACrpDS-V.2
package#Theft,domain#CSG-HostEncryption,domain#DS.C.HDS-V.2.1
package#Theft,domain#CSG-IgnorePhysicalThreatsFromWorld,domain#H.P.PHS-iC.3
package#Theft,domain#CSG-PasswordChecksAtHost,domain#H.M.CH.2.1
package#Theft,domain#CSG-PasswordChecksAtHost,domain#P.L.HuiPCH.2.1
package#Theft,domain#CSG-PersonalDeviceProtection,domain#H.P.PHS-iC.3
package#Theft,domain#CSG-PersonalDeviceSecurity,domain#H.P.PHS-iC.3
package#Theft,domain#CSG-PhysicalPatrolsInSpace,domain#H.M.MHHS.2.1
package#Theft,domain#CSG-RemoteMobileWiping,domain#H.M.CH.2.3
package#Theft,domain#CSG-RemoteMobileWiping-Implementation-Runtime,domain#H.M.CH.2.3
package#Theft,domain#CSG-SecureProcessExecution,domain#P.L.SHP.2
package#Theft,domain#CSG-SuspendSensitiveDataFlow,domain#DF.C.AC-iDF-VTC.2.6
package#Theft,domain#CSG-SuspendSensitiveDataFlow,domain#DF.C.AC-iDFVTC.2.6
package#Theft,domain#CSG-SuspendSensitiveDataFlow-Implementation-Runtime,domain#DF.C.AC-iDF-VTC.2.6
package#Theft,domain#CSG-SuspendSensitiveDataFlow-Implementation-Runtime,domain#DF.C.AC-iDFVTC.2.6
package#Theft,domain#CSG-SuspendUntrustworthyClientAccess,domain#DF.Auth.AC-iDF-VFC.2.6
package#Theft,domain#CSG-SuspendUntrustworthyClientAccess,domain#DF.Auth.AC-iDFVFC.2.6
package#Theft,domain#CSG-SuspendUntrustworthyClientAccess,domain#DF.C.AC-iDF-VTC.2.6
package#Theft,domain#CSG-SuspendUntrustworthyClientAccess,domain#DF.C.AC-iDFVTC.2.6
package#Theft,domain#CSG-SuspendUntrustworthyClientAccess-Implementation-Runtime,domain#DF.Auth.AC-iDF-VFC.2.6
package#Theft,domain#CSG-SuspendUntrustworthyClientAccess-Implementation-Runtime,domain#DF.Auth.AC-iDFVFC.2.6
package#Theft,domain#CSG-SuspendUntrustworthyClientAccess-Implementation-Runtime,domain#DF.C.AC-iDF-VTC.2.6
package#Theft,domain#CSG-SuspendUntrustworthyClientAccess-Implementation-Runtime,domain#DF.C.AC-iDFVTC.2.6
package#Theft,domain#CSG-UserSecurityTraining,domain#H.M.HumCH.2.2
package#Theft,domain#CSG-UserSecurityTraining,domain#P.L.HuiPCH.2.2
package#Users,domain#CSG-StaffScreening,domain#S.L.HuPSoSt.1
package#Virtualisation,domain#CSG-AutomatedHostFaultRecovery,domain#H.A.H.5
package#Virtualisation,domain#CSG-AutomatedProcessFaultRecovery,domain#P.A.HP-iT.5
package#Virtualisation,domain#CSG-DisableHost-Runtime,domain#H.IS.HVH.8
package#Virtualisation,domain#CSG-ElasticHosting,domain#H.A.H.0
package#Virtualisation,domain#CSG-NetworkEAP-PSK-Client,domain#I.A.GdHVS.6
package#Virtualisation,domain#CSG-NetworkEAP-TLS-Client,domain#I.A.GdHVS.6
package#Virtualisation,domain#CSG-SLAEnforcement,domain#H.O.CVHHHoDC.0
package#Virtualisation,domain#CSG-VirtualSubnetEncryption,domain#SC.C.VSHCmSC.3
package#VulnerabilityCVSS,domain#CSG-AntiMalwareAtHost,domain#H.W.HIoH.3
package#VulnerabilityCVSS,domain#CSG-AntiMalwareAtHost,domain#H.W.HLoH.3
package#VulnerabilityCVSS,domain#CSG-AntiMalwareAtHost,domain#H.W.HRoH.3
package#VulnerabilityCVSS,domain#CSG-AntiMalwareAtHost,domain#P.W.HPDFDI.2
package#VulnerabilityCVSS,domain#CSG-AntiMalwareAtHost,domain#P.W.HPsACDSrDI.2
package#VulnerabilityCVSS,domain#CSG-AntiMalwareAtServiceHost,domain#P.W.CCCS.3
package#VulnerabilityCVSS,domain#CSG-BlockInterface,domain#H.W.HIoH.3
package#VulnerabilityCVSS,domain#CSG-BlockInterface,domain#H.W.HRoH.3
package#VulnerabilityCVSS,domain#CSG-ClientAddressWhitelisting,domain#P.V.OSAPNaS.3
package#VulnerabilityCVSS,domain#CSG-DataStorageEncryption,domain#DS.Auth.HDS-V.4
package#VulnerabilityCVSS,domain#CSG-DataStorageEncryption,domain#DS.Auth.HPsACd-pDS-V.4
package#VulnerabilityCVSS,domain#CSG-DataStorageEncryption,domain#DS.C.HDS-V.4
package#VulnerabilityCVSS,domain#CSG-DataStorageEncryption,domain#DS.C.HPsACr-pDS-V.4
package#VulnerabilityCVSS,domain#CSG-EncryptedDataProcessing,domain#DS.Auth.HPsACdpDS-V.4
package#VulnerabilityCVSS,domain#CSG-EncryptedDataProcessing,domain#DS.C.HPsACrpDS-V.4
package#VulnerabilityCVSS,domain#CSG-IgnorePhysicalThreatsFromWorld,domain#H.V.CHS-iP.3
package#VulnerabilityCVSS,domain#CSG-PatchingAtHost,domain#H.V.CHS-iP.3
package#VulnerabilityCVSS,domain#CSG-PatchingAtHost,domain#H.V.HAC.2
package#VulnerabilityCVSS,domain#CSG-PatchingAtHost,domain#H.V.HL1HS.2
package#VulnerabilityCVSS,domain#CSG-PatchingAtHost,domain#H.V.HL1HS.3
package#VulnerabilityCVSS,domain#CSG-PatchingAtHost,domain#H.V.IoH.2
package#VulnerabilityCVSS,domain#CSG-PatchingAtHost,domain#H.V.IoH.3
package#VulnerabilityCVSS,domain#CSG-PatchingAtHost,domain#H.V.LoH.2
package#VulnerabilityCVSS,domain#CSG-PatchingAtHost,domain#H.V.LoH.3
package#VulnerabilityCVSS,domain#CSG-PatchingAtHost,domain#H.V.NoH.2
package#VulnerabilityCVSS,domain#CSG-PatchingAtHost,domain#H.V.NoH.3
package#VulnerabilityCVSS,domain#CSG-PatchingAtHost,domain#H.W.HIoH.3
package#VulnerabilityCVSS,domain#CSG-PatchingAtHost,domain#H.W.HLoH.3
package#VulnerabilityCVSS,domain#CSG-PatchingAtHost,domain#H.W.HRoH.3
package#VulnerabilityCVSS,domain#CSG-PatchingAtHost,domain#P.V.IoHIP.3
package#VulnerabilityCVSS,domain#CSG-PatchingAtHost,domain#P.V.LoHIP.3
package#VulnerabilityCVSS,domain#CSG-PatchingAtHost,domain#P.V.LoHSP.3
package#VulnerabilityCVSS,domain#CSG-PatchingAtHost,domain#P.V.NoHIP.3
package#VulnerabilityCVSS,domain#CSG-PatchingAtHost-Implementation,domain#H.V.CHS-iP.3
package#VulnerabilityCVSS,domain#CSG-PatchingAtHost-Implementation,domain#H.V.HAC.2
package#VulnerabilityCVSS,domain#CSG-PatchingAtHost-Implementation,domain#H.V.HL1HS.2
package#VulnerabilityCVSS,domain#CSG-PatchingAtHost-Implementation,domain#H.V.HL1HS.3
package#VulnerabilityCVSS,domain#CSG-PatchingAtHost-Implementation,domain#H.V.IoH.2
package#VulnerabilityCVSS,domain#CSG-PatchingAtHost-Implementation,domain#H.V.IoH.3
package#VulnerabilityCVSS,domain#CSG-PatchingAtHost-Implementation,domain#H.V.LoH.2
package#VulnerabilityCVSS,domain#CSG-PatchingAtHost-Implementation,domain#H.V.LoH.3
package#VulnerabilityCVSS,domain#CSG-PatchingAtHost-Implementation,domain#H.V.NoH.2
package#VulnerabilityCVSS,domain#CSG-PatchingAtHost-Implementation,domain#H.V.NoH.3
package#VulnerabilityCVSS,domain#CSG-PatchingAtHost-Implementation,domain#H.W.HIoH.3
package#VulnerabilityCVSS,domain#CSG-PatchingAtHost-Implementation,domain#H.W.HLoH.3
package#VulnerabilityCVSS,domain#CSG-PatchingAtHost-Implementation,domain#H.W.HRoH.3
package#VulnerabilityCVSS,domain#CSG-PatchingAtHost-Implementation,domain#P.V.IoHIP.3
package#VulnerabilityCVSS,domain#CSG-PatchingAtHost-Implementation,domain#P.V.LoHIP.3
package#VulnerabilityCVSS,domain#CSG-PatchingAtHost-Implementation,domain#P.V.LoHSP.3
package#VulnerabilityCVSS,domain#CSG-PatchingAtHost-Implementation,domain#P.V.NoHIP.3
package#VulnerabilityCVSS,domain#CSG-PatchingAtProcess,domain#P.V.HACPmAC.2
package#VulnerabilityCVSS,domain#CSG-PatchingAtProcess,domain#P.W.HPDFDI.2
package#VulnerabilityCVSS,domain#CSG-PatchingAtProcess,domain#P.W.HPsACDSrDI.2
package#VulnerabilityCVSS,domain#CSG-PatchingAtProcess-Implementation,domain#P.V.HACPmAC.2
package#VulnerabilityCVSS,domain#CSG-PatchingAtProcess-Implementation,domain#P.W.HPDFDI.2
package#VulnerabilityCVSS,domain#CSG-PatchingAtProcess-Implementation,domain#P.W.HPsACDSrDI.2
package#VulnerabilityCVSS,domain#CSG-PatchingAtService,domain#CC.AuC.DFrXSS.3
package#VulnerabilityCVSS,domain#CSG-PatchingAtService,domain#CC.AuC.DFsXSS.3
package#VulnerabilityCVSS,domain#CSG-PatchingAtService,domain#CC.AuC.DSrXSS.3
package#VulnerabilityCVSS,domain#CSG-PatchingAtService,domain#CC.AuC.DSsXSS.3
package#VulnerabilityCVSS,domain#CSG-PatchingAtService,domain#P.V.CCCS-iAC.2
package#VulnerabilityCVSS,domain#CSG-PatchingAtService,domain#P.V.CCCSACvLS.2
package#VulnerabilityCVSS,domain#CSG-PatchingAtService,domain#P.V.CCCvsCCSAC.2
package#VulnerabilityCVSS,domain#CSG-PatchingAtService,domain#P.V.CSAPNaS.3
package#VulnerabilityCVSS,domain#CSG-PatchingAtService,domain#P.V.OSAPLaS.3
package#VulnerabilityCVSS,domain#CSG-PatchingAtService,domain#P.V.OSAPNaS.3
package#VulnerabilityCVSS,domain#CSG-PatchingAtService,domain#P.V.SPNaS.2
package#VulnerabilityCVSS,domain#CSG-PatchingAtService,domain#P.W.CCCS.3
package#VulnerabilityCVSS,domain#CSG-PatchingAtService-Implementation,domain#CC.AuC.DFrXSS.3
package#VulnerabilityCVSS,domain#CSG-PatchingAtService-Implementation,domain#CC.AuC.DFsXSS.3
package#VulnerabilityCVSS,domain#CSG-PatchingAtService-Implementation,domain#CC.AuC.DSrXSS.3
package#VulnerabilityCVSS,domain#CSG-PatchingAtService-Implementation,domain#CC.AuC.DSsXSS.3
package#VulnerabilityCVSS,domain#CSG-PatchingAtService-Implementation,domain#P.V.CCCS-iAC.2
package#VulnerabilityCVSS,domain#CSG-PatchingAtService-Implementation,domain#P.V.CCCSACvLS.2
package#VulnerabilityCVSS,domain#CSG-PatchingAtService-Implementation,domain#P.V.CCCvsCCSAC.2
package#VulnerabilityCVSS,domain#CSG-PatchingAtService-Implementation,domain#P.V.CSAPNaS.3
package#VulnerabilityCVSS,domain#CSG-PatchingAtService-Implementation,domain#P.V.OSAPLaS.3
package#VulnerabilityCVSS,domain#CSG-PatchingAtService-Implementation,domain#P.V.OSAPNaS.3
package#VulnerabilityCVSS,domain#CSG-PatchingAtService-Implementation,domain#P.V.SPNaS.2
package#VulnerabilityCVSS,domain#CSG-PatchingAtService-Implementation,domain#P.W.CCCS.3
package#VulnerabilityCVSS,domain#CSG-PhysicalPatrolsInSpace,domain#H.V.CHS-iP.3
package#VulnerabilityCVSS,domain#CSG-SuspendCorruptDataFlow,domain#CC.AuC.DFsXSS.3
package#VulnerabilityCVSS,domain#CSG-SuspendCorruptDataFlow,domain#P.W.HPDFDI.2
package#VulnerabilityCVSS,domain#CSG-SuspendCorruptDataFlow-Implementation-Runtime,domain#CC.AuC.DFsXSS.3
package#VulnerabilityCVSS,domain#CSG-SuspendCorruptDataFlow-Implementation-Runtime,domain#P.W.HPDFDI.2
package#VulnerabilityCVSS,domain#CSG-SuspendInfectedHost,domain#H.J.GH.7
package#VulnerabilityCVSS,domain#CSG-SuspendInfectedHost-Implementation-Runtime,domain#H.J.GH.7
package#VulnerabilityCVSS,domain#CSG-SuspendServiceVulnerableToXSS,domain#CC.AuC.DFrXSS.3
package#VulnerabilityCVSS,domain#CSG-SuspendServiceVulnerableToXSS,domain#CC.AuC.DFsXSS.3
package#VulnerabilityCVSS,domain#CSG-SuspendServiceVulnerableToXSS,domain#CC.AuC.DSrXSS.3
package#VulnerabilityCVSS,domain#CSG-SuspendServiceVulnerableToXSS,domain#CC.AuC.DSsXSS.3
package#VulnerabilityCVSS,domain#CSG-SuspendServiceVulnerableToXSS-Implementation-Runtime,domain#CC.AuC.DFrXSS.3
package#VulnerabilityCVSS,domain#CSG-SuspendServiceVulnerableToXSS-Implementation-Runtime,domain#CC.AuC.DFsXSS.3
package#VulnerabilityCVSS,domain#CSG-SuspendServiceVulnerableToXSS-Implementation-Runtime,domain#CC.AuC.DSrXSS.3
package#VulnerabilityCVSS,domain#CSG-SuspendServiceVulnerableToXSS-Implementation-Runtime,domain#CC.AuC.DSsXSS.3
package#VulnerabilityCVSS,domain#CSG-SuspendVulnerableHost,domain#DS.A.HDS.4
package#VulnerabilityCVSS,domain#CSG-SuspendVulnerableHost,domain#DS.Auth.HDS-V.4
package#VulnerabilityCVSS,domain#CSG-SuspendVulnerableHost,domain#DS.C.HDS-V.4
package#VulnerabilityCVSS,domain#CSG-SuspendVulnerableHost,domain#H.L.HAC.4
package#VulnerabilityCVSS,domain#CSG-SuspendVulnerableHost,domain#H.M.HAC.4
package#VulnerabilityCVSS,domain#CSG-SuspendVulnerableHost-Implementation-Runtime,domain#DS.A.HDS.4
package#VulnerabilityCVSS,domain#CSG-SuspendVulnerableHost-Implementation-Runtime,domain#DS.Auth.HDS-V.4
package#VulnerabilityCVSS,domain#CSG-SuspendVulnerableHost-Implementation-Runtime,domain#DS.C.HDS-V.4
package#VulnerabilityCVSS,domain#CSG-SuspendVulnerableHost-Implementation-Runtime,domain#H.L.HAC.4
package#VulnerabilityCVSS,domain#CSG-SuspendVulnerableHost-Implementation-Runtime,domain#H.M.HAC.4
package#VulnerabilityCVSS,domain#CSG-SuspendVulnerableProcess,domain#DS.A.HPsACDAdDS.4
package#VulnerabilityCVSS,domain#CSG-SuspendVulnerableProcess,domain#DS.Auth.HPsACd-pDS-V.4
package#VulnerabilityCVSS,domain#CSG-SuspendVulnerableProcess,domain#DS.Auth.HPsACdpDS-V.4
package#VulnerabilityCVSS,domain#CSG-SuspendVulnerableProcess,domain#DS.C.HPsACr-pDS-V.4
package#VulnerabilityCVSS,domain#CSG-SuspendVulnerableProcess,domain#DS.C.HPsACrpDS-V.4
package#VulnerabilityCVSS,domain#CSG-SuspendVulnerableProcess,domain#H.M.HmACPAC.4
package#VulnerabilityCVSS,domain#CSG-SuspendVulnerableProcess,domain#LS.L.LoHSPAC.4
package#VulnerabilityCVSS,domain#CSG-SuspendVulnerableProcess,domain#LS.M.LoHSPAC.4
package#VulnerabilityCVSS,domain#CSG-SuspendVulnerableProcess,domain#P.A.HP-iT.4
package#VulnerabilityCVSS,domain#CSG-SuspendVulnerableProcess,domain#P.L.HPAC.4
package#VulnerabilityCVSS,domain#CSG-SuspendVulnerableProcess-Implementation-Runtime,domain#DS.A.HPsACDAdDS.4
package#VulnerabilityCVSS,domain#CSG-SuspendVulnerableProcess-Implementation-Runtime,domain#DS.Auth.HPsACd-pDS-V.4
package#VulnerabilityCVSS,domain#CSG-SuspendVulnerableProcess-Implementation-Runtime,domain#DS.Auth.HPsACdpDS-V.4
package#VulnerabilityCVSS,domain#CSG-SuspendVulnerableProcess-Implementation-Runtime,domain#DS.C.HPsACr-pDS-V.4
package#VulnerabilityCVSS,domain#CSG-SuspendVulnerableProcess-Implementation-Runtime,domain#DS.C.HPsACrpDS-V.4
package#VulnerabilityCVSS,domain#CSG-SuspendVulnerableProcess-Implementation-Runtime,domain#H.M.HmACPAC.4
package#VulnerabilityCVSS,domain#CSG-SuspendVulnerableProcess-Implementation-Runtime,domain#LS.L.LoHSPAC.4
package#VulnerabilityCVSS,domain#CSG-SuspendVulnerableProcess-Implementation-Runtime,domain#LS.M.LoHSPAC.4
package#VulnerabilityCVSS,domain#CSG-SuspendVulnerableProcess-Implementation-Runtime,domain#P.A.HP-iT.4
package#VulnerabilityCVSS,domain#CSG-SuspendVulnerableProcess-Implementation-Runtime,domain#P.L.HPAC.4
package#VulnerabilityCVSS,domain#CSG-SuspendVulnerableService,domain#CC.R.CDBSC.4
package#VulnerabilityCVSS,domain#CSG-SuspendVulnerableService-Implementation-Runtime,domain#CC.R.CDBSC.4
package#VulnerabilityCVSS,domain#CSG-SuspendVulnerableServiceChannel,domain#P.V.CSAPNaS.3
package#VulnerabilityCVSS,domain#CSG-SuspendVulnerableServiceChannel,domain#P.V.OSAPLaS.3
package#VulnerabilityCVSS,domain#CSG-SuspendVulnerableServiceChannel,domain#P.V.OSAPNaS.3
package#VulnerabilityCVSS,domain#CSG-SuspendVulnerableServiceChannel-Implementation-Runtime,domain#P.V.CSAPNaS.3
package#VulnerabilityCVSS,domain#CSG-SuspendVulnerableServiceChannel-Implementation-Runtime,domain#P.V.OSAPLaS.3
package#VulnerabilityCVSS,domain#CSG-SuspendVulnerableServiceChannel-Implementation-Runtime,domain#P.V.OSAPNaS.3
package#VulnerabilityCVSS,domain#CSG-XSSPreventionAtService,domain#CC.AuC.DFrXSS.3
package#VulnerabilityCVSS,domain#CSG-XSSPreventionAtService,domain#CC.AuC.DFsXSS.3
package#VulnerabilityCVSS,domain#CSG-XSSPreventionAtService,domain#CC.AuC.DSrXSS.3
package#VulnerabilityCVSS,domain#CSG-XSSPreventionAtService,domain#CC.AuC.DSsXSS.3
