package,URI,label,isAssertable,isConstructed,isVisible,comment,icon,constructionState
domain#000000,domain#000000,BaseStation,FALSE,FALSE,TRUE,12345678123456781234567812345678123456781234567812345678123456781234567812345678123456781234567812345678123456781234567812345678123456781234567812345678123456781234567812345678123456781234567812345678123456781234567812345678123456781234567812345678123456781234567812345678123456781234567812345678123456781234567812345678,,FALSE
package#5G,domain#BaseStation,BaseStation,FALSE,TRUE,TRUE,A type of wireless network router that provides a cellular access network in a local region of space.,,FALSE
package#5G,domain#CellularNetwork,CellularNetwork,FALSE,FALSE,FALSE,Represents a mobile phone network capable of supporting communication from mobile hosts.,,FALSE
package#5G,domain#PrivateCellularNetwork,PrivateCellularNetwork,TRUE,FALSE,TRUE,"Abstract representation of a cellular network, to which mobile 4G or 5G devices may connect. A private cellular network can be restricted to devices whose users have a specific system role.",phone_network.svg,FALSE
package#5G,domain#PublicCellularNetwork,PublicCellularNetwork,TRUE,FALSE,TRUE,"Abstract representation of a cellular network, to which mobile 4G or 5G devices may connect. A public cellular network is open to anyone as a subscriber.",phone_network.svg,FALSE
package#5G,domain#RAN,RAN,FALSE,TRUE,TRUE,A type of radio network used in cellular networks.,,FALSE
package#AccessContext,domain#AccessContext,AccessContext,FALSE,FALSE,FALSE,Represents the right or ability to access a host or process when in a specific location or connected to a specific network.,,FALSE
package#Application,domain#ApplicationProcess,ApplicationProcess,TRUE,FALSE,TRUE,A process with significant complexity unable to run on a specialised device.,process.svg,FALSE
package#Application,domain#CmdLineProcess,CmdLineProcess,TRUE,FALSE,TRUE,A program that can be launched from a command line and used interactively by a possibly remote user via keyboard and screen only.,remoteterminal.svg,FALSE
package#Application,domain#ConsoleProcess,ConsoleProcess,FALSE,FALSE,TRUE,"A process that can be launched from a shell command line and provides a functional user interface via keyboard and screen only, e.g. a remote terminal client or a text editor.",,FALSE
package#Application,domain#Data,Data,TRUE,TRUE,TRUE,"Represents a data item that can be stored or transmitted by a Host, or processed by a Process.",data.svg,FALSE
package#Application,domain#DataPalette,Data,FALSE,FALSE,FALSE,"An overlay parent class descended from Palette Type, to be used to control the grouping of assertable assets in the SSM GUI Asset Palette.",,FALSE
package#Application,domain#DataService,DataService,TRUE,TRUE,TRUE,"A process that provides remote access to data stored on a local disk (just block or file access, no data queries).",ds.svg,FALSE
package#Application,domain#DB,DB,TRUE,FALSE,TRUE,A process that allows data to be stored and accessed using a well known query language.,db.svg,FALSE
package#Application,domain#DesktopService,DesktopService,TRUE,TRUE,TRUE,"Supports remote access to graphical desktop functionality on its host. If the service controls the host, it has root privileges, enabling remote system admin. If the service controls other processes running on the host, it has the privileges assigned to those processes, and users can interact via a remote desktop client with those processes and any data used by them. This is distinct from a simple login service which also provides access to the shell, but users can only interact with command line processes. A desktop service may be configured as a restricted workspace by enabling security controls such that it does not allow the user unrestricted access to the shell, but only to processes that are specified as being available to the desktop service.",desktop-service.svg,FALSE
package#Application,domain#Editor,Editor,TRUE,FALSE,TRUE,"A program that can be used interactively by a possibly remote user via a GUI to view and alter stored data. Use a TextEditor asset for such a program that can be used with a simple text-based interface, i.e. without a GUI.",editor.svg,FALSE
package#Application,domain#EmailMX,EmailMX,TRUE,FALSE,TRUE,"Represents an ESMTP Mail Exchange (MX) process, which listens for and responds to requests sent using ESMTP.",email-mx.svg,FALSE
package#Application,domain#InteractiveProcess,InteractiveProcess,FALSE,FALSE,FALSE,A process with a user interface specialised to support user interactions with data.,,FALSE
package#Application,domain#RemoteDesktop,RemoteDesktop,TRUE,TRUE,TRUE,Provides a means to interact with processes running on a remote host via a desktop service running on that host.,remotedesktop.svg,FALSE
package#Application,domain#SensitiveData,SensitiveData,TRUE,FALSE,TRUE,A type of data whose compromise has a higher impact than other types of data.,sensitivedata.svg,FALSE
package#Application,domain#SpamData,SpamData,FALSE,TRUE,TRUE,"Represents data whose original source is outside the model, delivered via unsolicited email.",,FALSE
package#Application,domain#TextEditor,TextEditor,TRUE,FALSE,TRUE,A program that can be launched from a command line and used interactively by a possibly remote user via keyboard and screen only to view and alter stored data displayed in textual form.,editor.svg,FALSE
package#Application,domain#TypeOverlayData,TypeOverlayData,FALSE,FALSE,FALSE,A base class for data type classification overlay parent classes.,,FALSE
package#Application,domain#WebApp,WebApp,TRUE,FALSE,TRUE,"An interactive HTTP client process, which uses HTTP including REST, associated with a specific web application service. If your process is a general purpose interactive web client (a browser), use a WebBrowser asset instead.",www-app.svg,FALSE
package#Application,domain#WebBrowser,WebBrowser,TRUE,FALSE,TRUE,"An WebBrowser represents an interactive HTTP browser process, used by a human to access online applications and to navigate the Web, and supporting active rendering of a user interface specified by HTML or embedded scripting languages.",www-small.svg,FALSE
package#Application,domain#WebClient,WebClient,TRUE,FALSE,TRUE,"An WebClient represents a general HTTP client process, which uses HTTP including REST, associated with a specific web application service. It includes interactive clients (e.g. browsers and apps) and non-interactive services. If your process is a general purpose interactive web client supporting access to arbitrary services using dynamic HTML and scripting (a browser), or an app for accessing one or more predefined services, use the relevant specialised subclass.",www-smaller.svg,FALSE
package#CloudManagement,domain#APIServer,CloudAPI,TRUE,TRUE,TRUE,"A proxy for running commands on a Container within a K8S or Docker platform or equivalent. Behaves like a login service on a bastion server, providing shell access via a front-end system (the K8s Master Node) to login services on the Containers. It is not itself a login service, as it does not provide shell access on its own host. The default trustworthiness levels are set on the assumption that this asset will be subject to penetration testing by the data centre operator before it is used.",apiserver.svg,FALSE
package#CloudManagement,domain#ClusterIP,ClusterIP,TRUE,TRUE,TRUE,A subnet implemented by K8S using iptables rules to provide connectivity to Pods and Services using networks connecting their hosts.,overlay.svg,FALSE
package#CloudManagement,domain#Container,Container,TRUE,TRUE,TRUE,"A simple virtual host containing software needed to support a packaged process, suitable for deployment via Docker or Kubernetes.",fullhexagon_teal.svg,FALSE
package#CloudManagement,domain#Ingress,IngressProxy,TRUE,TRUE,TRUE,A proxy for accessing services running in a Container under a K8S or equivalent platform. The default trustworthiness levels are set on the assumption that this asset will be subject to penetration testing by the data centre operator before it is used.,ingress.svg,FALSE
package#CloudManagement,domain#Master,CloudMaster,TRUE,TRUE,TRUE,"A VM that forms part of a virtual cluster managed by a framework such as Kubernetes, but is used to host control plane functions of the management framework.",master.svg,FALSE
package#CloudManagement,domain#Pod,Pod,TRUE,TRUE,TRUE,A virtual host containing support for sharing a virtual network and storage services with one or more Containers.,emptyhexagon_teal.svg,FALSE
package#CloudManagement,domain#Worker,CloudWorker,TRUE,TRUE,TRUE,"A CloudWorker represents a virtual cluster of worker nodes, which is allocated and managed via a framework such as Kubernetes.",worker.svg,FALSE
package#Core,domain#DebugMarker,DebugMarker,FALSE,FALSE,FALSE,Used to detect firing of construction patterns that produce no other assets.,,FALSE
package#DataLifecycle,domain#DataAccess,DataAccess,FALSE,FALSE,FALSE,"Represents access to Data by a Process, including (in principle) the choice of which data instance(s) to serve or process.",,FALSE
package#DataLifecycle,domain#DataAsset,DataAsset,FALSE,FALSE,FALSE,A base class for all assets representing Data. Used partly to provide a classifier for the palette.,,FALSE
package#DataLifecycle,domain#DataCache,DataCache,FALSE,TRUE,FALSE,"Represents a stored copy of data created and used to suspend a data flow that either cannot be sent, or for which the recipient process is not ready.",,FALSE
package#DataLifecycle,domain#DataContainer,DataContainer,FALSE,FALSE,FALSE,"A common parent class for any asset that contains data, including assets that represent stored or flowing data, and assets such as IoT Things that incorporate embedded data.",,FALSE
package#DataLifecycle,domain#DataCopy,DataCopy,FALSE,TRUE,TRUE,Represents a copy of data stored in persistent memory on a device.,,FALSE
package#DataLifecycle,domain#DataDestination,DataDestination,FALSE,FALSE,FALSE,"A common parent class for DataAccess assets that can be associated with the destination of an output data flow. Any destination can also be a source, but some sources are not destinations (they only produce data).",,FALSE
package#DataLifecycle,domain#DataFlow,DataFlow,FALSE,TRUE,TRUE,Represents an end to end flow of data between processes via a set of Data Steps connecting between intermediate processes.,,FALSE
package#DataLifecycle,domain#DataInferenceAsset,DataInferenceAsset,FALSE,FALSE,FALSE,A base class for any assets used only to model state created by data lifecycle inference patterns.,,FALSE
package#DataLifecycle,domain#DataInput,DataInput,FALSE,TRUE,FALSE,A subclass of DataUse relating to a process that uses data as an input.,,FALSE
package#DataLifecycle,domain#DataLifecycleAsset,DataLifecycleAsset,FALSE,FALSE,FALSE,"Base class for all assets describing data lifecycle states, excluding overlay parent classes.",,FALSE
package#DataLifecycle,domain#DataOutput,DataOutput,FALSE,TRUE,FALSE,A subclass of DataUse relating to a process that creates data as an output.,,FALSE
package#DataLifecycle,domain#DataPool,DataPool,FALSE,FALSE,TRUE,"Overlay parent class representing data loaded by a process, in which the process acts as an enabler for data access by other processes, either as a data source or as a server of stored data.",,FALSE
package#DataLifecycle,domain#DataProcess,DataProcess,FALSE,FALSE,FALSE,A subclass of DataUse relating to a process that uses data as an input or produces it as output (i.e. data processing as opposed to data serving or data transfer).,,FALSE
package#DataLifecycle,domain#DataRelay,DataRelay,FALSE,TRUE,FALSE,"A subclass of DataAccess relating to a process that serves data as an intermediary, without storing it locally (except possibly in a cache). As such, the process acts as both a producer and a consumer in flows of this data.",,FALSE
package#DataLifecycle,domain#DataSource,DataSource,FALSE,FALSE,TRUE,Common parent for DataAccess assets that represent access by a process acting as the source of data (creating the data or serving it to clients).,,FALSE
package#DataLifecycle,domain#DataStep,DataStep,FALSE,TRUE,FALSE,Represents the exchange of data between interacting processes (or their ability to securely exchange data).,,FALSE
package#DataLifecycle,domain#DataUpdate,DataUpdate,FALSE,TRUE,FALSE,A subclass of DataUse relating to a process that uses data as both an input and an output.,,FALSE
package#DataLifecycle,domain#DataUse,DataUse,FALSE,FALSE,TRUE,An overlay parent class covering all DataAccess assets that represent the production or consumption of data in data flows. This excludes processes that only serve data.,,FALSE
package#DataLifecycle,domain#InputPool,InputPool,FALSE,TRUE,TRUE,A subclass of DataUse relating to a process that reads locally stored data and also supplies the data for use by other processes.,,FALSE
package#DataLifecycle,domain#OutputPool,OutputPool,FALSE,TRUE,TRUE,A subclass of DataUse relating to a process that creates data and also supplies the results for use by other processes.,,FALSE
package#DataLifecycle,domain#RemoteUserAccess,RemoteUserAccess,FALSE,TRUE,FALSE,"A subclass of DataAccess relating to a remote access client used to interact with a process on another host. In this situation, the remote access client never holds a complete copy of the data in its memory, but it does participate in the data flow between its user and the remote process.",,FALSE
package#DataLifecycle,domain#StoredDataPool,StoredDataPool,FALSE,TRUE,TRUE,"Represents stored data loaded by a process, in which the process acts as an enabler for access by other processes, i.e. a server of stored data.",,FALSE
package#DataLifecycle,domain#UpdatePool,UpdatePool,FALSE,TRUE,TRUE,A subclass of DataUse relating to a process that updates data and also supplies the results for use by other processes.,,FALSE
package#DataLifecycleInference,domain#DataChannel,DataChannel,FALSE,TRUE,FALSE,A sequence of communicating processes from the process that uses data to the process that enables it to access the data.,,TRUE
package#DataLifecycleInference,domain#DataExchange,DataExchange,FALSE,TRUE,FALSE,Represents the ability of two processes to exchange data.,,TRUE
package#DataLifecycleInference,domain#DataPath,DataPath,FALSE,TRUE,FALSE,Used for model construction only.,,TRUE
package#GDPR,domain#GDPRArt94Data,GDPRArt94Data,FALSE,FALSE,FALSE,A parent class for certain types of data indicating the data is subject to national as well as European regulation under GDPR Article 9.4.,,FALSE
package#GDPR,domain#GDPRArt9Data,GDPRArt9Data,FALSE,FALSE,FALSE,A parent class for certain types of data indicating the data is subject to additional data protection measures under the EU Regulation GDPR Article 9.,,FALSE
package#GDPR,domain#SpecialCategoryData,SpecialCategoryData,TRUE,FALSE,TRUE,"Data revealing racial or ethnic origin, political opinions, religious or philosophical beliefs, or trade union membership, or data concerning a natural person's sex life or sexual orientation. These categories of data are subject to GDPR Art 9, along with biometric, genetic and health data all of which are presented using separate specialised classes.",sensitivedata.svg,FALSE
package#IoT,domain#Controller,Controller,TRUE,FALSE,TRUE,"A Thing that is able to affect aspects of the physical environment in ways defined by data sent to it. A Controller has no console allowing login, but it may have an interface allowing some interaction with a human user.",actuator.svg,FALSE
package#IoT,domain#ControlProcess,ControlProcess,FALSE,TRUE,FALSE,A simple process that runs on a controller and handles conversion of input data into control signals for robotic or other interaction with the real (physical) world.,,FALSE
package#IoT,domain#IoTProcess,IoTProcess,FALSE,FALSE,FALSE,Base class for inferred onboard sensor acquisition and control processes running on an IoT Thing.,,FALSE
package#IoT,domain#Sensor,Sensor,TRUE,FALSE,TRUE,"A Thing that can sense its physical environment and produce data describing aspects of that environment including the device user. A sensor has no console allowing login, but it may have an interface allowing some interaction with a human user.",sensor.svg,FALSE
package#IoT,domain#SensorProcess,SensorProcess,FALSE,TRUE,FALSE,A simple process that runs on a sensor and handles the acquisition and sending of data from the real (physical) world.,,FALSE
package#IoT,domain#Thing,Thing,FALSE,FALSE,FALSE,A device with onboard processing able to interact with the physical world.,,FALSE
package#Legal,domain#GovernanceAsset,GovernanceAsset,FALSE,FALSE,FALSE,Base class for assets representing or related to agency and governance mechanisms.,,FALSE
package#Legal,domain#GovernancePalette,Users and Governance,FALSE,FALSE,FALSE,"An overlay parent class descended from Palette Type, to be used to control the grouping of assertable assets in the SSM GUI Asset Palette.",,FALSE
package#Legal,domain#Jurisdiction,Jurisdiction,TRUE,FALSE,TRUE,"Represents a specific set of regulations to which part or all of a system may be subject. The regulations themselves may come from several sources, e.g. EU and national laws may both apply to parts of a system in a given member state.",legalspace.svg,FALSE
package#Legal,domain#LegalEntity,LegalEntity,FALSE,FALSE,TRUE,"An individual, company, or other entity which has legal rights and is subject to obligations. Overlay parent class for Human and some Organisation subtypes.",,FALSE
package#Legal,domain#LegalOrganisation,LegalOrganisation,TRUE,FALSE,TRUE,"A group working together in pursuit of goals (which may or may not be shared by all the individuals participating in the group), constituted as a legal entity (e.g. a limited company, charity or government department). If your organisation does not have this status, make it an Organisation (the base asset class) instead.",people-law.svg,FALSE
package#LocalDeviceConnectivity,domain#BluetoothPair,BluetoothPair,FALSE,TRUE,TRUE,Represents the communication capability established when two devices are paired over a Bluetooth connection. Inferred where there is a pairsWithBluetooth relationship between devices.,,FALSE
package#LocalDeviceConnectivity,domain#L1Subnet,L1Subnet,FALSE,FALSE,FALSE,"An L1Subnet is one that connects paired hosts directly, with no addressing as such used within the subnet. Used as a base class for USB and Bluetooth connections.",,FALSE
package#LocalDeviceConnectivity,domain#MeshRoutingSegment,MeshRoutingSegment,FALSE,TRUE,FALSE,"Route through a gateway Host between two devices paired with that Host by Bluetooth connections. Modelled as a type of Open Segment because the message source does not need to be obfuscated in transit through the gateway Host. In most devices, mesh routing is disabled by default, but SSM must assume it may be enabled so potential threats are not overlooked.",,FALSE
package#LocalDeviceConnectivity,domain#ReverseTetheringSegment,ReverseTetheringSegment,FALSE,TRUE,FALSE,"Route through a gateway Host from a connected USB/BT device to an IP network. Modelled as a type of NAT Segment because the message source is obfuscated in transit through the Host. This is not SNAT because the source is not connected to the gateway via an IP network, but the effect is similar as the message acquires a source address of the gateway on the destination network.",,FALSE
package#LocalDeviceConnectivity,domain#TetheringSegment,TetheringSegment,FALSE,TRUE,FALSE,Route through a gateway Host to a connected USB/BT device from an IP network. Modelled as a type of Open Segment because the message source does not need to be obfuscated in transit through the gateway Host.,,FALSE
package#LocalDeviceConnectivity,domain#USBDevice,USBDevice,FALSE,FALSE,FALSE,A USBClient is a device designed to be connected to other hosts via a USB link.,,FALSE
package#LocalDeviceConnectivity,domain#USBHost,USBHost,FALSE,FALSE,FALSE,A USB Host is one to which a USB device can be connected.,,FALSE
package#LocalDeviceConnectivity,domain#USBPair,USBPair,FALSE,TRUE,TRUE,Represents the communication capability established when two devices are paired over a USB connection. Inferred where there is a pairsWithUSB relationship between devices.,,FALSE
package#Network,domain#AbstractSubnet,AbstractSubnet,FALSE,FALSE,FALSE,"Base class for all network subnets, including real subnets (i.e. those over which messages can be sent or routed) and some that are not real but represent a set of (inferred) real networks and routers.",,FALSE
package#Network,domain#AuthClient,AuthClient,FALSE,TRUE,TRUE,A simple process that runs on a host and handles authentication of that hosts to subnets that require it.,,FALSE
package#Network,domain#AuthService,AuthService,TRUE,FALSE,TRUE,A simple process that provides authentication and authorization of client processes or devices connecting to other services and networks.,auth-proxy.svg,FALSE
package#Network,domain#Cluster,Cluster,TRUE,TRUE,TRUE,A collection of identical physical servers that can be managed as a cluster. A singleton Cluster in a system model represents multiple Server-class Hosts.,cluster.svg,FALSE
package#Network,domain#ClusterHost,ClusterHost,FALSE,FALSE,FALSE,Common base class for any Host that represents a collection of Hosts.,,FALSE
package#Network,domain#ConsoleHost,ConsoleHost,FALSE,FALSE,FALSE,"A (physical) host with a user interface that also supports shell access, making it possible for users to log in. Attackers who can gain physical access could also exploit vulnerabilities and gain control over the device.",,FALSE
package#Network,domain#CoreNetwork,CoreNetwork,FALSE,TRUE,TRUE,"Represents a wide area, mostly wired network composed of several connected subnets that are not explicitly included.",,FALSE
package#Network,domain#CoreRouter,CoreRouter,FALSE,TRUE,TRUE,A type of wired network router that provides connections with and within core networks.,,FALSE
package#Network,domain#DataCentre,DataCentre,TRUE,FALSE,TRUE,"A building or buildings containing physical hosts and networks that can itself be connected to other networks, and used to support virtual hosts and management via a cloud platform. Internal connections and resources will be inferred where necessary, if not added manually.",data-center.svg,FALSE
package#Network,domain#DumbHost,DumbHost,FALSE,FALSE,FALSE,"A (physical) host device that has no built in (physical) user interface, which means it cannot be used directly by a Human.",,FALSE
package#Network,domain#EmailClient,EmailClient,TRUE,FALSE,TRUE,Represents an ESMTP Mail User Agent (MUA) process that is used interactively by its users.,email-small.svg,FALSE
package#Network,domain#EmailMUA,EmailMUA,FALSE,FALSE,FALSE,"Represents a general ESMTP Mail User Agent (MUA) process. It provides a means for attackers to send malicious content designed to trick its users. Used as a base class for assertible subclasses representing webmail services and desktop email clients, etc.",,FALSE
package#Network,domain#EmailService,EmailService,TRUE,FALSE,TRUE,Represents an ESMTP Mail User Agent (MUA) process accessed remotely by users. This is either via a WebBrowser (which makes the MUA a webmail service) or an EmailClient (which makes the MUA an IMAP/POP service). The MUA provides a means for attackers to send malicious content designed to trick its users.,email-service.svg,FALSE
package#Network,domain#FixedHost,FixedHost,FALSE,FALSE,FALSE,"A Host that is always located in one fixed Space, i.e. it doesn't move around, and its network connections are thus persistent.",,FALSE
package#Network,domain#GeneralHost,GeneralHost,FALSE,FALSE,FALSE,"A parent class for devices that are able to run arbitrary processes and hold data with no problems. Distinct from SimpleHost devices, which are specialised to a particular purpose.",,FALSE
package#Network,domain#GeneralProcess,GeneralProcess,FALSE,FALSE,FALSE,A process with significant complexity unable to run on a specialised device.,,FALSE
package#Network,domain#HContext,HContext,FALSE,FALSE,FALSE,A common parent class for host-related access contexts.,,FALSE
package#Network,domain#Host,Host,FALSE,FALSE,FALSE,"A device that can store, process, transmit or receive data.",,FALSE
package#Network,domain#HostContext,HostContext,FALSE,TRUE,FALSE,"Represents accessibility for a host when in a specific location, with links to the host, location (space), and networks it can be connected to in that location.",,FALSE
package#Network,domain#HostNetContext,HostNetContext,FALSE,TRUE,FALSE,"Represents accessibility for a host when on a specific subnet, with links to the host, subnet, and locations (spaces) where it can be connected to in that subnet.",,FALSE
package#Network,domain#HostPalette,Hosts,FALSE,FALSE,FALSE,"An overlay parent class descended from Palette Type, to be used to control the grouping of assertable assets in the SSM GUI Asset Palette.",,FALSE
package#Network,domain#InteractiveHost,InteractiveHost,FALSE,FALSE,FALSE,"A (physical) host with a user interface that allows users to interact with a process, but not to log into the host.",,FALSE
package#Network,domain#InternalSubnet,InternalSubnet,FALSE,FALSE,FALSE,A base class for logical subnets that are purely internal within a single host.,,FALSE
package#Network,domain#Internet,Internet,TRUE,FALSE,TRUE,"Special type of PhysicalSubnet, used as an abstraction for the core and access networks that make up the global, public Internet. There is only one Internet, so only one of these should appear in each system model.",world.svg,FALSE
package#Network,domain#L01Subnet,L01Subnet,FALSE,FALSE,FALSE,"Common parent of L0 and L1 subnets, i.e. subnets that support communication within a single host or between two paired hosts.",,FALSE
package#Network,domain#L0Subnet,L0Subnet,FALSE,FALSE,FALSE,An L0Subnet is one provided by a host for communication within that host. This covers API calls and socket level communication between hosted processes to emulated IP switching between virtual hosts. The key difference between this and L3 virtual networks is that intrusion on the network is impossible except by compromising a connected host.,,FALSE
package#Network,domain#L23Subnet,L23Subnet,FALSE,FALSE,FALSE,"Common parent of L2 and L3 subnets, i.e. subnets that support communication between different, unpaired hosts.",,FALSE
package#Network,domain#L2Subnet,L2Subnet,FALSE,FALSE,FALSE,An OSI Layer 2 subnet is one supporting communication between connected devices.,,FALSE
package#Network,domain#L3Subnet,L3Subnet,FALSE,FALSE,FALSE,An OSI Layer 3 subnet is one that supports addressing of messages between connected devices and devices that need not be connected to the same subnet.,,FALSE
package#Network,domain#LogicalSubnet,LogicalSubnet,FALSE,FALSE,FALSE,A base class for any means of communication between hosts.,,FALSE
package#Network,domain#LoginService,LoginService,TRUE,TRUE,TRUE,"Supports remote access to command line functionality on its host. If the service controls the host, it has root privileges, enabling remote system admin. If the service controls other processes running on the host, it has the privileges assigned to those processes, and users can interact via a remote terminal client with those processes. A desktop service may be configured as a restricted workspace by enabling security controls such that it does not allow the user unrestricted access to the shell, but only to processes that are specified as being available to the login service.",login-shell.svg,FALSE
package#Network,domain#MobileClient,MobileClient,TRUE,FALSE,TRUE,"A device that is mobile, but could be a Notebook, Smartphone, or Tablet. Used where different users may employ different types of client device, so the model cannot specify (or assume) a single type.",mobiles.svg,FALSE
package#Network,domain#MobileHost,MobileHost,FALSE,FALSE,FALSE,"A Host that has no fixed location, and whose network connections are thus mostly non-persistent.",,FALSE
package#Network,domain#NetworkAsset,NetworkAsset,FALSE,FALSE,FALSE,"Base class for all network assets excluding host devices, including abstract and real subnets, network interfaces, routes through gateway hosts, and extended network paths.",,FALSE
package#Network,domain#NetworkPalette,Networks,FALSE,FALSE,FALSE,"An overlay parent class descended from Palette Type, to be used to control the grouping of assertable assets in the SSM GUI Asset Palette.",,FALSE
package#Network,domain#Notebook,Notebook,TRUE,FALSE,TRUE,"A mobile physical host such as a PC, used to run application processes locally, including client processes for accessing services over a network.",laptop.svg,FALSE
package#Network,domain#PContext,PContext,FALSE,FALSE,FALSE,A common parent class for process-related access contexts.,,FALSE
package#Network,domain#PersonalHost,PersonalHost,FALSE,FALSE,FALSE,"A mobile or IoT device that is dedicated to a single user and carried wherever they go. It is possible for hosts of these types to be non-dedicated, but if a user both interacts with and manages them, they are considered dedicated.",,FALSE
package#Network,domain#PhysicalHost,PhysicalHost,FALSE,FALSE,FALSE,"A physical host device, that could therefore be physically as well as electronically attacked (unlike a VirtualHost).",,FALSE
package#Network,domain#PhysicalSubnet,PhysicalSubnet,FALSE,FALSE,FALSE,A physical subnet is one that makes direct use of physical hardware.,,FALSE
package#Network,domain#Process,Process,FALSE,FALSE,FALSE,"Represents a process (usually implemented by software running on a Host) that can read, update or create data, or exchange data with other processes.",,FALSE
package#Network,domain#ProcessContext,ProcessContext,FALSE,TRUE,FALSE,"Represents accessibility for a process when running on a specific host in a specific location, with links to the process, host, location (space), and networks it can use for communication in that location, plus channels and paths that are accessible to a client or available for accessing a service when in that location.",,FALSE
package#Network,domain#ProcessPalette,Process Types,FALSE,FALSE,FALSE,"An overlay parent class descended from Palette Type, to be used to control the grouping of assertable assets in the SSM GUI Asset Palette.",,FALSE
package#Network,domain#ProcNetContext,ProcNetContext,FALSE,TRUE,FALSE,"Represents accessibility for a process when running on a specific host on a specific subnet, with links to the process, host and subnet, and locations (spaces), where it can be connected to that subnet, plus channels and paths that are accessible to a client or available for accessing a service when it is connected.",,FALSE
package#Network,domain#RadioSubnet,RadioSubnet,FALSE,FALSE,FALSE,"A network that uses radio as its means of communication, and may therefore be snooped or jammed.",,FALSE
package#Network,domain#RemoteAccessClient,RemoteAccessClient,FALSE,FALSE,FALSE,A remote access client is any process that can be used to run commands or otherwise interact with processes running in a shell on a remote host.,,FALSE
package#Network,domain#RemoteAccessService,RemoteAccessService,FALSE,FALSE,TRUE,A remote access service is any process that can be accessed remotely and used to run commands or otherwise interact with processes running in a shell on its host.,,FALSE
package#Network,domain#RemoteTerminal,RemoteTerminal,TRUE,TRUE,TRUE,Provides a means to access the command line on a remote host via a login service running on that host.,remoteterminal.svg,FALSE
package#Network,domain#RemovableMedia,RemovableMedia,TRUE,FALSE,TRUE,"Represents the ability to use removable (e.g. USB) storage devices as a means to transfer data between hosts. Such devices therefore act a bit like networks, so in practice any threats are caused by the mechanism used to connect them to other hosts.",usbdrive.svg,FALSE
package#Network,domain#Router,Router,TRUE,TRUE,TRUE,A very simple fixed device used to transmit and receive data between different locally connected subnets.,router.svg,FALSE
package#Network,domain#Server,Server,TRUE,FALSE,TRUE,"A fixed physical host used to run application processes that are accessed remotely over a network. If your server device is not headless, make it a Workstation.",server.svg,FALSE
package#Network,domain#ShellHost,ShellHost,FALSE,FALSE,FALSE,"A parent class for devices that support access via something equivalent to a shell, i.e. a means for users to run and control processes.",,FALSE
package#Network,domain#SimpleHost,SimpleHost,FALSE,FALSE,FALSE,"A parent class for devices that are specialised for a purpose, and are therefore not normally able to host arbitrary processes and data. As distinct from GeneralHost devices, which have no such limitations.",,FALSE
package#Network,domain#SimpleProcess,SimpleProcess,FALSE,FALSE,TRUE,A process with limited complexity able to run on a specialised device.,,FALSE
package#Network,domain#Smartphone,Smartphone,TRUE,FALSE,TRUE,A mobile physical host used to run apps that mostly act as clients for accessing services over a network.,phone.svg,FALSE
package#Network,domain#Smartwatch,Smartwatch,TRUE,FALSE,TRUE," A mobile physical host used to run apps that mostly act as clients for accessing services over a network, and which typically connects using near field communications to a router such as a smartphone.",watch.svg,FALSE
package#Network,domain#SMSClient,SMSClient,TRUE,TRUE,TRUE,"Represents a text messaging client running on a phone that is used interactively by its users. The domain model assumes every smart phone will be running one of these clients, but they must be inserted by users if they run on other devices including tablets or PCs, etc.",phone-sms.svg,FALSE
package#Network,domain#SocketLAN,SocketLAN,FALSE,TRUE,TRUE,Represents the ability of processes on a common host to communicate with each other using the loopback address.,,FALSE
package#Network,domain#Tablet,Tablet,TRUE,FALSE,TRUE,"A mobile physical host used to run apps, some of which run locally but many act as clients for accessing services over a network.",tablet.svg,FALSE
package#Network,domain#TrivialHost,TrivialHost,FALSE,FALSE,FALSE,"A device specialised to support functionality so limited that it does not support shell access, e.g. a USB thumb drive, IoT controller or IoT sensor.",,FALSE
package#Network,domain#TrivialProcess,TrivialProcess,FALSE,FALSE,FALSE,"A type of simple process that is so trivial that some types of threats arise so rarely they can be neglected, e.g. threats involving software bugs.",,FALSE
package#Network,domain#TypeOverlayHost,TypeOverlayHost,FALSE,FALSE,FALSE,A base class for all host classification overlay parent classes.,,FALSE
package#Network,domain#TypeOverlayProcess,TypeOverlayProcess,FALSE,FALSE,FALSE,A base class for all process classification overlay parent classes.,,FALSE
package#Network,domain#TypeOverlaySubnet,TypeOverlaySubnet,FALSE,FALSE,FALSE,A base class for logical subnet classification overlay parent classes.,,FALSE
package#Network,domain#WiFiLAN,WiFiLAN,TRUE,TRUE,TRUE,A locally connected physical network that uses radio communication.,wifi.svg,FALSE
package#Network,domain#WiredLAN,WiredLAN,TRUE,TRUE,TRUE,A locally connected network in which connections between hosts are provided by physical wires.,cables.svg,FALSE
package#Network,domain#WiredSubnet,WiredSubnet,FALSE,FALSE,FALSE,A network that uses physical wiring as its means of communication.,,FALSE
package#Network,domain#Workstation,Workstation,TRUE,FALSE,TRUE,"A fixed physical host with a fully functional user interface, including a conventional PC, used to run interactive applications locally, as well as interactive client processes for accessing services over a network.",pc.svg,FALSE
package#NetworkConnectivity,domain#ClosedSegment,ClosedSegment,FALSE,TRUE,FALSE,"A route between subnets via a gateway on which messages cannot be routed by default.  Subclasses are used to represent cases where messages can be routed, so a route represented by the base class only is one where messages cannot be sent unless they are replies on a previously established connection.",,FALSE
package#NetworkConnectivity,domain#CommsAsset,CommsAsset,FALSE,FALSE,FALSE,Base class for all assets representing network communications.,,FALSE
package#NetworkConnectivity,domain#DeNATSegment,DeNATSegment,FALSE,FALSE,TRUE,"A route through a NAT device (or equivalent) from a public subnet to a private one. In an IPv4 network, destination addresses for messages along this route must be translated from public to private addresses. This would normally only happen if the message is a response in a previously established connection from private to public subnets, unless port forwarding is implemented to allow access to specific services.",,FALSE
package#NetworkConnectivity,domain#Interface,Interface,FALSE,TRUE,TRUE,"The interface between a Host and a Logical Subnet. Represents a possible point of control and a target for attack. If the Logical Subnet is an IP network, the Interface also represents the existence of an IP address.",,FALSE
package#NetworkConnectivity,domain#LogicalPath,LogicalPath,FALSE,FALSE,FALSE,Base class for network paths.,,FALSE
package#NetworkConnectivity,domain#LogicalRoute,LogicalRoute,FALSE,FALSE,FALSE,A route through a Host between two connected Logical Subnets along which it is always possible to route messages.,,FALSE
package#NetworkConnectivity,domain#LogicalSegment,LogicalSegment,FALSE,FALSE,FALSE,A base class representing a route through a Host between any two distinct Logical Subnets of any kind.,,FALSE
package#NetworkConnectivity,domain#NATSegment,NATSegment,FALSE,TRUE,FALSE,"Route through a Host between two distinct Logical Subnets in which the source of the message (e.g. its IP address) is rewritten in transit through the gateway Host. If both subnets are IP networks, this corresponds to SNAT on outbound messages.",,FALSE
package#NetworkConnectivity,domain#NetworkPath,NetworkPath,FALSE,TRUE,FALSE,Represents a path in the network between two LogicalSubnets.,,FALSE
package#NetworkConnectivity,domain#OpenSegment,OpenSegment,FALSE,TRUE,FALSE,"A route through a Host between two connected Logical Subnets along which it is possible to route messages where the message source need not be obfuscated by any form of network address translation, although the destination address may in some cases be changed from that of the gateway Host.",,FALSE
package#NetworkConnectivity,domain#PhysicalPath,PhysicalPath,FALSE,TRUE,FALSE,Represents a path in the network between two LogicalSubnets in which all of the subnets involved are physical.,,FALSE
package#NetworkConnectivityInference,domain#NetworkInferenceAsset,NetworkInferenceAsset,FALSE,FALSE,FALSE,A base class for any assets used only to model state created by network connectivity inference patterns.,,FALSE
package#NetworkConnectivityInference,domain#NPE,NPE,FALSE,TRUE,FALSE,Used for model construction only.,,TRUE
package#NetworkConnectivityInference,domain#PPE,PPE,FALSE,TRUE,FALSE,Used for model construction only.,,TRUE
package#Physical,domain#BoundedSpace,BoundedSpace,TRUE,FALSE,TRUE,"A public space with a boundary, so it can feasibly be checked or inspected despite being a public space. The boundary may be a physical perimeter (e.g. as in a public building), or non-physical (e.g. a region within an open space whose boundary is specified on a map). Note that access to the space cannot be restricted. A separate PrivateSpace type is used for bounded spaces with a secure perimeter and access restrictions.",publicspace.svg,FALSE
package#Physical,domain#PhysicalPalette,Physical Locations,FALSE,FALSE,FALSE,"An overlay parent class descended from Palette Type, to be used to control the grouping of assertable assets in the SSM GUI Asset Palette.",,FALSE
package#Physical,domain#PrivateSpace,PrivateSpace,TRUE,FALSE,TRUE,Represents a bounded physical space that can be secured to restrict access.,privatespace.svg,FALSE
package#Physical,domain#PublicSpace,PublicSpace,TRUE,FALSE,TRUE,"Represents an open physical space that anyone can access, lacking even a defined boundary so it cannot even be patrolled or inspected. Use the Bounded Space type for more localised regions or public buildings, etc.",space.svg,FALSE
package#Physical,domain#Space,Space,FALSE,FALSE,FALSE,Represents a physical space in which devices may be located or from which networks may be accessed.,,FALSE
package#Physical,domain#World,World,FALSE,TRUE,FALSE,A singleton subclass of Public Space representing all unsecured physical locations that are not in any other Space.,,FALSE
package#Privacy,domain#BiometricData,BiometricData,TRUE,FALSE,TRUE,A data item or set that contains biometric measurements relating to individuals.,biometricdata.svg,FALSE
package#Privacy,domain#GeneticData,GeneticData,TRUE,FALSE,TRUE,A data item or set that contains genetic information relating to individuals.,geneticdata.svg,FALSE
package#Privacy,domain#HealthData,HealthData,TRUE,FALSE,TRUE,"A data item or set that contains health information, which may or may not be related to a specific individual.",healthdata.svg,FALSE
package#Privacy,domain#HealthSensor,HealthSensor,TRUE,FALSE,TRUE,"A sensor for acquiring health related data from a patient. Has no console allowing login, but it may have an interface allowing some interaction with a human user, who may or may not be the patient.",health-sensor.svg,FALSE
package#ProcessComms,domain#AttackPath,AttackPath,FALSE,FALSE,FALSE,Base class for all attack paths.,,FALSE
package#ProcessComms,domain#ClientAttackPath,ClientAttackPath,FALSE,FALSE,FALSE,Base class for all attack paths related to a specific client.,,FALSE
package#ProcessComms,domain#ClientChannel,ClientServiceRelationship,FALSE,TRUE,FALSE,"Represents a trust relationship between a Client and a Service. Exists where the two communicate directly, or where the Service may need to know the identity of the Client.",,FALSE
package#ProcessComms,domain#ClientPath,ClientPath,FALSE,TRUE,FALSE,Represents a path to a service from a logical subnet that is on a path from a specific legitimate client.,,FALSE
package#ProcessComms,domain#ClosedClientAttackPath,ClosedClientServiceAttackPath,FALSE,TRUE,FALSE,Path to a service from a subnet from which a message can be sent to the service that (due to network address translation) would appear to come from a source address that is indistinguishable from a specific legitimate client.,,FALSE
package#ProcessComms,domain#ClosedServiceAttackPath,ClosedServiceAttackPath,FALSE,TRUE,FALSE,Path to a service from a subnet from which a message can be sent to the service that (due to network address translation) would appear to come from a source address that is indistinguishable from at least one legitimate client.,,FALSE
package#ProcessComms,domain#ConnectionAsset,ConnectionAsset,FALSE,FALSE,FALSE,"Base class for assets representing process-process relationships, privileged communication channels, and opportunities for attacks using those channels.",,FALSE
package#ProcessComms,domain#ConnectionChannel,ConnectionChannel,FALSE,FALSE,FALSE,Base class for client-service connection assets.,,FALSE
package#ProcessComms,domain#ConnectionPath,ConnectionPath,FALSE,FALSE,FALSE,Base class for paths linked to logical subnets through which client-service connection requests are made.,,FALSE
package#ProcessComms,domain#OpenClientAttackPath,OpenClientServiceAttackPath,FALSE,TRUE,FALSE,"Path to a service from a subnet which is on a path from a legitimate client, so messages sent from this subnet can reach the service, even if default firewall rules could normally prevent it.",,FALSE
package#ProcessComms,domain#OpenServiceAttackPath,OpenServiceAttackPath,FALSE,TRUE,FALSE,"Path to a service from a subnet which is on a path from at least one legitimate client, so messages sent from this subnet can reach the service, even if default firewall rules could normally prevent it.",,FALSE
package#ProcessComms,domain#ServiceAttackPath,ServiceAttackPath,FALSE,FALSE,FALSE,Base class for all attack paths not related to a specific client.,,FALSE
package#ProcessComms,domain#ServiceChannel,ClientServiceChannel,FALSE,TRUE,FALSE,"Represents a communication path through the network between a Client and a Service. This channel is privileged, in the sense that where default firewall rules would block connections from the Client to the Service, they are enabled by an exception to the default rules.",,FALSE
package#ProcessComms,domain#ServiceProxy,ReverseProxy,TRUE,FALSE,TRUE,"A simple reverse proxy process that provides a proxy endpoint for some other, usually HTTP(S) service.",reverse-proxy.svg,FALSE
package#Users,domain#Adult,Adult,TRUE,FALSE,TRUE,A Human who is legally competent to give their consent for any process resulting from their participation in an IT based system.,adult.svg,FALSE
package#Users,domain#Child,Child,TRUE,FALSE,TRUE,A Human who is below the applicable age of consent for participation in an IT-based system.,boy.svg,FALSE
package#Users,domain#Human,Human,TRUE,FALSE,TRUE,An individual user role within the socio-technical system that uses and/or manages assets.,person.svg,FALSE
package#Users,domain#Organisation,Organisation,TRUE,FALSE,TRUE,"A group working together in pursuit of goals, which may or may not be shared by all the individuals participating in the group. An organisation need not be a legal entity with similar legal status to an individual (e.g. a limited company, charity or government department), as it may represent a loose federation or social group. If your organisation is a legal entity, make it a Legal Organisation instead.",people.svg,FALSE
package#Users,domain#Stakeholder,Stakeholder,FALSE,FALSE,FALSE,"Represents an entity with motives for engaging in the modelled system. Note that systems are modelled as socio-cyber-physical systems, so users and various organisational actors are considered part of a system they are using.",,FALSE
package#Virtualisation,domain#HostChannel,HostChannel,FALSE,TRUE,TRUE,"Represents a physical network path between physical hosts that is used to route traffic in a virtual subnet, underpinning a Virtual Channel.",,FALSE
package#Virtualisation,domain#HostLAN,HostLAN,FALSE,TRUE,TRUE,A locally connected (virtual) network between a host device and virtual hosts provisioned on that device.,,FALSE
package#Virtualisation,domain#OverlaySubnet,OverlaySubnet,FALSE,FALSE,FALSE,"A subnet implemented using iptables rules to provide an IP address overlay on an existing network. This can be used to route between virtual hosts using a network that connects their physical hosts, for example.",,FALSE
package#Virtualisation,domain#ScalableHost,ScalableHost,FALSE,FALSE,FALSE,"Common parent class for any host that is automatically scalable, i.e. a virtual host where the number of instances can be increased to handle increased loads.",,FALSE
package#Virtualisation,domain#VCluster,VCluster,TRUE,FALSE,TRUE,A collection of identical virtual servers that can be managed as a cluster. A singleton VCluster in a system model represents multiple VM-class Hosts.,vcluster.svg,FALSE
package#Virtualisation,domain#VirtualChannel,VirtualChannel,FALSE,TRUE,FALSE,Link between two physical hosts that is needed to support communication between clients and services over virtual networks.,,FALSE
package#Virtualisation,domain#VirtualHost,VirtualHost,FALSE,FALSE,FALSE,"A virtualised device provisioned by another Host, usually but not always at a data centre, using a subset of the underlying physical hardware capacity. Distinct from a PhysicalHost.",,FALSE
package#Virtualisation,domain#VirtualSubnet,VirtualSubnet,FALSE,FALSE,FALSE,A virtual subnet is any subnet comprising a slice (in any sense) of one or more physical subnets.,,FALSE
package#Virtualisation,domain#VM,VM,TRUE,FALSE,TRUE,"A virtual host provisioned at a data centre, allocated a fraction of the underlying physical hardware capacity, and able to host arbitrary applications and data.",vm.svg,FALSE
package#Virtualisation,domain#VPN,VPN,FALSE,FALSE,FALSE,"A virtual network created by means of protocol tunnelling over other networks. Packet level encryption is usually but not always used, so only physical routing headers (not VPN headers or message content) is accessible in the underlying network.",,FALSE
package#Virtualisation,domain#VRouter,VRouter,TRUE,FALSE,TRUE,A very simple virtual device used to transmit and receive data between different locally connected (possibly virtual) subnets.,vrouter.svg,FALSE
package#Virtualisation,domain#VXLAN,VXLAN,TRUE,TRUE,TRUE,A locally connected virtual network in which connections between hosts are transported over other networks. Includes software defined networks.,controlplane.svg,FALSE
