package,inPattern,hasNode,hasSetting,displayedAtNode,displayedAtLink,displayedAt
domain#000000,domain#CP-CNR-CN+CN,domain#Node-CoreNetwork-CoreNetwork,domain#INS-CNR-CN+CN-CoreNetwork,TRUE,FALSE,domain#Node-CellularNetwork-CellularNetwork
package#5G,domain#CP-CNR-CN+CN,domain#Node-CoreNetwork-CoreNetwork,domain#INS-CNR-CN+CN-CoreNetwork,TRUE,FALSE,domain#Node-CellularNetwork-CellularNetwork
package#5G,domain#CP-CNS-RAN+RAN,domain#Node-RAN-RAN,domain#INS-CNS-RAN+RAN-RAN,TRUE,FALSE,domain#Node-Space-Space
package#5G,domain#CP-CrCcL3+NSg,domain#Node-LogicalSegment-NATSegment,domain#INS-CrCcL3+NSg-LogicalSegment,TRUE,FALSE,domain#Node-Gateway-Host
package#5G,domain#CP-L3c-rBrPR+DSg,domain#Node-LogicalSegment-DeNATSegment,domain#INS-L3c-rBrPR+DSg-LogicalSegment,TRUE,FALSE,domain#Node-Gateway-Host
package#5G,domain#CP-L3c-rBrUR+CSg,domain#Node-LogicalSegment-ClosedSegment,domain#INS-L3c-rBrUR+CSg-LogicalSegment,TRUE,FALSE,domain#Node-Gateway-Host
package#5G,domain#CP-L3cCrPC+DSg,domain#Node-LogicalSegment-DeNATSegment,domain#INS-L3cCrPC+DSg-LogicalSegment,TRUE,FALSE,domain#Node-Gateway-Host
package#5G,domain#CP-L3cCrUC+CSg,domain#Node-LogicalSegment-ClosedSegment,domain#INS-L3cCrUC+CSg-LogicalSegment,TRUE,FALSE,domain#Node-Gateway-Host
package#5G,domain#CP-L3cGc-rR+NSg,domain#Node-LogicalSegment-NATSegment,domain#INS-L3cGc-rR+NSg-LogicalSegment,TRUE,FALSE,domain#Node-Gateway-Host
package#5G,domain#CP-L3rBrPR+DSg,domain#Node-LogicalSegment-DeNATSegment,domain#INS-L3rBrPR+DSg-LogicalSegment,TRUE,FALSE,domain#Node-Gateway-Host
package#5G,domain#CP-L3rBrUR+CSg,domain#Node-LogicalSegment-ClosedSegment,domain#INS-L3rBrUR+CSg-LogicalSegment,TRUE,FALSE,domain#Node-Gateway-Host
package#5G,domain#CP-PCN+W,domain#Node-World-World,domain#INS-PCN+W-World,TRUE,FALSE,domain#Node-PublicCellularNetwork-PublicCellularNetwork
package#5G,domain#CP-PCN-R+R,domain#Node-Router-CoreRouter,domain#INS-PCN-R+R-Router,TRUE,FALSE,domain#Node-PublicCellularNetwork-PublicCellularNetwork
package#5G,domain#CP-PCNSRAN-p+BS,domain#Node-BaseStation-BaseStation,domain#INS-PCNSRAN-p+BS-BaseStation,TRUE,FALSE,domain#Node-Space-Space
package#5G,domain#CP-PCc-rBrPR+DSg,domain#Node-LogicalSegment-DeNATSegment,domain#INS-PCc-rBrPR+DSg-LogicalSegment,TRUE,FALSE,domain#Node-Gateway-Host
package#5G,domain#CP-PRrBc-rL3+NSg,domain#Node-LogicalSegment-NATSegment,domain#INS-PRrBc-rL3+NSg-LogicalSegment,TRUE,FALSE,domain#Node-Gateway-Host
package#5G,domain#CP-PRrBrPR+OSg,domain#Node-LogicalSegment-OpenSegment,domain#INS-PRrBrPR+OSg-LogicalSegment,TRUE,FALSE,domain#Node-Gateway-Host
package#5G,domain#CP-Rc-rGcL3+DSg,domain#Node-LogicalSegment-DeNATSegment,domain#INS-Rc-rGcL3+DSg-LogicalSegment,TRUE,FALSE,domain#Node-Gateway-Host
package#5G,domain#CP-RrBc-rC+NSg,domain#Node-LogicalSegment-NATSegment,domain#INS-RrBc-rC+NSg-LogicalSegment,TRUE,FALSE,domain#Node-Gateway-Host
package#5G,domain#CP-RrBrL3+NSg,domain#Node-LogicalSegment-NATSegment,domain#INS-RrBrL3+NSg-LogicalSegment,TRUE,FALSE,domain#Node-Gateway-Host
package#5G,domain#CP-UCNSRAN-p+BS,domain#Node-BaseStation-BaseStation,domain#INS-UCNSRAN-p+BS-BaseStation,TRUE,FALSE,domain#Node-Space-Space
package#5G,domain#CP-UCc-rBrUR+CSg,domain#Node-LogicalSegment-ClosedSegment,domain#INS-UCc-rBrUR+CSg-LogicalSegment,TRUE,FALSE,domain#Node-Gateway-Host
package#5G,domain#CP-URrBc-rL3+CSg,domain#Node-LogicalSegment-ClosedSegment,domain#INS-URrBc-rL3+CSg-LogicalSegment,TRUE,FALSE,domain#Node-Gateway-Host
package#5G,domain#CP-URrBrUR+CSg,domain#Node-LogicalSegment-ClosedSegment,domain#INS-URrBrUR+CSg-LogicalSegment,TRUE,FALSE,domain#Node-Gateway-Host
package#Application,domain#CP-HuiCHDtS-AC+AC,domain#Node-RemoteDesktop-RemoteDesktop,domain#INS-HuiCHDtS-AC+AC-RemoteDesktop,TRUE,FALSE,domain#Node-ConsoleHost-ConsoleHost
package#Application,domain#CP-HuiCHDtS-AC+AC,domain#Node-RemoteTerminal-RemoteTerminal,domain#INS-HuiCHDtS-AC+AC-RemoteTerminal,TRUE,FALSE,domain#Node-ConsoleHost-ConsoleHost
package#CloudManagement,domain#CP-DCCM-A+A,domain#Node-APIServer-APIServer,domain#INS-DCCM-A+A-APIServer,TRUE,FALSE,domain#Node-DataCentre-DataCentre
package#CloudManagement,domain#CP-DCCM-P+P,domain#Node-Ingress-Ingress,domain#INS-DCCM-P+P-Ingress,TRUE,FALSE,domain#Node-DataCentre-DataCentre
package#CloudManagement,domain#CP-DCCt-Pod+Pod,domain#Node-Pod-Pod,domain#INS-DCCt-Pod+Pod-Pod,TRUE,FALSE,domain#Node-Container-Container
package#CloudManagement,domain#CP-DCMW-LS+VX,domain#Node-VirtualSubnet-VXLAN,domain#INS-DCMW-LS+VX-VirtualSubnet,TRUE,FALSE,domain#Node-DataCentre-DataCentre
package#CloudManagement,domain#CP-DCPS-Pod+Pod,domain#Node-Pod-Pod,domain#INS-DCPS-Pod+Pod-Pod,TRUE,FALSE,domain#Node-Process-Process
package#CloudManagement,domain#CP-MWHLS+CIP,domain#Node-ClusterIP-ClusterIP,domain#INS-MWHLS+CIP-ClusterIP,TRUE,FALSE,domain#Node-LogicalSubnet-LogicalSubnet
package#CloudManagement,domain#CP-PodDCC-M+M,domain#Node-CloudMaster-Master,domain#INS-PodDCC-M+M-CloudMaster,TRUE,FALSE,domain#Node-DataCentre-DataCentre
package#CloudManagement,domain#CP-PodDCMC-W-H+W,domain#Node-CloudWorker-Worker,domain#INS-PodDCMC-W-H+W-CloudWorker,TRUE,FALSE,domain#Node-DataCentre-DataCentre
package#CloudManagement,domain#CP-PodP-Cn+Cn,domain#Node-Container-Container,domain#INS-PodP-Cn+Cn-Container,TRUE,FALSE,domain#Node-Process-Process
package#DataLifecycle,domain#CP-CS-SP+DX,domain#Node-DataExchange-DataExchange,domain#INS-CS-SP+DX-DataExchange,FALSE,TRUE,domain#Link-Client-uses-Service
package#DataLifecycle,domain#CP-DDDCDP2oDS+DC,domain#Node-NewDataChannel-DataChannel,domain#INS-DDDCDP2oDS+DC-NewDataChannel,TRUE,FALSE,domain#Node-DataAccess-DataAccess
package#DataLifecycle,domain#CP-DDDCDS2P+DF,domain#Node-DataFlow-DataFlow,domain#INS-DDDCDS2P+DF-DataFlow,TRUE,FALSE,domain#Node-Data-Data
package#DataLifecycle,domain#CP-DDDPS+DC,domain#Node-DataChannel-DataChannel,domain#INS-DDDPS+DC-DataChannel,TRUE,FALSE,domain#Node-DataAccess-DataAccess
package#DataLifecycle,domain#CP-DSDCDD2P+DF,domain#Node-DataFlow-DataFlow,domain#INS-DSDCDD2P+DF-DataFlow,TRUE,FALSE,domain#Node-Data-Data
package#DataLifecycle,domain#CP-DSDCDP2oDD+DC,domain#Node-NewDataChannel-DataChannel,domain#INS-DSDCDP2oDD+DC-NewDataChannel,TRUE,FALSE,domain#Node-DataAccess-DataAccess
package#DataLifecycle,domain#CP-DSDPS+DC,domain#Node-DataChannel-DataChannel,domain#INS-DSDPS+DC-DataChannel,TRUE,FALSE,domain#Node-DataAccess-DataAccess
package#DataLifecycle,domain#CP-FwdDFf2DP2P+DS,domain#Node-DataStep-DataStep,domain#INS-FwdDFf2DP2P+DS-DataStep,TRUE,FALSE,domain#Node-DataFlow-DataFlow
package#DataLifecycle,domain#CP-FwdDFfDP2P+DS,domain#Node-DataStep-DataStep,domain#INS-FwdDFfDP2P+DS-DataStep,TRUE,FALSE,domain#Node-DataFlow-DataFlow
package#DataLifecycle,domain#CP-FwdDFtDP2P+DS,domain#Node-DataStep-DataStep,domain#INS-FwdDFtDP2P+DS-DataStep,TRUE,FALSE,domain#Node-DataFlow-DataFlow
package#DataLifecycle,domain#CP-H-sDFCFdS-ACau+DS,domain#Node-DataCopy-DataCache,domain#INS-H-sDFCFdS-ACau+DS-DataCopy,TRUE,FALSE,domain#Node-Host-Host
package#DataLifecycle,domain#CP-H-sDFSACaiFS+DS,domain#Node-DataCopy-DataCache,domain#INS-H-sDFSACaiFS+DS-DataCopy,TRUE,FALSE,domain#Node-Host-Host
package#DataLifecycle,domain#CP-H-sDFSFdC+DS,domain#Node-DataCopy-DataCache,domain#INS-H-sDFSFdC+DS-DataCopy,TRUE,FALSE,domain#Node-Host-Host
package#DataLifecycle,domain#CP-H-sDFcCaiAC+DS,domain#Node-DataCopy-DataCache,domain#INS-H-sDFcCaiAC+DS-DataCopy,TRUE,FALSE,domain#Node-Host-Host
package#DataLifecycle,domain#CP-H-sDFcCr-aAC+DS,domain#Node-DataCopy-DataCache,domain#INS-H-sDFcCr-aAC+DS-DataCopy,TRUE,FALSE,domain#Node-Host-Host
package#DataLifecycle,domain#CP-H-sDFrSACdDFiaS+DS,domain#Node-DataCopy-DataCache,domain#INS-H-sDFrSACdDFiaS+DS-DataCopy,TRUE,FALSE,domain#Node-Host-Host
package#DataLifecycle,domain#CP-H-sDFuCudDFdS-ACau+DS,domain#Node-DataCopy-DataCache,domain#INS-H-sDFuCudDFdS-ACau+DS-DataCopy,TRUE,FALSE,domain#Node-Host-Host
package#DataLifecycle,domain#CP-H-sDFuSdC+DS,domain#Node-DataCopy-DataCache,domain#INS-H-sDFuSdC+DS-DataCopy,TRUE,FALSE,domain#Node-Host-Host
package#DataLifecycle,domain#CP-HD-aHD-DS+DS,domain#Node-DataCopy-DataCopy,domain#INS-HD-aHD-DS+DS-DataCopy,TRUE,FALSE,domain#Node-Data-Data
package#DataLifecycle,domain#CP-HHuWE+D,domain#Node-Data-SpamData,domain#INS-HHuWE+D-Data,TRUE,FALSE,domain#Node-MUA-EmailClient
package#DataLifecycle,domain#CP-HHuWE+D,domain#Node-DataFlow-DataFlow,domain#INS-HHuWE+D-DataFlow,TRUE,FALSE,domain#Node-WebBrowser-WebBrowser
package#DataLifecycle,domain#CP-HHuWSMS+D,domain#Node-Data-SpamData,domain#INS-HHuWSMS+D-Data,TRUE,FALSE,domain#Node-MUA-SMSClient
package#DataLifecycle,domain#CP-HHuWSMS+D,domain#Node-DataFlow-DataFlow,domain#INS-HHuWSMS+D-DataFlow,TRUE,FALSE,domain#Node-WebBrowser-WebBrowser
package#DataLifecycle,domain#CP-HPrD-DS-DA+DR,domain#Node-DataRelay-TempDataRelay,domain#INS-HPrD-DS-DA+DR-DataRelay,TRUE,FALSE,domain#Node-Data-Data
package#DataLifecycle,domain#CP-HPsD-DS+DR,domain#Node-DataRelay-DataRelay,domain#INS-HPsD-DS+DR-DataRelay,TRUE,FALSE,domain#Node-Data-Data
package#DataLifecycle,domain#CP-HSDADPDXP-Hu-DP+DP,domain#Node-NewDataPath-DataPath,domain#INS-HSDADPDXP-Hu-DP+DP-NewDataPath,TRUE,FALSE,domain#Node-DB-Process
package#DataLifecycle,domain#CP-HSDADPPDXP-Hu-DP+DP,domain#Node-NewDataPath-DataPath,domain#INS-HSDADPPDXP-Hu-DP+DP-NewDataPath,TRUE,FALSE,domain#Node-Service-Process
package#DataLifecycle,domain#CP-HuSP+SMS,domain#Node-Process-SMSClient,domain#INS-HuSP+SMS-Process,TRUE,FALSE,domain#Node-SmartPhone-Smartphone
package#DataLifecycle,domain#CP-HuWES+D,domain#Node-Data-SpamData,domain#INS-HuWES+D-Data,TRUE,FALSE,domain#Node-MUA-EmailService
package#DataLifecycle,domain#CP-HuWES+D,domain#Node-DataFlow-DataFlow,domain#INS-HuWES+D-DataFlow,TRUE,FALSE,domain#Node-MUA-EmailService
package#DataLifecycle,domain#CP-HuaDPH-DS-DA+DU,domain#Node-DataUpdate-DataUpdate,domain#INS-HuaDPH-DS-DA+DU-DataUpdate,TRUE,FALSE,domain#Node-Data-Data
package#DataLifecycle,domain#CP-HuaDPH-DS-DP+UP,domain#Node-DataUpdate-UpdatePool,domain#INS-HuaDPH-DS-DP+UP-DataUpdate,TRUE,FALSE,domain#Node-Data-Data
package#DataLifecycle,domain#CP-HuaDRAC-DA+RUA,domain#Node-RemoteUserAccess-RemoteUserAccess,domain#INS-HuaDRAC-DA+RUA-RemoteUserAccess,TRUE,FALSE,domain#Node-Data-Data
package#DataLifecycle,domain#CP-HuaDSPH+S-DA+DU,domain#Node-DataUpdate-DataUpdate,domain#INS-HuaDSPH+S-DA+DU-DataUpdate,TRUE,FALSE,domain#Node-Data-Data
package#DataLifecycle,domain#CP-HuaDSPH-DP+UP,domain#Node-DataUpdate-UpdatePool,domain#INS-HuaDSPH-DP+UP-DataUpdate,TRUE,FALSE,domain#Node-Data-Data
package#DataLifecycle,domain#CP-HuaDSPH-S-DA+DU,domain#Node-DataUpdate-UpdatePool,domain#INS-HuaDSPH-S-DA+DU-DataUpdate,TRUE,FALSE,domain#Node-Data-Data
package#DataLifecycle,domain#CP-Hui-vDPH-DS-DA+DO,domain#Node-DataOutput-DataOutput,domain#INS-Hui-vDPH-DS-DA+DO-DataOutput,TRUE,FALSE,domain#Node-Data-Data
package#DataLifecycle,domain#CP-Hui-vDPH-DS-DP+OP,domain#Node-DataOutput-OutputPool,domain#INS-Hui-vDPH-DS-DP+OP-DataOutput,TRUE,FALSE,domain#Node-Data-Data
package#DataLifecycle,domain#CP-Hui-vDSPH+S-DA+DO,domain#Node-DataOutput-DataOutput,domain#INS-Hui-vDSPH+S-DA+DO-DataOutput,TRUE,FALSE,domain#Node-Data-Data
package#DataLifecycle,domain#CP-Hui-vDSPH-DP+OP,domain#Node-DataOutput-OutputPool,domain#INS-Hui-vDSPH-DP+OP-DataOutput,TRUE,FALSE,domain#Node-Data-Data
package#DataLifecycle,domain#CP-Hui-vDSPH-S-DA+DO,domain#Node-DataOutput-OutputPool,domain#INS-Hui-vDSPH-S-DA+DO-DataOutput,TRUE,FALSE,domain#Node-Data-Data
package#DataLifecycle,domain#CP-PDO-DI+DP,domain#Node-NewDataPath-DataPath,domain#INS-PDO-DI+DP-NewDataPath,TRUE,FALSE,domain#Node-Process-Process
package#DataLifecycle,domain#CP-PDP+DP,domain#Node-NewDataPath-DataPath,domain#INS-PDP+DP-NewDataPath,TRUE,FALSE,domain#Node-Process-Process
package#DataLifecycle,domain#CP-PaDH-DS-Hu-DA+DU,domain#Node-DataUpdate-DataUpdate,domain#INS-PaDH-DS-Hu-DA+DU-DataUpdate,TRUE,FALSE,domain#Node-Data-Data
package#DataLifecycle,domain#CP-PaDH-DS-Hu-DP+UP,domain#Node-DataUpdate-UpdatePool,domain#INS-PaDH-DS-Hu-DP+UP-DataUpdate,TRUE,FALSE,domain#Node-Data-Data
package#DataLifecycle,domain#CP-PaDSH+S-Hu-DA+DU,domain#Node-DataUpdate-DataUpdate,domain#INS-PaDSH+S-Hu-DA+DU-DataUpdate,TRUE,FALSE,domain#Node-Data-Data
package#DataLifecycle,domain#CP-PaDSH-Hu-DP+UP,domain#Node-DataUpdate-UpdatePool,domain#INS-PaDSH-Hu-DP+UP-DataUpdate,TRUE,FALSE,domain#Node-Data-Data
package#DataLifecycle,domain#CP-PaDSH-S-Hu-DA+DU,domain#Node-DataUpdate-UpdatePool,domain#INS-PaDSH-S-Hu-DA+DU-DataUpdate,TRUE,FALSE,domain#Node-Data-Data
package#DataLifecycle,domain#CP-Pc-rDH-DS-Hu-DA+DO,domain#Node-DataOutput-DataOutput,domain#INS-Pc-rDH-DS-Hu-DA+DO-DataOutput,TRUE,FALSE,domain#Node-Data-Data
package#DataLifecycle,domain#CP-Pc-rDH-DS-Hu-DP+OP,domain#Node-DataOutput-OutputPool,domain#INS-Pc-rDH-DS-Hu-DP+OP-DataOutput,TRUE,FALSE,domain#Node-Data-Data
package#DataLifecycle,domain#CP-Pc-rDSH+S-Hu-DA+DO,domain#Node-DataOutput-DataOutput,domain#INS-Pc-rDSH+S-Hu-DA+DO-DataOutput,TRUE,FALSE,domain#Node-Data-Data
package#DataLifecycle,domain#CP-Pc-rDSH-Hu-DP+OP,domain#Node-DataOutput-OutputPool,domain#INS-Pc-rDSH-Hu-DP+OP-DataOutput,TRUE,FALSE,domain#Node-Data-Data
package#DataLifecycle,domain#CP-Pc-rDSH-S-Hu-DA+DO,domain#Node-DataOutput-OutputPool,domain#INS-Pc-rDSH-S-Hu-DA+DO-DataOutput,TRUE,FALSE,domain#Node-Data-Data
package#DataLifecycle,domain#CP-Pr-cDH-DS-Hu-DA+DI,domain#Node-DataInput-DataInput,domain#INS-Pr-cDH-DS-Hu-DA+DI-DataInput,TRUE,FALSE,domain#Node-Data-Data
package#DataLifecycle,domain#CP-Pr-cDSH+S-Hu-DA+DI,domain#Node-DataInput-DataInput,domain#INS-Pr-cDSH+S-Hu-DA+DI-DataInput,TRUE,FALSE,domain#Node-Data-Data
package#DataLifecycle,domain#CP-Pr-cDSH-Hu-DP+IP,domain#Node-DataInput-InputPool,domain#INS-Pr-cDSH-Hu-DP+IP-DataInput,TRUE,FALSE,domain#Node-Data-Data
package#DataLifecycle,domain#CP-Pr-cDSH-S-Hu-DA+DI,domain#Node-DataInput-DataInput,domain#INS-Pr-cDSH-S-Hu-DA+DI-DataInput,TRUE,FALSE,domain#Node-Data-Data
package#DataLifecycle,domain#CP-PsDSH-DP+DP,domain#Node-DataPool-StoredDataPool,domain#INS-PsDSH-DP+DP-DataPool,TRUE,FALSE,domain#Node-Data-Data
package#DataLifecycle,domain#CP-RevDFf2DP2P+DS,domain#Node-DataStep-DataStep,domain#INS-RevDFf2DP2P+DS-DataStep,TRUE,FALSE,domain#Node-DataFlow-DataFlow
package#DataLifecycle,domain#CP-RevDFfDP2P+DS,domain#Node-DataStep-DataStep,domain#INS-RevDFfDP2P+DS-DataStep,TRUE,FALSE,domain#Node-DataFlow-DataFlow
package#DataLifecycle,domain#CP-RevDFtDP2P+DS,domain#Node-DataStep-DataStep,domain#INS-RevDFtDP2P+DS-DataStep,TRUE,FALSE,domain#Node-DataFlow-DataFlow
package#DataLifecycle,domain#CP-SDADPDXP-Hu-DP+DP,domain#Node-NewDataPath-DataPath,domain#INS-SDADPDXP-Hu-DP+DP-NewDataPath,TRUE,FALSE,domain#Node-DB-Process
package#DataLifecycle,domain#CP-SDADPDXPRAC-DP+DP,domain#Node-NewDataPath-DataPath,domain#INS-SDADPDXPRAC-DP+DP-NewDataPath,TRUE,FALSE,domain#Node-DB-Process
package#DataLifecycle,domain#CP-SDADPDXRAC-DP+DP,domain#Node-NewDataPath-DataPath,domain#INS-SDADPDXRAC-DP+DP-NewDataPath,TRUE,FALSE,domain#Node-DB-Process
package#DataLifecycle,domain#CP-SDADPPDXP-Hu-DP+DP,domain#Node-NewDataPath-DataPath,domain#INS-SDADPPDXP-Hu-DP+DP-NewDataPath,TRUE,FALSE,domain#Node-Service-Process
package#DataLifecycle,domain#CP-SDADPPDXPRAC-DP+DP,domain#Node-NewDataPath-DataPath,domain#INS-SDADPPDXPRAC-DP+DP-NewDataPath,TRUE,FALSE,domain#Node-Service-Process
package#DataLifecycle,domain#CP-SDADPPDXRAC-DP+DP,domain#Node-NewDataPath-DataPath,domain#INS-SDADPPDXRAC-DP+DP-NewDataPath,TRUE,FALSE,domain#Node-Service-Process
package#IoT,domain#CP-DcTh+DS,domain#Node-SimpleProcess-DataService,domain#INS-DcTh+DS-SimpleProcess,TRUE,FALSE,domain#Node-Thing-Thing
package#IoT,domain#CP-HuiCo+UI,domain#Node-Process-ControlProcess,domain#INS-HuiCo+UI-Process,TRUE,FALSE,domain#Node-Controller-Controller
package#IoT,domain#CP-IoT-cD+cD,domain#Node-Data-ControlData,domain#INS-IoT-cD+cD-Data,TRUE,FALSE,domain#Node-Thing-Thing
package#IoT,domain#CP-Se-sD+sD,domain#Node-Data-SensedData,domain#INS-Se-sD+sD-Data,TRUE,FALSE,domain#Node-Sensor-Sensor
package#IoT,domain#CP-SesD+SP,domain#Node-SimpleProcess-SensorProcess,domain#INS-SesD+SP-SimpleProcess,TRUE,FALSE,domain#Node-Sensor-Sensor
package#LocalDeviceConnectivity,domain#CP-BPcGcBP+OSg,domain#Node-LogicalSegment-MeshRoutingSegment,domain#INS-BPcGcBP+OSg-LogicalSegment,TRUE,FALSE,domain#Node-Gateway-PhysicalHost
package#LocalDeviceConnectivity,domain#CP-HpBRH+B,domain#Node-BluetoothPair-BluetoothPair,domain#INS-HpBRH+B-BluetoothPair,FALSE,TRUE,domain#Link-RemoteHost-pairsViaBluetooth-LocalHost
package#LocalDeviceConnectivity,domain#CP-HpURH+U,domain#Node-USBPair-USBPair,domain#INS-HpURH+U-USBPair,FALSE,TRUE,domain#Link-RemoteHost-pairsViaUSB-LocalHost
package#LocalDeviceConnectivity,domain#CP-L1cGcL3+NSg,domain#Node-LogicalSegment-TetheringSegment,domain#INS-L1cGcL3+NSg-LogicalSegment,TRUE,FALSE,domain#Node-Gateway-PhysicalHost
package#LocalDeviceConnectivity,domain#CP-L3cGcL1+CSg,domain#Node-LogicalSegment-ClosedSegment,domain#INS-L3cGcL1+CSg-LogicalSegment,TRUE,FALSE,domain#Node-Gateway-PhysicalHost
package#LocalDeviceConnectivity,domain#CP-UHDrP-S+S,domain#Node-DataService-DataService,domain#INS-UHDrP-S+S-DataService,TRUE,FALSE,domain#Node-USBHost-USBHost
package#LocalDeviceConnectivity,domain#CP-UPc-rGrUP+OSg,domain#Node-LogicalSegment-MeshRoutingSegment,domain#INS-UPc-rGrUP+OSg-LogicalSegment,TRUE,FALSE,domain#Node-Gateway-PhysicalHost
package#LocalDeviceConnectivity,domain#CP-UPrGc-rUP+OSg,domain#Node-LogicalSegment-MeshRoutingSegment,domain#INS-UPrGc-rUP+OSg-LogicalSegment,TRUE,FALSE,domain#Node-Gateway-PhysicalHost
package#LocalDeviceConnectivity,domain#CP-USBD-S+S,domain#Node-DataService-DataService,domain#INS-USBD-S+S-DataService,TRUE,FALSE,domain#Node-USBDevice-USBDevice
package#Network,domain#CP-CuSHS+SL,domain#Node-LogicalSubnet-SocketLAN,domain#INS-CuSHS+SL-LogicalSubnet,TRUE,FALSE,domain#Node-Host-Host
package#Network,domain#CP-DC-C+C,domain#Node-Cluster-Cluster,domain#INS-DC-C+C-Cluster,TRUE,FALSE,domain#Node-DataCentre-DataCentre
package#Network,domain#CP-DC-R+RW,domain#Node-Router-Router,domain#INS-DC-R+RW-Router,TRUE,FALSE,domain#Node-DataCentre-DataCentre
package#Network,domain#CP-DC-R+RW,domain#Node-WiredLAN-WiredLAN,domain#INS-DC-R+RW-WiredLAN,TRUE,FALSE,domain#Node-DataCentre-DataCentre
package#Network,domain#CP-HCHLSS+NC,domain#Node-HostNetContext-HostNetContext,domain#INS-HCHLSS+NC-HostNetContext,TRUE,FALSE,domain#Node-Host-Host
package#Network,domain#CP-Hc-pN-hP+AC,domain#Node-AuthClient-AuthClient,domain#INS-Hc-pN-hP+AC-AuthClient,TRUE,FALSE,domain#Node-Host-Host
package#Network,domain#CP-HuiCHLnS-AC+AC,domain#Node-RemoteTerminal-RemoteTerminal,domain#INS-HuiCHLnS-AC+AC-RemoteTerminal,TRUE,FALSE,domain#Node-ConsoleHost-ConsoleHost
package#Network,domain#CP-Hum-iSH-LnS+LnS,domain#Node-LoginService-LoginService,domain#INS-Hum-iSH-LnS+LnS-LoginService,TRUE,FALSE,domain#Node-Host-ShellHost
package#Network,domain#CP-InternetMP+W,domain#Node-World-World,domain#INS-InternetMP+W-World,TRUE,FALSE,domain#Node-Internet-Internet
package#Network,domain#CP-PC-LnS+LnS,domain#Node-LoginService-LoginService,domain#INS-PC-LnS+LnS-LoginService,TRUE,FALSE,domain#Node-Cluster-Cluster
package#Network,domain#CP-PCPHLSS+NC,domain#Node-ProcNetContext-ProcNetContext,domain#INS-PCPHLSS+NC-ProcNetContext,TRUE,FALSE,domain#Node-Process-Process
package#Network,domain#CP-PH-S+W,domain#Node-World-World,domain#INS-PH-S+W-World,TRUE,FALSE,domain#Node-Host-PhysicalHost
package#Network,domain#CP-PHHPS+AC,domain#Node-ProcAccess-ProcessContext,domain#INS-PHHPS+AC-ProcAccess,TRUE,FALSE,domain#Node-Process-Process
package#Network,domain#CP-PHHS+AC,domain#Node-HostAccess-HostContext,domain#INS-PHHS+AC-HostAccess,TRUE,FALSE,domain#Node-Host-Host
package#Network,domain#CP-Rr-LnS+LnS,domain#Node-LoginService-LoginService,domain#INS-Rr-LnS+LnS-LoginService,TRUE,FALSE,domain#Node-Router-Router
package#Network,domain#CP-Sv-LnS+LnS,domain#Node-LoginService-LoginService,domain#INS-Sv-LnS+LnS-LoginService,TRUE,FALSE,domain#Node-Server-Server
package#Network,domain#CP-WpHSH-aF+WH,domain#Node-LogicalSubnet-WiFiLAN,domain#INS-WpHSH-aF+WH-LogicalSubnet,TRUE,FALSE,domain#Node-Hotspot-WiFiLAN
package#NetworkConnectivity,domain#CP-HLS+I,domain#Node-Interface-Interface,domain#INS-HLS+I-Interface,TRUE,FALSE,domain#Node-Host-Host
package#NetworkConnectivity,domain#CP-L3c-rGc-rL3+OSg,domain#Node-LogicalSegment-OpenSegment,domain#INS-L3c-rGc-rL3+OSg-LogicalSegment,TRUE,FALSE,domain#Node-Gateway-Host
package#NetworkConnectivity,domain#CP-L3c-rGrL3+DSg,domain#Node-LogicalSegment-DeNATSegment,domain#INS-L3c-rGrL3+DSg-LogicalSegment,TRUE,FALSE,domain#Node-Gateway-Host
package#NetworkConnectivity,domain#CP-L3rGc-rL3+NSg,domain#Node-LogicalSegment-NATSegment,domain#INS-L3rGc-rL3+NSg-LogicalSegment,TRUE,FALSE,domain#Node-Gateway-Host
package#NetworkConnectivity,domain#CP-L3rGrL3+OSg,domain#Node-LogicalSegment-OpenSegment,domain#INS-L3rGrL3+OSg-LogicalSegment,TRUE,FALSE,domain#Node-Gateway-Host
package#NetworkConnectivity,domain#CP-LS-iH+NPE,domain#Node-NPE-NPE,domain#INS-LS-iH+NPE-NPE,TRUE,FALSE,domain#Node-LogicalSubnet-LogicalSubnet
package#NetworkConnectivity,domain#CP-LS-iH+NPE,domain#Node-NetworkPath-NetworkPath,domain#INS-LS-iH+NPE-NetworkPath,TRUE,FALSE,domain#Node-LogicalSubnet-LogicalSubnet
package#NetworkConnectivity,domain#CP-OPLS1+NP,domain#Node-NewPath-NetworkPath,domain#INS-OPLS1+NP-NewPath,TRUE,FALSE,domain#Node-LogicalSubnet-LogicalSubnet
package#NetworkConnectivity,domain#CP-OPLS2+NP,domain#Node-NewPath-NetworkPath,domain#INS-OPLS2+NP-NewPath,TRUE,FALSE,domain#Node-LogicalSubnet-LogicalSubnet
package#NetworkConnectivity,domain#CP-OPPS1+PP,domain#Node-NewPath-PhysicalPath,domain#INS-OPPS1+PP-NewPath,TRUE,FALSE,domain#Node-LogicalSubnet-PhysicalSubnet
package#NetworkConnectivity,domain#CP-OPPS2+PP,domain#Node-NewPath-PhysicalPath,domain#INS-OPPS2+PP-NewPath,TRUE,FALSE,domain#Node-LogicalSubnet-LogicalSubnet
package#NetworkConnectivity,domain#CP-PS-iH+PPE,domain#Node-PPE-PPE,domain#INS-PS-iH+PPE-PPE,TRUE,FALSE,domain#Node-PhysicalSubnet-PhysicalSubnet
package#NetworkConnectivity,domain#CP-PS-iH+PPE,domain#Node-PhysicalPath-PhysicalPath,domain#INS-PS-iH+PPE-PhysicalPath,TRUE,FALSE,domain#Node-PhysicalSubnet-PhysicalSubnet
package#Physical,domain#CP-PPS-E+W,domain#Node-World-World,domain#INS-PPS-E+W-World,TRUE,FALSE,domain#Node-Space-PrivateSpace
package#ProcessComms,domain#CP-CSCCAPNP4+CCAP,domain#Node-ClosedClientAttackPath-ClosedClientAttackPath,domain#INS-CSCCAPNP4+CCAP-ClosedClientAttackPath,TRUE,FALSE,domain#Node-Service-Process
package#ProcessComms,domain#CP-CSCscLS+CCAP,domain#Node-ClosedClientAttackPath-ClosedClientAttackPath,domain#INS-CSCscLS+CCAP-ClosedClientAttackPath,TRUE,FALSE,domain#Node-Service-Process
package#ProcessComms,domain#CP-CSCsdLS+OCAP,domain#Node-OpenClientAttackPath-OpenClientAttackPath,domain#INS-CSCsdLS+OCAP-OpenClientAttackPath,TRUE,FALSE,domain#Node-Service-Process
package#ProcessComms,domain#CP-CSCvLS+CP,domain#Node-ClientPath-ClientPath,domain#INS-CSCvLS+CP-ClientPath,TRUE,FALSE,domain#Node-Service-Process
package#ProcessComms,domain#CP-CSL0H+SC,domain#Node-ServiceChannel-ServiceChannel,domain#INS-CSL0H+SC-ServiceChannel,TRUE,FALSE,domain#Node-DService-Process
package#ProcessComms,domain#CP-CSL1H2+SC,domain#Node-ServiceChannel-ServiceChannel,domain#INS-CSL1H2+SC-ServiceChannel,TRUE,FALSE,domain#Node-DService-Process
package#ProcessComms,domain#CP-CSL3H+SC,domain#Node-ServiceChannel-ServiceChannel,domain#INS-CSL3H+SC-ServiceChannel,TRUE,FALSE,domain#Node-DService-Process
package#ProcessComms,domain#CP-CSLS2H2-SC+SC,domain#Node-ServiceChannel-ServiceChannel,domain#INS-CSLS2H2-SC+SC-ServiceChannel,TRUE,FALSE,domain#Node-DService-Process
package#ProcessComms,domain#CP-CSLSH2-SC+SC,domain#Node-ServiceChannel-ServiceChannel,domain#INS-CSLSH2-SC+SC-ServiceChannel,TRUE,FALSE,domain#Node-DService-Process
package#ProcessComms,domain#CP-RDuHP-iPL-RAS+DtS,domain#Node-Service-DesktopService,domain#INS-RDuHP-iPL-RAS+DtS-Service,TRUE,FALSE,domain#Node-Host-Host
package#ProcessComms,domain#CP-RDvSPHP-iPL-RAS+DtS,domain#Node-Service-DesktopService,domain#INS-RDvSPHP-iPL-RAS+DtS-Service,TRUE,FALSE,domain#Node-Host-Host
package#ProcessComms,domain#CP-RTuHP-iPL-RAS+LnS,domain#Node-Service-LoginService,domain#INS-RTuHP-iPL-RAS+LnS-Service,TRUE,FALSE,domain#Node-Host-Host
package#ProcessComms,domain#CP-RTvSPHP-iPL-RAS+LnS,domain#Node-Service-LoginService,domain#INS-RTvSPHP-iPL-RAS+LnS-Service,TRUE,FALSE,domain#Node-Host-Host
package#ProcessComms,domain#CP-SCCAP+CSAP,domain#Node-ClosedServiceAttackPath-ClosedServiceAttackPath,domain#INS-SCCAP+CSAP-ClosedServiceAttackPath,TRUE,FALSE,domain#Node-Process-Process
package#ProcessComms,domain#CP-SOCAP+OSAP,domain#Node-OpenServiceAttackPath-OpenServiceAttackPath,domain#INS-SOCAP+OSAP-OpenServiceAttackPath,TRUE,FALSE,domain#Node-Process-Process
package#ProcessTrust,domain#CP-CzS-CC+AC,domain#Node-AuthChannel-AuthChannel,domain#INS-CzS-CC+AC-AuthChannel,TRUE,FALSE,domain#Node-Service-Process
package#ProcessTrust,domain#CP-CaS-SP+CC,domain#Node-ClientChannel-ClientChannel,domain#INS-CaS-SP+CC-ClientChannel,TRUE,FALSE,domain#Node-Service-Process
package#ProcessTrust,domain#CP-CuvS+CC,domain#Node-ClientChannel-ClientChannel,domain#INS-CuvS+CC-ClientChannel,TRUE,FALSE,domain#Node-Process-Process
package#Theft,domain#CP-CSCLS+ii+PNC,domain#Node-ProcAccess-ProcNetContext,domain#INS-CSCLS+ii+PNC-ProcAccess,TRUE,FALSE,domain#Node-Client-Process
package#Theft,domain#CP-CSCLS-ii+PNC,domain#Node-ProcAccess-ProcNetContext,domain#INS-CSCLS-ii+PNC-ProcAccess,TRUE,FALSE,domain#Node-Client-Process
package#Virtualisation,domain#CP-DCCVH-LS+LS,domain#Node-VirtualSubnet-VXLAN,domain#INS-DCCVH-LS+LS-VirtualSubnet,TRUE,FALSE,domain#Node-DataCentre-DataCentre
package#Virtualisation,domain#CP-H2dPH2+VC,domain#Node-VirtualChannel-VirtualChannel,domain#INS-H2dPH2+VC-VirtualChannel,TRUE,FALSE,domain#Node-VirtualSubnet-VirtualSubnet
package#Virtualisation,domain#CP-HVHS+VS,domain#Node-HostLAN-HostLAN,domain#INS-HVHS+VS-HostLAN,TRUE,FALSE,domain#Node-SHost-Host
package#Virtualisation,domain#CP-VCH2LS2PP+HC,domain#Node-HostChannel-HostChannel,domain#INS-VCH2LS2PP+HC-HostChannel,TRUE,FALSE,domain#Node-VirtualChannel-VirtualChannel
package#Virtualisation,domain#CP-VH-LnS+LnS,domain#Node-LoginService-LoginService,domain#INS-VH-LnS+LnS-LoginService,TRUE,FALSE,domain#Node-VirtualHost-VirtualHost
package#Virtualisation,domain#CP-VHHsD-HsS-S+S,domain#Node-DataService-DataService,domain#INS-VHHsD-HsS-S+S-DataService,TRUE,FALSE,domain#Node-Host-Host
