package,URI,hasNode,mandatoryNode,prohibitedNode,sufficientNode
domain#000000,domain#000000,domain#Node-Gateway-Router,FALSE,FALSE,FALSE
package#5G,domain#MP-CN-R,domain#Node-Gateway-Router,FALSE,TRUE,FALSE
package#Application,domain#MP-HE-Hu,domain#Node-Human-Human,FALSE,TRUE,FALSE
package#Application,domain#MP-HIP-Hu,domain#Node-Human-Human,FALSE,TRUE,FALSE
package#Application,domain#MP-HuaDirPaD-P,domain#Node-Service-Process,FALSE,TRUE,FALSE
package#Application,domain#MP-HuaD-P,domain#Node-Process-Process,FALSE,TRUE,FALSE
package#Application,domain#MP-HuiCHDtS-AC,domain#Node-Process-RemoteDesktop,FALSE,TRUE,FALSE
package#Application,domain#MP-HuiDirIPpD-P,domain#Node-Service-Process,FALSE,TRUE,FALSE
package#Application,domain#MP-HuiDirPpD-P,domain#Node-Service-Process,FALSE,TRUE,FALSE
package#Application,domain#MP-HuirPc-iD-rC-vHu-DS,domain#Node-Client-Process,FALSE,TRUE,FALSE
package#Application,domain#MP-HuirPc-iD-rC-vHu-DS,domain#Node-Host-Host,FALSE,TRUE,FALSE
package#Application,domain#MP-HuirPc-iD-rC-vHu-DS,domain#Node-Human2-Human,FALSE,TRUE,FALSE
package#Application,domain#MP-HuirPr-iD-cD,domain#Node-Output-Data,FALSE,TRUE,FALSE
package#Application,domain#MP-HuirPr-vD-cC-iHu-DS,domain#Node-Client-Process,FALSE,TRUE,FALSE
package#Application,domain#MP-HuirPr-vD-cC-iHu-DS,domain#Node-Host-Host,FALSE,TRUE,FALSE
package#Application,domain#MP-HuirPr-vD-cC-iHu-DS,domain#Node-Human2-Human,FALSE,TRUE,FALSE
package#Application,domain#MP-Hui-vD-P,domain#Node-Process-Process,FALSE,TRUE,FALSE
package#Application,domain#MP-HuRDuPH-DtS,domain#Node-RemoteAccessClient-RemoteAccessClient,FALSE,TRUE,FALSE
package#Application,domain#MP-HuRDuPH-DtS,domain#Node-RemoteAccessService-DesktopService,FALSE,TRUE,FALSE
package#Application,domain#MP-HuRTuCPH-LnS,domain#Node-RemoteAccessClient-RemoteAccessClient,FALSE,TRUE,FALSE
package#Application,domain#MP-HuRTuCPH-LnS,domain#Node-RemoteAccessService-RemoteAccessService,FALSE,TRUE,FALSE
package#Application,domain#MP-HuvDirPcD-P,domain#Node-Service-Process,FALSE,TRUE,FALSE
package#Application,domain#MP-HuvDirPrD-P,domain#Node-Service-Process,FALSE,TRUE,FALSE
package#Application,domain#MP-Huv-iD-P,domain#Node-Process-Process,FALSE,TRUE,FALSE
package#CloudManagement,domain#MP-DCCM-A,domain#Node-Service-APIServer,FALSE,TRUE,FALSE
package#CloudManagement,domain#MP-DCCM-P,domain#Node-Service-Ingress,FALSE,TRUE,FALSE
package#CloudManagement,domain#MP-DCCt-Pod,domain#Node-Host-Pod,FALSE,TRUE,FALSE
package#CloudManagement,domain#MP-DCMW-LS,domain#Node-LogicalSubnet-LogicalSubnet,FALSE,TRUE,FALSE
package#CloudManagement,domain#MP-DCPS-Pod,domain#Node-Host-Pod,FALSE,TRUE,FALSE
package#CloudManagement,domain#MP-DCVHC,domain#Node-SHost-Host,FALSE,TRUE,FALSE
package#CloudManagement,domain#MP-Hum-iH-AC,domain#Node-Process-Process,FALSE,TRUE,FALSE
package#CloudManagement,domain#MP-Hum-iSH-LnS,domain#Node-Process-Process,FALSE,TRUE,FALSE
package#CloudManagement,domain#MP-HumPC-Hu,domain#Node-HostManager-Human,FALSE,TRUE,FALSE
package#CloudManagement,domain#MP-KIP-S,domain#Node-Service-Process,FALSE,TRUE,FALSE
package#CloudManagement,domain#MP-KPxCaSI,domain#Node-Host-Host,FALSE,TRUE,FALSE
package#CloudManagement,domain#MP-KPxCLnSA,domain#Node-Host-Host,FALSE,TRUE,FALSE
package#CloudManagement,domain#MP-KPxCuScP,domain#Node-Host-Host,FALSE,TRUE,FALSE
package#CloudManagement,domain#MP-KPxCuSI,domain#Node-Host-Host,FALSE,TRUE,FALSE
package#CloudManagement,domain#MP-KPxMLnSA,domain#Node-Host-Host,FALSE,TRUE,FALSE
package#CloudManagement,domain#MP-KPxWLnSA,domain#Node-Host-Host,FALSE,TRUE,FALSE
package#CloudManagement,domain#MP-KPyCLnSA,domain#Node-Host-Host,FALSE,TRUE,FALSE
package#CloudManagement,domain#MP-KPyMLnSA,domain#Node-Host-Host,FALSE,TRUE,FALSE
package#CloudManagement,domain#MP-KPyWLnSA,domain#Node-Host-Host,FALSE,TRUE,FALSE
package#CloudManagement,domain#MP-PodDCC-M,domain#Node-Host-Master,FALSE,TRUE,FALSE
package#CloudManagement,domain#MP-PodDCMC-W-H,domain#Node-Host-Worker,FALSE,TRUE,FALSE
package#CloudManagement,domain#MP-PodDCMC-W-H,domain#Node-SHost-Host,FALSE,TRUE,FALSE
package#CloudManagement,domain#MP-PodP-Cn,domain#Node-Host-Container,FALSE,TRUE,FALSE
package#CloudManagement,domain#MP-VH-LnS,domain#Node-Process-Process,FALSE,TRUE,FALSE
package#DataLifecycle,domain#MP-D+DS-cP-iHu,domain#Node-DataCopy-DataCopy,TRUE,FALSE,FALSE
package#DataLifecycle,domain#MP-D+DS-cP-iHu,domain#Node-Human-Human,FALSE,TRUE,FALSE
package#DataLifecycle,domain#MP-D+DS-cP-iHu,domain#Node-Process-Process,FALSE,TRUE,FALSE
package#DataLifecycle,domain#MP-DADU-eS,domain#Node-Process-Process,FALSE,TRUE,FALSE
package#DataLifecycle,domain#MP-DAllDS,domain#Node-DataCopy-DataCopy,TRUE,FALSE,FALSE
package#DataLifecycle,domain#MP-DCPDF,domain#Node-Human1-Human,FALSE,FALSE,FALSE
package#DataLifecycle,domain#MP-DCPDF,domain#Node-Human2-Human,FALSE,FALSE,FALSE
package#DataLifecycle,domain#MP-D-DS-cP-iHu,domain#Node-DataCopy-DataCopy,FALSE,TRUE,FALSE
package#DataLifecycle,domain#MP-D-DS-cP-iHu,domain#Node-Human-Human,FALSE,TRUE,FALSE
package#DataLifecycle,domain#MP-D-DS-cP-iHu,domain#Node-Process-Process,FALSE,TRUE,FALSE
package#DataLifecycle,domain#MP-DUDA-eS,domain#Node-Process-Process,FALSE,TRUE,FALSE
package#DataLifecycle,domain#MP-HD-aHD-DS,domain#Node-DataAsset-DataCopy,FALSE,TRUE,FALSE
package#DataLifecycle,domain#MP-HD-aHD-DS,domain#Node-SHost-Host,FALSE,TRUE,FALSE
package#DataLifecycle,domain#MP-HDBDRDF,domain#Node-HostManager-Human,FALSE,FALSE,FALSE
package#DataLifecycle,domain#MP-HDBDRDF,domain#Node-ProcessManager-Human,FALSE,FALSE,FALSE
package#DataLifecycle,domain#MP-HDBDSDF,domain#Node-HostManager-Human,FALSE,FALSE,FALSE
package#DataLifecycle,domain#MP-HDBDSDF,domain#Node-ProcessManager-Human,FALSE,FALSE,FALSE
package#DataLifecycle,domain#MP-HDS,domain#Node-HostManager-Human,FALSE,FALSE,FALSE
package#DataLifecycle,domain#MP-HPDAcDS,domain#Node-HostManager-Human,FALSE,FALSE,FALSE
package#DataLifecycle,domain#MP-HPDAcDS,domain#Node-ProcessManager-Human,FALSE,FALSE,FALSE
package#DataLifecycle,domain#MP-HPDADF,domain#Node-HostManager-Human,FALSE,FALSE,FALSE
package#DataLifecycle,domain#MP-HPDADF,domain#Node-ProcessManager-Human,FALSE,FALSE,FALSE
package#DataLifecycle,domain#MP-HPDAuDS,domain#Node-HostManager-Human,FALSE,FALSE,FALSE
package#DataLifecycle,domain#MP-HPDAuDS,domain#Node-ProcessManager-Human,FALSE,FALSE,FALSE
package#DataLifecycle,domain#MP-HPDDR+DS+DFfi-fiDF,domain#Node-DataCopy-DataCopy,TRUE,FALSE,FALSE
package#DataLifecycle,domain#MP-HPDDR+DS+DFfi-fiDF,domain#Node-InFlow-DataFlow,TRUE,FALSE,FALSE
package#DataLifecycle,domain#MP-HPDDR+DS+DFfi-fiDF,domain#Node-OutFlow-DataFlow,FALSE,TRUE,FALSE
package#DataLifecycle,domain#MP-HPDDR+DS-DA2,domain#Node-DataCopy-DataCopy,TRUE,FALSE,FALSE
package#DataLifecycle,domain#MP-HPDDR+DS-DA2,domain#Node-InFlow-DataFlow,FALSE,TRUE,FALSE
package#DataLifecycle,domain#MP-HPDDR+DS-DA2,domain#Node-OutFlow-DataFlow,FALSE,TRUE,FALSE
package#DataLifecycle,domain#MP-HPDDR+DS-DFfo+foDF,domain#Node-DataCopy-DataCopy,TRUE,FALSE,FALSE
package#DataLifecycle,domain#MP-HPDDR+DS-DFfo+foDF,domain#Node-InFlow-DataFlow,FALSE,TRUE,FALSE
package#DataLifecycle,domain#MP-HPDDR+DS-DFfo+foDF,domain#Node-OutFlow-DataFlow,TRUE,FALSE,FALSE
package#DataLifecycle,domain#MP-HPDDR-DS+DFfi-fiDF,domain#Node-DataCopy-DataCopy,FALSE,TRUE,FALSE
package#DataLifecycle,domain#MP-HPDDR-DS+DFfi-fiDF,domain#Node-InFlow-DataFlow,TRUE,FALSE,FALSE
package#DataLifecycle,domain#MP-HPDDR-DS+DFfi-fiDF,domain#Node-OutFlow-DataFlow,FALSE,TRUE,FALSE
package#DataLifecycle,domain#MP-HPDDR-DS-DA2,domain#Node-DataCopy-DataCopy,FALSE,TRUE,FALSE
package#DataLifecycle,domain#MP-HPDDR-DS-DA2,domain#Node-InFlow-DataFlow,FALSE,TRUE,FALSE
package#DataLifecycle,domain#MP-HPDDR-DS-DA2,domain#Node-OutFlow-DataFlow,FALSE,TRUE,FALSE
package#DataLifecycle,domain#MP-HPDFDADS,domain#Node-HostManager-Human,FALSE,FALSE,FALSE
package#DataLifecycle,domain#MP-HPDFDADS,domain#Node-ProcessManager-Human,FALSE,FALSE,FALSE
package#DataLifecycle,domain#MP-HPDFDAuDS,domain#Node-HostManager-Human,FALSE,FALSE,FALSE
package#DataLifecycle,domain#MP-HPDFDAuDS,domain#Node-ProcessManager-Human,FALSE,FALSE,FALSE
package#DataLifecycle,domain#MP-HPDFDI,domain#Node-HostManager-Human,FALSE,FALSE,FALSE
package#DataLifecycle,domain#MP-HPDFDI,domain#Node-ProcessManager-Human,FALSE,FALSE,FALSE
package#DataLifecycle,domain#MP-HPDOcDS,domain#Node-HostManager-Human,FALSE,FALSE,FALSE
package#DataLifecycle,domain#MP-HPDOcDS,domain#Node-ProcessManager-Human,FALSE,FALSE,FALSE
package#DataLifecycle,domain#MP-HPDODF,domain#Node-HostManager-Human,FALSE,FALSE,FALSE
package#DataLifecycle,domain#MP-HPDODF,domain#Node-ProcessManager-Human,FALSE,FALSE,FALSE
package#DataLifecycle,domain#MP-HPDOuDS,domain#Node-HostManager-Human,FALSE,FALSE,FALSE
package#DataLifecycle,domain#MP-HPDOuDS,domain#Node-ProcessManager-Human,FALSE,FALSE,FALSE
package#DataLifecycle,domain#MP-HPDSDADF,domain#Node-HostManager-Human,FALSE,FALSE,FALSE
package#DataLifecycle,domain#MP-HPDSDADF,domain#Node-ProcessManager-Human,FALSE,FALSE,FALSE
package#DataLifecycle,domain#MP-HPDS-fDI-DO-DFI,domain#Node-DataOutput-DataOutput,FALSE,TRUE,FALSE
package#DataLifecycle,domain#MP-HPDS-fDI-DO-DFI,domain#Node-InFlow-DataFlow,FALSE,TRUE,FALSE
package#DataLifecycle,domain#MP-HP-iDOdDS,domain#Node-HostManager-Human,FALSE,FALSE,FALSE
package#DataLifecycle,domain#MP-HP-iDOdDS,domain#Node-ProcessManager-Human,FALSE,FALSE,FALSE
package#DataLifecycle,domain#MP-HP-iDODF,domain#Node-HostManager-Human,FALSE,FALSE,FALSE
package#DataLifecycle,domain#MP-HP-iDODF,domain#Node-ProcessManager-Human,FALSE,FALSE,FALSE
package#DataLifecycle,domain#MP-HP-iDS,domain#Node-ProcessManager-Human,FALSE,FALSE,FALSE
package#DataLifecycle,domain#MP-HP-iDSDI,domain#Node-HostManager-Human,FALSE,FALSE,FALSE
package#DataLifecycle,domain#MP-HP-iDSDI,domain#Node-ProcessManager-Human,FALSE,FALSE,FALSE
package#DataLifecycle,domain#MP-HPmDFDAcDS,domain#Node-HostManager-Human,FALSE,FALSE,FALSE
package#DataLifecycle,domain#MP-HPmDFDAcDS,domain#Node-InFlow-DataFlow,TRUE,FALSE,FALSE
package#DataLifecycle,domain#MP-HPmDFDAcDS,domain#Node-ProcessManager-Human,FALSE,FALSE,FALSE
package#DataLifecycle,domain#MP-HPsACDAdDS,domain#Node-HostManager-Human,FALSE,FALSE,FALSE
package#DataLifecycle,domain#MP-HPsACDAdDS,domain#Node-ProcAccess-ProcessContext,TRUE,FALSE,TRUE
package#DataLifecycle,domain#MP-HPsACDAdDS,domain#Node-ProcessManager-Human,FALSE,FALSE,FALSE
package#DataLifecycle,domain#MP-HPsACDAd-pDS,domain#Node-HostManager-Human,FALSE,FALSE,FALSE
package#DataLifecycle,domain#MP-HPsACDAd-pDS,domain#Node-ProcAccess-ProcessContext,TRUE,FALSE,TRUE
package#DataLifecycle,domain#MP-HPsACDAd-pDS,domain#Node-ProcessManager-Human,FALSE,FALSE,FALSE
package#DataLifecycle,domain#MP-HPsACDOdDS,domain#Node-HostManager-Human,FALSE,FALSE,FALSE
package#DataLifecycle,domain#MP-HPsACDOdDS,domain#Node-ProcAccess-ProcessContext,TRUE,FALSE,TRUE
package#DataLifecycle,domain#MP-HPsACDOdDS,domain#Node-ProcessManager-Human,FALSE,FALSE,FALSE
package#DataLifecycle,domain#MP-HPsACDSCDF,domain#Node-HostManager-Human,FALSE,FALSE,FALSE
package#DataLifecycle,domain#MP-HPsACDSCDF,domain#Node-ProcAccess-ProcessContext,TRUE,FALSE,TRUE
package#DataLifecycle,domain#MP-HPsACDSrDI,domain#Node-HostManager-Human,FALSE,FALSE,FALSE
package#DataLifecycle,domain#MP-HPsACDSrDI,domain#Node-ProcAccess-ProcessContext,TRUE,FALSE,TRUE
package#DataLifecycle,domain#MP-HPsACDSrDI,domain#Node-ProcessManager-Human,FALSE,FALSE,FALSE
package#DataLifecycle,domain#MP-HPsACDSr-pDA,domain#Node-HostManager-Human,FALSE,FALSE,FALSE
package#DataLifecycle,domain#MP-HPsACDSr-pDA,domain#Node-ProcAccess-ProcessContext,TRUE,FALSE,TRUE
package#DataLifecycle,domain#MP-HPsACDSr-pDA,domain#Node-ProcessManager-Human,FALSE,FALSE,FALSE
package#DataLifecycle,domain#MP-HPsD-DS,domain#Node-DataCopy-DataCopy,FALSE,TRUE,FALSE
package#DataLifecycle,domain#MP-HPuDSDI,domain#Node-HostManager-Human,FALSE,FALSE,FALSE
package#DataLifecycle,domain#MP-HPuDSDI,domain#Node-ProcessManager-Human,FALSE,FALSE,FALSE
package#DataLifecycle,domain#MP-HP-uDSDI,domain#Node-HostManager-Human,FALSE,FALSE,FALSE
package#DataLifecycle,domain#MP-HP-uDSDI,domain#Node-ProcessManager-Human,FALSE,FALSE,FALSE
package#DataLifecycle,domain#MP-HsACDS,domain#Node-HostAccess-HostContext,TRUE,FALSE,TRUE
package#DataLifecycle,domain#MP-HsACDS,domain#Node-HostManager-Human,FALSE,FALSE,FALSE
package#DataLifecycle,domain#MP-HuaD-DS,domain#Node-DataCopy-DataCopy,FALSE,TRUE,FALSE
package#DataLifecycle,domain#MP-HuaDPH-DS-DA,domain#Node-DataAccess-DataAccess,FALSE,TRUE,FALSE
package#DataLifecycle,domain#MP-HuaDPH-DS-DA,domain#Node-DataCopy-DataCopy,FALSE,TRUE,FALSE
package#DataLifecycle,domain#MP-HuaDPH-DS-DP,domain#Node-DataCopy-DataCopy,FALSE,TRUE,FALSE
package#DataLifecycle,domain#MP-HuaDPH-DS-DP,domain#Node-DataPool-DataPool,FALSE,TRUE,FALSE
package#DataLifecycle,domain#MP-HuaDRAC-DA,domain#Node-DataAccess-DataAccess,FALSE,TRUE,FALSE
package#DataLifecycle,domain#MP-HuaDSPH-DP,domain#Node-DataPool-DataPool,FALSE,TRUE,FALSE
package#DataLifecycle,domain#MP-HuiPv-iD-FCHS,domain#Node-DataFlow-DataFlow,FALSE,TRUE,FALSE
package#DataLifecycle,domain#MP-HuirPiD-DF-DS,domain#Node-DataCopy-DataCopy,FALSE,TRUE,FALSE
package#DataLifecycle,domain#MP-HuirPiD-DF-DS,domain#Node-DataFlow-DataFlow,FALSE,TRUE,FALSE
package#DataLifecycle,domain#MP-Hui-vDPH-DS-DA,domain#Node-DataAccess-DataAccess,FALSE,TRUE,FALSE
package#DataLifecycle,domain#MP-Hui-vDPH-DS-DA,domain#Node-DataCopy-DataCopy,FALSE,TRUE,FALSE
package#DataLifecycle,domain#MP-Hui-vDPH-DS-DP,domain#Node-DataCopy-DataCopy,FALSE,TRUE,FALSE
package#DataLifecycle,domain#MP-Hui-vDPH-DS-DP,domain#Node-DataPool-DataPool,FALSE,TRUE,FALSE
package#DataLifecycle,domain#MP-Hui-vDSPH-DP,domain#Node-DataPool-DataPool,FALSE,TRUE,FALSE
package#DataLifecycle,domain#MP-PaD-DS,domain#Node-DataCopy-DataCopy,FALSE,TRUE,FALSE
package#DataLifecycle,domain#MP-PaDH-DS-Hu-DA,domain#Node-DataAccess-DataAccess,FALSE,TRUE,FALSE
package#DataLifecycle,domain#MP-PaDH-DS-Hu-DA,domain#Node-DataCopy-DataCopy,FALSE,TRUE,FALSE
package#DataLifecycle,domain#MP-PaDH-DS-Hu-DP,domain#Node-DataCopy-DataCopy,FALSE,TRUE,FALSE
package#DataLifecycle,domain#MP-PaDH-DS-Hu-DP,domain#Node-DataPool-DataPool,FALSE,TRUE,FALSE
package#DataLifecycle,domain#MP-PaDSH-Hu-DP,domain#Node-DataPool-DataPool,FALSE,TRUE,FALSE
package#DataLifecycle,domain#MP-Pc-rDH-DS-Hu-DA,domain#Node-DataAccess-DataAccess,FALSE,TRUE,FALSE
package#DataLifecycle,domain#MP-Pc-rDH-DS-Hu-DA,domain#Node-DataCopy-DataCopy,FALSE,TRUE,FALSE
package#DataLifecycle,domain#MP-Pc-rDH-DS-Hu-DP,domain#Node-DataCopy-DataCopy,FALSE,TRUE,FALSE
package#DataLifecycle,domain#MP-Pc-rDH-DS-Hu-DP,domain#Node-DataPool-DataPool,FALSE,TRUE,FALSE
package#DataLifecycle,domain#MP-Pc-rDSH-Hu-DP,domain#Node-DataPool-DataPool,FALSE,TRUE,FALSE
package#DataLifecycle,domain#MP-PDF,domain#Node-ProcessManager-Human,FALSE,FALSE,FALSE
package#DataLifecycle,domain#MP-PDFIDADFI,domain#Node-DataCopy-DataCopy,FALSE,TRUE,FALSE
package#DataLifecycle,domain#MP-PDFIDADFI,domain#Node-ProcessManager-Human,FALSE,FALSE,FALSE
package#DataLifecycle,domain#MP-PDFODADFO,domain#Node-DataCopy-DataCopy,FALSE,TRUE,FALSE
package#DataLifecycle,domain#MP-PDFODADFO,domain#Node-ProcessManager-Human,FALSE,FALSE,FALSE
package#DataLifecycle,domain#MP-PDI+DO-DS-S,domain#Node-DataCopy-DataCopy,TRUE,FALSE,FALSE
package#DataLifecycle,domain#MP-PDI+DO-DS-S,domain#Node-DataOutput-DataOutput,TRUE,FALSE,FALSE
package#DataLifecycle,domain#MP-PDI+DO-DS-S,domain#Node-Service-Process,FALSE,TRUE,FALSE
package#DataLifecycle,domain#MP-PDI+DS-S,domain#Node-DataCopy-DataCopy,TRUE,FALSE,FALSE
package#DataLifecycle,domain#MP-PDI+DS-S,domain#Node-Service-Process,FALSE,TRUE,FALSE
package#DataLifecycle,domain#MP-PDI-Hu,domain#Node-Human-Human,FALSE,TRUE,FALSE
package#DataLifecycle,domain#MP-PDO+DS-S,domain#Node-DataCopy-DataCopy,TRUE,FALSE,FALSE
package#DataLifecycle,domain#MP-PDO+DS-S,domain#Node-Service-Process,FALSE,TRUE,FALSE
package#DataLifecycle,domain#MP-PDO-DI,domain#Node-DataInput-DataInput,FALSE,TRUE,FALSE
package#DataLifecycle,domain#MP-PHHD,domain#Node-Human-Human,FALSE,FALSE,FALSE
package#DataLifecycle,domain#MP-PHHDS,domain#Node-Human-Human,FALSE,FALSE,FALSE
package#DataLifecycle,domain#MP-P-iDFDI,domain#Node-ProcessManager-Human,FALSE,FALSE,FALSE
package#DataLifecycle,domain#MP-PmDFIDADFI,domain#Node-DataCopy-DataCopy,FALSE,TRUE,FALSE
package#DataLifecycle,domain#MP-PmDFIDADFI,domain#Node-InFlow-DataFlow,TRUE,FALSE,FALSE
package#DataLifecycle,domain#MP-PmDFIDADFI,domain#Node-ProcessManager-Human,FALSE,FALSE,FALSE
package#DataLifecycle,domain#MP-PmDFODADFO,domain#Node-DataCopy-DataCopy,FALSE,TRUE,FALSE
package#DataLifecycle,domain#MP-PmDFODADFO,domain#Node-InFlow-DataFlow,TRUE,FALSE,FALSE
package#DataLifecycle,domain#MP-PmDFODADFO,domain#Node-ProcessManager-Human,FALSE,FALSE,FALSE
package#DataLifecycle,domain#MP-Pr-cDH-DS-Hu-DA,domain#Node-DataAccess-DataAccess,FALSE,TRUE,FALSE
package#DataLifecycle,domain#MP-Pr-cDH-DS-Hu-DA,domain#Node-DataCopy-DataCopy,FALSE,TRUE,FALSE
package#DataLifecycle,domain#MP-Pr-cDSH-Hu-DP,domain#Node-DataPool-DataPool,FALSE,TRUE,FALSE
package#DataLifecycle,domain#MP-PsDSH-DP,domain#Node-DataAccess-DataPool,FALSE,TRUE,FALSE
package#DataLifecycle,domain#MP-PuDFDI,domain#Node-ProcessManager-Human,FALSE,FALSE,FALSE
package#DataLifecycle,domain#MP-P-uDFDI,domain#Node-ProcessManager-Human,FALSE,FALSE,FALSE
package#DataLifecycleInference,domain#MP-DDDCDP2oDS,domain#Node-DataSource-DataAccess,TRUE,FALSE,FALSE
package#DataLifecycleInference,domain#MP-DDDCDP2oDS,domain#Node-FlowsFrom-Process,TRUE,FALSE,FALSE
package#DataLifecycleInference,domain#MP-DDDPS-DC,domain#Node-OldDataChannel-DataChannel,FALSE,TRUE,FALSE
package#DataLifecycleInference,domain#MP-DD-fDCSDS,domain#Node-DataAccess-DataAccess,FALSE,TRUE,FALSE
package#DataLifecycleInference,domain#MP-DI-fDCSDS,domain#Node-DataAccess-DataAccess,FALSE,TRUE,FALSE
package#DataLifecycleInference,domain#MP-DO-fDCSDD,domain#Node-DataAccess-DataAccess,FALSE,TRUE,FALSE
package#DataLifecycleInference,domain#MP-DSDCDP2oDD,domain#Node-DataSource-DataAccess,TRUE,FALSE,FALSE
package#DataLifecycleInference,domain#MP-DSDCDP2oDD,domain#Node-FlowsFrom-Process,TRUE,FALSE,FALSE
package#DataLifecycleInference,domain#MP-HPDFDI-fDS-DP,domain#Node-DataPool-DataPool,FALSE,TRUE,FALSE
package#DataLifecycleInference,domain#MP-HPDO-fDS-DA,domain#Node-DataDestination-DataAccess,FALSE,TRUE,FALSE
package#DataLifecycleInference,domain#MP-HSDADPPDXP-Hu-DP,domain#Node-DataPath-DataPath,FALSE,TRUE,FALSE
package#DataLifecycleInference,domain#MP-HSDADPPDXP-Hu-DP,domain#Node-Human-Human,FALSE,TRUE,FALSE
package#DataLifecycleInference,domain#MP-HuaDSPH+S-DA,domain#Node-DataAccess-DataAccess,FALSE,TRUE,FALSE
package#DataLifecycleInference,domain#MP-HuaDSPH+S-DA,domain#Node-DataPool-DataPool,TRUE,FALSE,FALSE
package#DataLifecycleInference,domain#MP-HuaDSPH-S-DA,domain#Node-DataAccess-DataAccess,FALSE,TRUE,FALSE
package#DataLifecycleInference,domain#MP-HuaDSPH-S-DA,domain#Node-DataPool-DataPool,FALSE,TRUE,FALSE
package#DataLifecycleInference,domain#MP-Hui-vDSPH+S-DA,domain#Node-DataAccess-DataAccess,FALSE,TRUE,FALSE
package#DataLifecycleInference,domain#MP-Hui-vDSPH+S-DA,domain#Node-DataPool-DataPool,TRUE,FALSE,FALSE
package#DataLifecycleInference,domain#MP-Hui-vDSPH-S-DA,domain#Node-DataAccess-DataAccess,FALSE,TRUE,FALSE
package#DataLifecycleInference,domain#MP-Hui-vDSPH-S-DA,domain#Node-DataPool-DataPool,FALSE,TRUE,FALSE
package#DataLifecycleInference,domain#MP-PaDSH+S-Hu-DA,domain#Node-DataAccess-DataAccess,FALSE,TRUE,FALSE
package#DataLifecycleInference,domain#MP-PaDSH+S-Hu-DA,domain#Node-DataPool-DataPool,TRUE,FALSE,FALSE
package#DataLifecycleInference,domain#MP-PaDSH-S-Hu-DA,domain#Node-DataAccess-DataAccess,FALSE,TRUE,FALSE
package#DataLifecycleInference,domain#MP-PaDSH-S-Hu-DA,domain#Node-DataPool-DataPool,FALSE,TRUE,FALSE
package#DataLifecycleInference,domain#MP-Pc-rDSH+S-Hu-DA,domain#Node-DataAccess-DataAccess,FALSE,TRUE,FALSE
package#DataLifecycleInference,domain#MP-Pc-rDSH+S-Hu-DA,domain#Node-DataPool-DataPool,TRUE,FALSE,FALSE
package#DataLifecycleInference,domain#MP-Pc-rDSH-S-Hu-DA,domain#Node-DataAccess-DataAccess,FALSE,TRUE,FALSE
package#DataLifecycleInference,domain#MP-Pc-rDSH-S-Hu-DA,domain#Node-DataPool-DataPool,FALSE,TRUE,FALSE
package#DataLifecycleInference,domain#MP-Pr-cDSH+S-Hu-DA,domain#Node-DataAccess-DataAccess,FALSE,TRUE,FALSE
package#DataLifecycleInference,domain#MP-Pr-cDSH+S-Hu-DA,domain#Node-DataPool-DataPool,TRUE,FALSE,FALSE
package#DataLifecycleInference,domain#MP-Pr-cDSH-S-Hu-DA,domain#Node-DataAccess-DataAccess,FALSE,TRUE,FALSE
package#DataLifecycleInference,domain#MP-Pr-cDSH-S-Hu-DA,domain#Node-DataPool-DataPool,FALSE,TRUE,FALSE
package#DataLifecycleInference,domain#MP-RA-fDCSDD,domain#Node-DataAccess-DataAccess,FALSE,TRUE,FALSE
package#DataLifecycleInference,domain#MP-RA-fDCSDS,domain#Node-DataAccess-DataAccess,FALSE,TRUE,FALSE
package#DataLifecycleInference,domain#MP-SDADPPDXP-DP,domain#Node-DataPath-DataPath,FALSE,TRUE,FALSE
package#DataLifecycleInference,domain#MP-SDADPPDXP-Hu-DP,domain#Node-DataPath-DataPath,FALSE,TRUE,FALSE
package#DataLifecycleInference,domain#MP-SDADPPDXP-Hu-DP,domain#Node-Human-Human,FALSE,TRUE,FALSE
package#DataLifecycleInference,domain#MP-SDADPPDXPRAC-DP,domain#Node-DataPath-DataPath,FALSE,TRUE,FALSE
package#DataLifecycleInference,domain#MP-SDADPPDXRAC-DP,domain#Node-DataPath-DataPath,FALSE,TRUE,FALSE
package#GDPR,domain#MP-NDFHuoO,domain#Node-Human1-Human,FALSE,FALSE,FALSE
package#GDPR,domain#MP-NDFHuoO,domain#Node-Human2-Human,FALSE,FALSE,FALSE
package#GDPR,domain#MP-NDFHuoO,domain#Node-Operator-Stakeholder,FALSE,FALSE,FALSE
package#IoT,domain#MP-CoPDS,domain#Node-HostManager-Human,FALSE,FALSE,FALSE
package#IoT,domain#MP-DScSePDmFF,domain#Node-DataFlow-DataFlow,TRUE,FALSE,FALSE
package#IoT,domain#MP-HuiThaS-S,domain#Node-OtherSpace-Space,FALSE,TRUE,FALSE
package#IoT,domain#MP-HumThP-m,domain#Node-ProcessManager-Human,FALSE,TRUE,FALSE
package#IoT,domain#MP-SePDmFF,domain#Node-DataFlow-DataFlow,TRUE,FALSE,FALSE
package#IoT,domain#MP-SePDsFF,domain#Node-DataFlow-DataFlow,TRUE,FALSE,TRUE
package#IoT,domain#MP-SHuTh-Hu,domain#Node-HostManager-Human,FALSE,TRUE,FALSE
package#Legal,domain#MP-DFHuoO,domain#Node-Human1-Human,FALSE,FALSE,FALSE
package#Legal,domain#MP-DFHuoO,domain#Node-Human2-Human,FALSE,FALSE,FALSE
package#Legal,domain#MP-DFHuoO,domain#Node-Operator-Stakeholder,FALSE,FALSE,FALSE
package#Legal,domain#MP-DSHuoO,domain#Node-Operator-Stakeholder,FALSE,FALSE,FALSE
package#Legal,domain#MP-Hu-aDoPS-o,domain#Node-DataProcess-DataProcess,TRUE,FALSE,FALSE
package#Legal,domain#MP-HuDoPS-o,domain#Node-DataProcess-DataProcess,TRUE,FALSE,FALSE
package#Legal,domain#MP-HuDP-J,domain#Node-Jurisdiction-Jurisdiction,FALSE,TRUE,FALSE
package#Legal,domain#MP-HuDPoJoSt,domain#Node-Jurisdiction-Jurisdiction,FALSE,FALSE,FALSE
package#Legal,domain#MP-HuDPoJoSt,domain#Node-Operator-Stakeholder,FALSE,FALSE,FALSE
package#Legal,domain#MP-HuDP-St,domain#Node-DataController-Stakeholder,FALSE,TRUE,FALSE
package#Legal,domain#MP-HuDSH-J,domain#Node-Jurisdiction-Jurisdiction,FALSE,TRUE,FALSE
package#Legal,domain#MP-HuDSHoJoSt,domain#Node-Jurisdiction-Jurisdiction,FALSE,FALSE,FALSE
package#Legal,domain#MP-HuDSHoJoSt,domain#Node-Operator-Stakeholder,FALSE,FALSE,FALSE
package#Legal,domain#MP-HuDSH-St,domain#Node-DataController-Stakeholder,FALSE,TRUE,FALSE
package#Legal,domain#MP-JuSS,domain#Node-RemoteJurisdiction-Jurisdiction,FALSE,TRUE,FALSE
package#LocalDeviceConnectivity,domain#MP-HBImSG,domain#Node-OtherSpace-Space,TRUE,FALSE,FALSE
package#LocalDeviceConnectivity,domain#MP-HBTTHS-S,domain#Node-OtherSpace-Space,FALSE,TRUE,FALSE
package#LocalDeviceConnectivity,domain#MP-HL1H,domain#Node-HostManager-Human,FALSE,FALSE,FALSE
package#LocalDeviceConnectivity,domain#MP-HL1HS,domain#Node-HostManager-Human,FALSE,FALSE,FALSE
package#LocalDeviceConnectivity,domain#MP-HuiHBTTH-Hu,domain#Node-HostManager-Human,FALSE,TRUE,FALSE
package#LocalDeviceConnectivity,domain#MP-HuiHUSBTH-Hu,domain#Node-HostManager-Human,FALSE,TRUE,FALSE
package#LocalDeviceConnectivity,domain#MP-HumHBTTH-Hu,domain#Node-HostManager-Human,FALSE,TRUE,FALSE
package#LocalDeviceConnectivity,domain#MP-HumHUSBTH-Hu,domain#Node-HostManager-Human,FALSE,TRUE,FALSE
package#LocalDeviceConnectivity,domain#MP-HUSBTHS-S,domain#Node-OtherSpace-Space,FALSE,TRUE,FALSE
package#LocalDeviceConnectivity,domain#MP-L1SSg2,domain#Node-HostManager-Human,FALSE,FALSE,FALSE
package#LocalDeviceConnectivity,domain#MP-L1SSg2AC,domain#Node-HostManager-Human,FALSE,FALSE,FALSE
package#LocalDeviceConnectivity,domain#MP-LTethSg2,domain#Node-HostManager-Human,FALSE,FALSE,FALSE
package#LocalDeviceConnectivity,domain#MP-LTethSg2AC,domain#Node-HostManager-Human,FALSE,FALSE,FALSE
package#LocalDeviceConnectivity,domain#MP-LTRevSg2,domain#Node-HostManager-Human,FALSE,FALSE,FALSE
package#LocalDeviceConnectivity,domain#MP-LTRevSg2AC,domain#Node-HostManager-Human,FALSE,FALSE,FALSE
package#LocalDeviceConnectivity,domain#MP-UHDrP-S,domain#Node-Service-Process,FALSE,TRUE,FALSE
package#LocalDeviceConnectivity,domain#MP-UHDSrP,domain#Node-Client-Process,FALSE,TRUE,FALSE
package#LocalDeviceConnectivity,domain#MP-UHS,domain#Node-HostManager-Human,FALSE,FALSE,FALSE
package#LocalDeviceConnectivity,domain#MP-UHS,domain#Node-Human-Human,FALSE,FALSE,FALSE
package#LocalDeviceConnectivity,domain#MP-USBD-S,domain#Node-Service-Process,FALSE,TRUE,FALSE
package#Network,domain#MP-CH,domain#Node-HostManager-Human,FALSE,FALSE,FALSE
package#Network,domain#MP-CH,domain#Node-Human-Human,FALSE,FALSE,FALSE
package#Network,domain#MP-CHS,domain#Node-HostAccess-HContext,TRUE,FALSE,FALSE
package#Network,domain#MP-CHS,domain#Node-HostManager-Human,FALSE,FALSE,FALSE
package#Network,domain#MP-CHS,domain#Node-Human-Human,FALSE,FALSE,FALSE
package#Network,domain#MP-CHS-iP,domain#Node-HostAccess-HContext,TRUE,FALSE,FALSE
package#Network,domain#MP-CHS-iP,domain#Node-HostManager-Human,FALSE,FALSE,FALSE
package#Network,domain#MP-CHS-iP,domain#Node-Human-Human,FALSE,FALSE,FALSE
package#Network,domain#MP-DC-C,domain#Node-Host-Cluster,FALSE,TRUE,FALSE
package#Network,domain#MP-DC-R,domain#Node-Host-Router,FALSE,TRUE,FALSE
package#Network,domain#MP-DCVHRS-H,domain#Node-Gateway-Host,FALSE,TRUE,FALSE
package#Network,domain#MP-DCVHWS-H,domain#Node-Gateway-Host,FALSE,TRUE,FALSE
package#Network,domain#MP-DCWH-LS,domain#Node-LogicalSubnet-LogicalSubnet,FALSE,TRUE,FALSE
package#Network,domain#MP-GH,domain#Node-HostManager-Human,FALSE,FALSE,FALSE
package#Network,domain#MP-H,domain#Node-HostManager-Human,FALSE,FALSE,FALSE
package#Network,domain#MP-H,domain#Node-Human-Human,FALSE,FALSE,FALSE
package#Network,domain#MP-HAC,domain#Node-HostManager-Human,FALSE,FALSE,FALSE
package#Network,domain#MP-HAC,domain#Node-HostNetContext-HostNetContext,FALSE,FALSE,FALSE
package#Network,domain#MP-HACPmAC,domain#Node-HostManager-Human,FALSE,FALSE,FALSE
package#Network,domain#MP-HACPmAC,domain#Node-Human-Human,FALSE,FALSE,FALSE
package#Network,domain#MP-HACPmAC,domain#Node-ProcAccess-PContext,TRUE,FALSE,FALSE
package#Network,domain#MP-HACPmNC,domain#Node-ProcAccess-ProcNetContext,TRUE,FALSE,FALSE
package#Network,domain#MP-HL3S,domain#Node-HostManager-Human,FALSE,FALSE,FALSE
package#Network,domain#MP-HmAC,domain#Node-HostAccess-HContext,TRUE,FALSE,FALSE
package#Network,domain#MP-HmAC,domain#Node-HostManager-Human,FALSE,FALSE,FALSE
package#Network,domain#MP-HmAC,domain#Node-Human-Human,FALSE,FALSE,FALSE
package#Network,domain#MP-HmACPAC,domain#Node-HostAccess-HContext,TRUE,FALSE,FALSE
package#Network,domain#MP-HmACPAC,domain#Node-HostManager-Human,FALSE,FALSE,FALSE
package#Network,domain#MP-HmACPAC,domain#Node-Human-Human,FALSE,FALSE,FALSE
package#Network,domain#MP-HmNCPAC,domain#Node-ProcNetContext-ProcNetContext,TRUE,FALSE,FALSE
package#Network,domain#MP-HP,domain#Node-HostManager-Human,FALSE,FALSE,FALSE
package#Network,domain#MP-HP,domain#Node-Human-Human,FALSE,FALSE,FALSE
package#Network,domain#MP-HPAC,domain#Node-HostManager-Human,FALSE,FALSE,FALSE
package#Network,domain#MP-HPAC,domain#Node-Human-Human,FALSE,FALSE,FALSE
package#Network,domain#MP-HPAC,domain#Node-ProcNetContext-ProcNetContext,FALSE,FALSE,FALSE
package#Network,domain#MP-HPHLS-S,domain#Node-OtherSpace-Space,TRUE,FALSE,FALSE
package#Network,domain#MP-HPHLS-S,domain#Node-Space-Space,TRUE,FALSE,FALSE
package#Network,domain#MP-HP-iT,domain#Node-HostManager-Human,FALSE,FALSE,FALSE
package#Network,domain#MP-HP-iT,domain#Node-Human-Human,FALSE,FALSE,FALSE
package#Network,domain#MP-HPmAC,domain#Node-HostManager-Human,FALSE,FALSE,FALSE
package#Network,domain#MP-HPmAC,domain#Node-Human-Human,FALSE,FALSE,FALSE
package#Network,domain#MP-HPmAC,domain#Node-ProcAccess-PContext,TRUE,FALSE,FALSE
package#Network,domain#MP-HprL3SAC,domain#Node-HostManager-Human,FALSE,FALSE,FALSE
package#Network,domain#MP-HprLS,domain#Node-HostManager-Human,FALSE,FALSE,FALSE
package#Network,domain#MP-HprLSAC,domain#Node-HostManager-Human,FALSE,FALSE,FALSE
package#Network,domain#MP-HPsAC,domain#Node-HostManager-Human,FALSE,FALSE,FALSE
package#Network,domain#MP-HPsAC,domain#Node-Human-Human,FALSE,FALSE,FALSE
package#Network,domain#MP-HPsAC,domain#Node-ProcAccess-ProcessContext,TRUE,FALSE,TRUE
package#Network,domain#MP-HsAC,domain#Node-HostAccess-HostContext,TRUE,FALSE,TRUE
package#Network,domain#MP-HsAC,domain#Node-HostManager-Human,FALSE,FALSE,FALSE
package#Network,domain#MP-HsAC,domain#Node-Human-Human,FALSE,FALSE,FALSE
package#Network,domain#MP-HsACP,domain#Node-HostAccess-HostContext,TRUE,FALSE,TRUE
package#Network,domain#MP-HsACP,domain#Node-HostManager-Human,FALSE,FALSE,FALSE
package#Network,domain#MP-HsACP,domain#Node-Human-Human,FALSE,FALSE,FALSE
package#Network,domain#MP-HuHE2AC,domain#Node-ProcAccess-PContext,TRUE,FALSE,FALSE
package#Network,domain#MP-HuiCHLnS-AC,domain#Node-Process-RemoteTerminal,FALSE,TRUE,FALSE
package#Network,domain#MP-HuiH-Hu,domain#Node-HostManager-Human,FALSE,TRUE,FALSE
package#Network,domain#MP-HuiHoSt,domain#Node-Employer-Stakeholder,FALSE,FALSE,FALSE
package#Network,domain#MP-HuiHoSt,domain#Node-HostAccess-HContext,TRUE,FALSE,FALSE
package#Network,domain#MP-HuiHoSt,domain#Node-Process-Process,FALSE,TRUE,FALSE
package#Network,domain#MP-HuiHP-m,domain#Node-ProcessManager-Human,FALSE,TRUE,FALSE
package#Network,domain#MP-HuiHSt,domain#Node-HostAccess-HContext,TRUE,FALSE,FALSE
package#Network,domain#MP-HuiHSt,domain#Node-Process-Process,FALSE,TRUE,FALSE
package#Network,domain#MP-HuimH-e,domain#Node-Host-ConsoleHost,TRUE,FALSE,FALSE
package#Network,domain#MP-HuiPCH,domain#Node-Process-Process,TRUE,FALSE,FALSE
package#Network,domain#MP-HuiPCHS,domain#Node-ProcAccess-PContext,TRUE,FALSE,FALSE
package#Network,domain#MP-HuiPCHS-iP,domain#Node-ProcAccess-PContext,TRUE,FALSE,FALSE
package#Network,domain#MP-HuiPDaS-S,domain#Node-OtherSpace-Space,FALSE,TRUE,FALSE
package#Network,domain#MP-HuiPH-Hu,domain#Node-HostManager-Human,FALSE,TRUE,FALSE
package#Network,domain#MP-HuiPoSt,domain#Node-Employer-Stakeholder,FALSE,FALSE,FALSE
package#Network,domain#MP-HuiPoSt,domain#Node-ProcAccess-PContext,TRUE,FALSE,FALSE
package#Network,domain#MP-HuiPSt,domain#Node-ProcAccess-PContext,TRUE,FALSE,FALSE
package#Network,domain#MP-HumHoSt,domain#Node-Employer-Stakeholder,FALSE,FALSE,FALSE
package#Network,domain#MP-HumHoSt,domain#Node-HostAccess-HContext,TRUE,FALSE,FALSE
package#Network,domain#MP-HumHP,domain#Node-Human-Human,FALSE,FALSE,FALSE
package#Network,domain#MP-HumHP-im,domain#Node-Human1-Human,FALSE,TRUE,FALSE
package#Network,domain#MP-HumHP-im,domain#Node-Human2-Human,FALSE,TRUE,FALSE
package#Network,domain#MP-HumHP-iT,domain#Node-Human-Human,FALSE,FALSE,FALSE
package#Network,domain#MP-HumHSt,domain#Node-HostAccess-HContext,TRUE,FALSE,FALSE
package#Network,domain#MP-HumH-StSt,domain#Node-Employer-Stakeholder,FALSE,TRUE,FALSE
package#Network,domain#MP-HumH-StSt,domain#Node-Operator-Stakeholder,FALSE,TRUE,FALSE
package#Network,domain#MP-HummH-e,domain#Node-ConsoleHost-ConsoleHost,FALSE,TRUE,FALSE
package#Network,domain#MP-HummH-e,domain#Node-Host-ShellHost,TRUE,FALSE,FALSE
package#Network,domain#MP-HumPH-m,domain#Node-HostManager-Human,FALSE,TRUE,FALSE
package#Network,domain#MP-HumP-StSt,domain#Node-Employer-Stakeholder,FALSE,TRUE,FALSE
package#Network,domain#MP-HumP-StSt,domain#Node-Operator-Stakeholder,FALSE,TRUE,FALSE
package#Network,domain#MP-HuoH-m,domain#Node-HostManager-Human,FALSE,TRUE,FALSE
package#Network,domain#MP-HuSP,domain#Node-MUA-SMSClient,FALSE,TRUE,FALSE
package#Network,domain#MP-HuwStmH-St,domain#Node-Operator-Stakeholder,FALSE,TRUE,FALSE
package#Network,domain#MP-HuwStmP-St,domain#Node-Operator-Stakeholder,FALSE,TRUE,FALSE
package#Network,domain#MP-LnSuP-H,domain#Node-Host-Host,FALSE,TRUE,FALSE
package#Network,domain#MP-LS-prH,domain#Node-Host-Host,FALSE,TRUE,FALSE
package#Network,domain#MP-MHHS,domain#Node-HostAccess-HostNetContext,TRUE,FALSE,FALSE
package#Network,domain#MP-MHHS,domain#Node-HostManager-Human,FALSE,FALSE,FALSE
package#Network,domain#MP-MHHS,domain#Node-Human-Human,FALSE,FALSE,FALSE
package#Network,domain#MP-PC-LnS,domain#Node-Process-Process,FALSE,TRUE,FALSE
package#Network,domain#MP-PH,domain#Node-HostManager-Human,FALSE,FALSE,FALSE
package#Network,domain#MP-PHS,domain#Node-HostManager-Human,FALSE,FALSE,FALSE
package#Network,domain#MP-PHS,domain#Node-Human-Human,FALSE,FALSE,FALSE
package#Network,domain#MP-PH-S,domain#Node-Space-Space,FALSE,TRUE,FALSE
package#Network,domain#MP-PHS-iC,domain#Node-HostManager-Human,FALSE,FALSE,FALSE
package#Network,domain#MP-PHS-iC,domain#Node-Human-Human,FALSE,FALSE,FALSE
package#Network,domain#MP-PMHHS,domain#Node-Human-Human,FALSE,FALSE,FALSE
package#Network,domain#MP-PMHHS,domain#Node-ProcAccess-ProcNetContext,TRUE,FALSE,FALSE
package#Network,domain#MP-PnH,domain#Node-Host-Host,FALSE,TRUE,FALSE
package#Network,domain#MP-Rr-LnS,domain#Node-Process-Process,FALSE,TRUE,FALSE
package#Network,domain#MP-RSSH,domain#Node-HostManager-Human,FALSE,FALSE,FALSE
package#Network,domain#MP-RSSH,domain#Node-Process-Process,FALSE,FALSE,FALSE
package#Network,domain#MP-RSS-HP,domain#Node-Gateway-Host,FALSE,TRUE,FALSE
package#Network,domain#MP-RSS-HP,domain#Node-Process-Process,FALSE,TRUE,FALSE
package#Network,domain#MP-RSSH-P,domain#Node-HostManager-Human,FALSE,FALSE,FALSE
package#Network,domain#MP-RSSH-P,domain#Node-Process-Process,FALSE,TRUE,FALSE
package#Network,domain#MP-SH,domain#Node-HostManager-Human,FALSE,FALSE,FALSE
package#Network,domain#MP-SHAC,domain#Node-HostManager-Human,FALSE,FALSE,FALSE
package#Network,domain#MP-SHAC,domain#Node-HostNetContext-HostNetContext,FALSE,FALSE,FALSE
package#Network,domain#MP-SHACPmAC,domain#Node-HostManager-Human,FALSE,FALSE,FALSE
package#Network,domain#MP-SHACPmAC,domain#Node-Human-Human,FALSE,FALSE,FALSE
package#Network,domain#MP-SHACPmAC,domain#Node-ProcAccess-PContext,TRUE,FALSE,FALSE
package#Network,domain#MP-SHLnSACPmAC,domain#Node-ProcAccess-PContext,TRUE,FALSE,FALSE
package#Network,domain#MP-SHLnSACPmAC,domain#Node-ProcessManager-Human,FALSE,FALSE,FALSE
package#Network,domain#MP-SHmACPAC,domain#Node-HostAccess-HContext,TRUE,FALSE,FALSE
package#Network,domain#MP-SHmACPAC,domain#Node-HostManager-Human,FALSE,FALSE,FALSE
package#Network,domain#MP-SHmACRLnSAC,domain#Node-HostAccess-HContext,TRUE,FALSE,FALSE
package#Network,domain#MP-SHmACRLnSAC,domain#Node-HostManager-Human,FALSE,FALSE,FALSE
package#Network,domain#MP-SH-mHu,domain#Node-HostManager-Human,FALSE,TRUE,FALSE
package#Network,domain#MP-SHP,domain#Node-HostManager-Human,FALSE,FALSE,FALSE
package#Network,domain#MP-SHP,domain#Node-Human-Human,FALSE,FALSE,FALSE
package#Network,domain#MP-SHP-iT,domain#Node-HostManager-Human,FALSE,FALSE,FALSE
package#Network,domain#MP-SHP-iT,domain#Node-Human-Human,FALSE,FALSE,FALSE
package#Network,domain#MP-SHuPH-Hu,domain#Node-HostManager-Human,FALSE,TRUE,FALSE
package#Network,domain#MP-StHP,domain#Node-Operator-Stakeholder,FALSE,TRUE,FALSE
package#Network,domain#MP-StSPH-St,domain#Node-Operator-Stakeholder,FALSE,TRUE,FALSE
package#Network,domain#MP-StS-St,domain#Node-Operator-Stakeholder,FALSE,TRUE,FALSE
package#Network,domain#MP-Sv-LnS,domain#Node-Process-Process,FALSE,TRUE,FALSE
package#Network,domain#MP-TH,domain#Node-HostAccess-HostContext,FALSE,FALSE,FALSE
package#Network,domain#MP-TH,domain#Node-HostManager-Human,FALSE,FALSE,FALSE
package#Network,domain#MP-TH,domain#Node-Human-Human,FALSE,FALSE,FALSE
package#Network,domain#MP-WHmWS,domain#Node-LogicalSubnet-WiFiLAN,TRUE,FALSE,FALSE
package#Network,domain#MP-WiFiSSoH,domain#Node-Gateway-Host,FALSE,FALSE,FALSE
package#Network,domain#MP-WiFiSSoH,domain#Node-Process-Process,FALSE,FALSE,FALSE
package#Network,domain#MP-WmPH,domain#Node-Host-PhysicalHost,TRUE,FALSE,FALSE
package#Network,domain#MP-WpHS-aF,domain#Node-OtherSpace-Space,FALSE,TRUE,FALSE
package#Network,domain#MP-WpHSH-aF,domain#Node-PhysicalSubnet-WiFiLAN,FALSE,TRUE,FALSE
package#Network,domain#MP-WpHSH-aF,domain#Node-RadioSubnet-WiFiLAN,TRUE,FALSE,FALSE
package#Network,domain#MP-WSSH,domain#Node-HostManager-Human,FALSE,FALSE,FALSE
package#Network,domain#MP-WSSH,domain#Node-Process-Process,FALSE,FALSE,FALSE
package#Network,domain#MP-WSS-HP,domain#Node-Gateway-Host,FALSE,TRUE,FALSE
package#Network,domain#MP-WSS-HP,domain#Node-Process-Process,FALSE,TRUE,FALSE
package#Network,domain#MP-WSSH-P,domain#Node-HostManager-Human,FALSE,FALSE,FALSE
package#Network,domain#MP-WSSH-P,domain#Node-Process-Process,FALSE,TRUE,FALSE
package#NetworkConnectivity,domain#MP-DDoH,domain#Node-HostManager-Human,FALSE,FALSE,FALSE
package#NetworkConnectivity,domain#MP-GdHRS,domain#Node-Process-Process,FALSE,FALSE,FALSE
package#NetworkConnectivity,domain#MP-GdHRSi,domain#Node-Process-Process,FALSE,FALSE,FALSE
package#NetworkConnectivity,domain#MP-GdHWS,domain#Node-Process-Process,FALSE,FALSE,FALSE
package#NetworkConnectivity,domain#MP-HIoH,domain#Node-HostManager-Human,FALSE,FALSE,FALSE
package#NetworkConnectivity,domain#MP-HLoH,domain#Node-HostManager-Human,FALSE,FALSE,FALSE
package#NetworkConnectivity,domain#MP-HRoH,domain#Node-HostManager-Human,FALSE,FALSE,FALSE
package#NetworkConnectivity,domain#MP-HRSGSoS,domain#Node-Process-Process,FALSE,FALSE,FALSE
package#NetworkConnectivity,domain#MP-HSRSoGS,domain#Node-Gateway-Host,FALSE,FALSE,FALSE
package#NetworkConnectivity,domain#MP-HSRSoGS,domain#Node-Process-Process,FALSE,FALSE,FALSE
package#NetworkConnectivity,domain#MP-HSWSoGS,domain#Node-Gateway-Host,FALSE,FALSE,FALSE
package#NetworkConnectivity,domain#MP-HSWSoGS,domain#Node-HostManager-Human,FALSE,FALSE,FALSE
package#NetworkConnectivity,domain#MP-HSWSoGS,domain#Node-Process-Process,FALSE,FALSE,FALSE
package#NetworkConnectivity,domain#MP-HWSGSoS,domain#Node-HostManager-Human,FALSE,FALSE,FALSE
package#NetworkConnectivity,domain#MP-HWSGSoS,domain#Node-Process-Process,FALSE,FALSE,FALSE
package#NetworkConnectivity,domain#MP-I,domain#Node-HostManager-Human,FALSE,FALSE,FALSE
package#NetworkConnectivity,domain#MP-IoH,domain#Node-HostAccess-HContext,TRUE,FALSE,FALSE
package#NetworkConnectivity,domain#MP-IoH,domain#Node-HostManager-Human,FALSE,FALSE,FALSE
package#NetworkConnectivity,domain#MP-L3SSg2,domain#Node-HostManager-Human,FALSE,FALSE,FALSE
package#NetworkConnectivity,domain#MP-L3SSg2+b,domain#Node-HostManager-Human,FALSE,FALSE,FALSE
package#NetworkConnectivity,domain#MP-L3SSg2AC,domain#Node-HostManager-Human,FALSE,FALSE,FALSE
package#NetworkConnectivity,domain#MP-L3SSg2AC-b,domain#Node-HostManager-Human,FALSE,FALSE,FALSE
package#NetworkConnectivity,domain#MP-L3SSg2-b,domain#Node-HostManager-Human,FALSE,FALSE,FALSE
package#NetworkConnectivity,domain#MP-LoH,domain#Node-HostAccess-HContext,TRUE,FALSE,FALSE
package#NetworkConnectivity,domain#MP-LoH,domain#Node-HostManager-Human,FALSE,FALSE,FALSE
package#NetworkConnectivity,domain#MP-NoH,domain#Node-HostAccess-HContext,TRUE,FALSE,FALSE
package#NetworkConnectivity,domain#MP-NoH,domain#Node-HostManager-Human,FALSE,FALSE,FALSE
package#NetworkConnectivity,domain#MP-NoH,domain#Node-Internet-Internet,FALSE,TRUE,FALSE
package#NetworkConnectivity,domain#MP-NPmLSmSg,domain#Node-LogicalSegment-LogicalSegment,TRUE,FALSE,FALSE
package#NetworkConnectivity,domain#MP-NPmLSmSg,domain#Node-LogicalSubnet-LogicalSubnet,TRUE,FALSE,FALSE
package#NetworkConnectivity,domain#MP-RIoH,domain#Node-HostAccess-HContext,TRUE,FALSE,FALSE
package#NetworkConnectivity,domain#MP-RIoH,domain#Node-HostManager-Human,FALSE,FALSE,FALSE
package#NetworkConnectivity,domain#MP-RNoH,domain#Node-HostAccess-HContext,TRUE,FALSE,FALSE
package#NetworkConnectivity,domain#MP-RNoH,domain#Node-HostManager-Human,FALSE,FALSE,FALSE
package#NetworkConnectivity,domain#MP-RNoH,domain#Node-Internet-Internet,FALSE,TRUE,FALSE
package#NetworkConnectivity,domain#MP-RoH,domain#Node-HostAccess-HContext,TRUE,FALSE,FALSE
package#NetworkConnectivity,domain#MP-RoH,domain#Node-HostManager-Human,FALSE,FALSE,FALSE
package#NetworkConnectivity,domain#MP-RoH,domain#Node-Internet-Internet,FALSE,TRUE,FALSE
package#NetworkConnectivity,domain#MP-Sg,domain#Node-HostManager-Human,FALSE,FALSE,FALSE
package#NetworkConnectivityInference,domain#MP-OPLS2,domain#Node-Host-Host,TRUE,FALSE,FALSE
package#NetworkConnectivityInference,domain#MP-OPPS2,domain#Node-Host-Host,TRUE,FALSE,FALSE
package#NetworkInference,domain#MP-HPAC-AC,domain#Node-AccessContext-ProcessContext,FALSE,TRUE,FALSE
package#Physical,domain#MP-HuPSoSt,domain#Node-Employer-Stakeholder,FALSE,FALSE,FALSE
package#Physical,domain#MP-PPS-E,domain#Node-Entrance-Space,FALSE,TRUE,FALSE
package#Privacy,domain#MP-D-Hu-Th,domain#Node-Human-Human,FALSE,TRUE,FALSE
package#Privacy,domain#MP-D-Hu-Th,domain#Node-SimpleProcess-SensorProcess,FALSE,TRUE,FALSE
package#Privacy,domain#MP-D-Hu-Th,domain#Node-Thing-Thing,FALSE,TRUE,FALSE
package#Privacy,domain#MP-H-Hu,domain#Node-HostManager-Human,FALSE,TRUE,FALSE
package#Privacy,domain#MP-H-Hu,domain#Node-Human1-Human,FALSE,TRUE,FALSE
package#Privacy,domain#MP-H-Hu,domain#Node-Human2-Human,FALSE,TRUE,FALSE
package#Privacy,domain#MP-HurH-StSt,domain#Node-Employer-Stakeholder,FALSE,TRUE,FALSE
package#Privacy,domain#MP-HurH-StSt,domain#Node-Operator-Stakeholder,FALSE,TRUE,FALSE
package#Privacy,domain#MP-HurTh-S-m,domain#Node-HostManager-Human,FALSE,TRUE,FALSE
package#Privacy,domain#MP-HurTh-S-m,domain#Node-Space-Space,FALSE,TRUE,FALSE
package#Privacy,domain#MP-HuwStrH-St,domain#Node-Operator-Stakeholder,FALSE,TRUE,FALSE
package#Privacy,domain#MP-IoT-Hu,domain#Node-Human-Human,FALSE,TRUE,FALSE
package#ProcessComms,domain#MP-CACHcLSP,domain#Node-HostManager-Human,FALSE,FALSE,FALSE
package#ProcessComms,domain#MP-CACHcLSP,domain#Node-Human-Human,FALSE,FALSE,FALSE
package#ProcessComms,domain#MP-CACHcLSP,domain#Node-IndirectChannel-ClientChannel,TRUE,FALSE,FALSE
package#ProcessComms,domain#MP-CACHcLSP,domain#Node-ProcAccess-ProcessContext,TRUE,FALSE,FALSE
package#ProcessComms,domain#MP-CACHcLSP,domain#Node-ServiceManager-Human,FALSE,FALSE,FALSE
package#ProcessComms,domain#MP-CACHcLSS,domain#Node-HostManager-Human,FALSE,FALSE,FALSE
package#ProcessComms,domain#MP-CACHcLSS,domain#Node-Human-Human,FALSE,FALSE,FALSE
package#ProcessComms,domain#MP-CACHLSP,domain#Node-HostManager-Human,FALSE,FALSE,FALSE
package#ProcessComms,domain#MP-CACHLSP,domain#Node-Human-Human,FALSE,FALSE,FALSE
package#ProcessComms,domain#MP-CACHLSP,domain#Node-IndirectChannel-ClientChannel,TRUE,FALSE,FALSE
package#ProcessComms,domain#MP-CACHLSP,domain#Node-ProcAccess-ProcessContext,TRUE,FALSE,FALSE
package#ProcessComms,domain#MP-CACHLSP,domain#Node-ServiceManager-Human,FALSE,FALSE,FALSE
package#ProcessComms,domain#MP-CACHLSS,domain#Node-HostManager-Human,FALSE,FALSE,FALSE
package#ProcessComms,domain#MP-CACHLSS,domain#Node-Human-Human,FALSE,FALSE,FALSE
package#ProcessComms,domain#MP-CCAPNaS,domain#Node-HostManager-Human,FALSE,FALSE,FALSE
package#ProcessComms,domain#MP-CCAPNaS,domain#Node-Human-Human,FALSE,FALSE,FALSE
package#ProcessComms,domain#MP-CCAPNaS,domain#Node-ProcAccess-PContext,TRUE,FALSE,FALSE
package#ProcessComms,domain#MP-CCAPNaS,domain#Node-ServiceChannel-ServiceChannel,TRUE,FALSE,FALSE
package#ProcessComms,domain#MP-CCAPNaS,domain#Node-ServiceManager-Human,FALSE,FALSE,FALSE
package#ProcessComms,domain#MP-CCAPNoP,domain#Node-HostManager-Human,FALSE,FALSE,FALSE
package#ProcessComms,domain#MP-CCAPNoP,domain#Node-ProcAccess-PContext,TRUE,FALSE,FALSE
package#ProcessComms,domain#MP-CCAPNoP,domain#Node-ProxyChannel-ClientChannel,TRUE,FALSE,FALSE
package#ProcessComms,domain#MP-CCAPNoP,domain#Node-ServiceChannel-ServiceChannel,TRUE,FALSE,FALSE
package#ProcessComms,domain#MP-CCAPNoP,domain#Node-ServiceManager-Human,FALSE,FALSE,FALSE
package#ProcessComms,domain#MP-CCAPNoPC,domain#Node-HostManager-Human,FALSE,FALSE,FALSE
package#ProcessComms,domain#MP-CCAPNoPC,domain#Node-Human-Human,FALSE,FALSE,FALSE
package#ProcessComms,domain#MP-CCAPNoPC,domain#Node-IndirectChannel-ClientChannel,TRUE,FALSE,FALSE
package#ProcessComms,domain#MP-CCAPNoPC,domain#Node-ProcAccess-ProcessContext,TRUE,FALSE,FALSE
package#ProcessComms,domain#MP-CCAPNoPC,domain#Node-ServiceChannel-ServiceChannel,TRUE,FALSE,FALSE
package#ProcessComms,domain#MP-CCAPNoPC,domain#Node-ServiceManager-Human,FALSE,FALSE,FALSE
package#ProcessComms,domain#MP-CCAPNoS,domain#Node-HostManager-Human,FALSE,FALSE,FALSE
package#ProcessComms,domain#MP-CCAPNoS,domain#Node-Human-Human,FALSE,FALSE,FALSE
package#ProcessComms,domain#MP-CCAPNoS,domain#Node-ProcAccess-PContext,TRUE,FALSE,FALSE
package#ProcessComms,domain#MP-CCAPNoS,domain#Node-ServiceChannel-ServiceChannel,TRUE,FALSE,FALSE
package#ProcessComms,domain#MP-CCAPNoS,domain#Node-ServiceManager-Human,FALSE,FALSE,FALSE
package#ProcessComms,domain#MP-CCCcPCCcS,domain#Node-HostManager-Human,FALSE,FALSE,FALSE
package#ProcessComms,domain#MP-CCCcPCCcS,domain#Node-ProcAccess-ProcessContext,TRUE,FALSE,FALSE
package#ProcessComms,domain#MP-CCCcPCCcS,domain#Node-ServiceManager-Human,FALSE,FALSE,FALSE
package#ProcessComms,domain#MP-CCCLnSAC,domain#Node-HostManager-Human,FALSE,FALSE,FALSE
package#ProcessComms,domain#MP-CCCLnSAC,domain#Node-Human-Human,FALSE,FALSE,FALSE
package#ProcessComms,domain#MP-CCCLnSAC,domain#Node-ProcAccess-PContext,TRUE,FALSE,FALSE
package#ProcessComms,domain#MP-CCCLnSAC,domain#Node-ServiceManager-Human,FALSE,FALSE,FALSE
package#ProcessComms,domain#MP-CCCmSCS,domain#Node-Human-Human,FALSE,FALSE,FALSE
package#ProcessComms,domain#MP-CCCmSCS,domain#Node-ServiceChannel-ServiceChannel,TRUE,FALSE,FALSE
package#ProcessComms,domain#MP-CCCmSCS,domain#Node-ServiceManager-Human,FALSE,FALSE,FALSE
package#ProcessComms,domain#MP-CCC-nmCCS,domain#Node-Human-Human,FALSE,FALSE,FALSE
package#ProcessComms,domain#MP-CCC-nmCCS,domain#Node-ProxyChannel-ClientChannel,TRUE,FALSE,FALSE
package#ProcessComms,domain#MP-CCC-nmCCS,domain#Node-ServiceManager-Human,FALSE,FALSE,FALSE
package#ProcessComms,domain#MP-CCC-nmSCS,domain#Node-Human-Human,FALSE,FALSE,FALSE
package#ProcessComms,domain#MP-CCC-nmSCS,domain#Node-ServiceChannel-ServiceChannel,TRUE,FALSE,FALSE
package#ProcessComms,domain#MP-CCC-nmSCS,domain#Node-ServiceManager-Human,FALSE,FALSE,FALSE
package#ProcessComms,domain#MP-CCC-nS,domain#Node-Human-Human,FALSE,FALSE,FALSE
package#ProcessComms,domain#MP-CCC-nS,domain#Node-ServiceManager-Human,FALSE,FALSE,FALSE
package#ProcessComms,domain#MP-CCCPCCS,domain#Node-HostManager-Human,FALSE,FALSE,FALSE
package#ProcessComms,domain#MP-CCCPCCS,domain#Node-ProcAccess-ProcessContext,TRUE,FALSE,FALSE
package#ProcessComms,domain#MP-CCCPCCS,domain#Node-ServiceManager-Human,FALSE,FALSE,FALSE
package#ProcessComms,domain#MP-CCCPNaP,domain#Node-HostManager-Human,FALSE,FALSE,FALSE
package#ProcessComms,domain#MP-CCCPNaP,domain#Node-Human-Human,FALSE,FALSE,FALSE
package#ProcessComms,domain#MP-CCCPNaP,domain#Node-ProcAccess-PContext,TRUE,FALSE,FALSE
package#ProcessComms,domain#MP-CCCPNaP,domain#Node-ServiceChannel-ServiceChannel,TRUE,FALSE,FALSE
package#ProcessComms,domain#MP-CCCPNaP,domain#Node-ServiceManager-Human,FALSE,FALSE,FALSE
package#ProcessComms,domain#MP-CCCPNoP,domain#Node-HostManager-Human,FALSE,FALSE,FALSE
package#ProcessComms,domain#MP-CCCPNoP,domain#Node-Human-Human,FALSE,FALSE,FALSE
package#ProcessComms,domain#MP-CCCPNoP,domain#Node-ProcAccess-PContext,TRUE,FALSE,FALSE
package#ProcessComms,domain#MP-CCCPNoP,domain#Node-ServiceChannel-ServiceChannel,TRUE,FALSE,FALSE
package#ProcessComms,domain#MP-CCCPNoP,domain#Node-ServiceManager-Human,FALSE,FALSE,FALSE
package#ProcessComms,domain#MP-CCCS,domain#Node-HostManager-Human,FALSE,FALSE,FALSE
package#ProcessComms,domain#MP-CCCS,domain#Node-Human-Human,FALSE,FALSE,FALSE
package#ProcessComms,domain#MP-CCCS,domain#Node-ServiceManager-Human,FALSE,FALSE,FALSE
package#ProcessComms,domain#MP-CCCSAC,domain#Node-HostManager-Human,FALSE,FALSE,FALSE
package#ProcessComms,domain#MP-CCCSAC,domain#Node-Human-Human,FALSE,FALSE,FALSE
package#ProcessComms,domain#MP-CCCSAC,domain#Node-ProcAccess-PContext,TRUE,FALSE,FALSE
package#ProcessComms,domain#MP-CCCSAC,domain#Node-ServiceManager-Human,FALSE,FALSE,FALSE
package#ProcessComms,domain#MP-CCCSCSoCC,domain#Node-HostManager-Human,FALSE,FALSE,FALSE
package#ProcessComms,domain#MP-CCCSCSoCC,domain#Node-Human-Human,FALSE,FALSE,FALSE
package#ProcessComms,domain#MP-CCCSCSoCC,domain#Node-ProxyChannel-ClientChannel,FALSE,FALSE,FALSE
package#ProcessComms,domain#MP-CCCSCSoCC,domain#Node-ServiceManager-Human,FALSE,FALSE,FALSE
package#ProcessComms,domain#MP-CCCSScS,domain#Node-Human-Human,FALSE,FALSE,FALSE
package#ProcessComms,domain#MP-CCCSScS,domain#Node-ServiceManager-Human,FALSE,FALSE,FALSE
package#ProcessComms,domain#MP-CCCvCCS,domain#Node-Human-Human,FALSE,FALSE,FALSE
package#ProcessComms,domain#MP-CCCvCCS,domain#Node-ServiceManager-Human,FALSE,FALSE,FALSE
package#ProcessComms,domain#MP-CCDFCS,domain#Node-ProcessManager-Human,FALSE,FALSE,FALSE
package#ProcessComms,domain#MP-CCDFCS,domain#Node-ServiceManager-Human,FALSE,FALSE,FALSE
package#ProcessComms,domain#MP-CCDFCS-i,domain#Node-IndirectChannel-ClientChannel,FALSE,TRUE,FALSE
package#ProcessComms,domain#MP-CCDFCS-i,domain#Node-ProcessManager-Human,FALSE,FALSE,FALSE
package#ProcessComms,domain#MP-CCDFCS-i,domain#Node-ServiceManager-Human,FALSE,FALSE,FALSE
package#ProcessComms,domain#MP-CCDFCSm,domain#Node-ProcessManager-Human,FALSE,FALSE,FALSE
package#ProcessComms,domain#MP-CCDFCSm,domain#Node-ServiceChannel-ServiceChannel,TRUE,FALSE,FALSE
package#ProcessComms,domain#MP-CCDFCSm,domain#Node-ServiceManager-Human,FALSE,FALSE,FALSE
package#ProcessComms,domain#MP-CCDFC-SS-i,domain#Node-FirstChannel-ClientChannel,FALSE,TRUE,FALSE
package#ProcessComms,domain#MP-CCDFC-SS-i,domain#Node-IndirectChannel-ClientChannel,FALSE,TRUE,FALSE
package#ProcessComms,domain#MP-CCDFC-SS-i,domain#Node-ProcessManager-Human,FALSE,FALSE,FALSE
package#ProcessComms,domain#MP-CCDFC-SS-i,domain#Node-ServiceManager-Human,FALSE,FALSE,FALSE
package#ProcessComms,domain#MP-CCDFC-tS,domain#Node-ProcessManager-Human,FALSE,FALSE,FALSE
package#ProcessComms,domain#MP-CCDFC-tS,domain#Node-ServiceManager-Human,FALSE,FALSE,FALSE
package#ProcessComms,domain#MP-CCDFFC,domain#Node-ProcAccess-ProcessContext,TRUE,FALSE,TRUE
package#ProcessComms,domain#MP-CCDFFC,domain#Node-ProcessManager-Human,FALSE,FALSE,FALSE
package#ProcessComms,domain#MP-CCDFFC,domain#Node-ServiceManager-Human,FALSE,FALSE,FALSE
package#ProcessComms,domain#MP-CCDFFS,domain#Node-ProcAccess-ProcessContext,TRUE,FALSE,TRUE
package#ProcessComms,domain#MP-CCDFFS,domain#Node-ProcessManager-Human,FALSE,FALSE,FALSE
package#ProcessComms,domain#MP-CCDF-fSC,domain#Node-ProcessManager-Human,FALSE,FALSE,FALSE
package#ProcessComms,domain#MP-CCDF-fSC,domain#Node-ServiceManager-Human,FALSE,FALSE,FALSE
package#ProcessComms,domain#MP-CCDFSC,domain#Node-ProcessManager-Human,FALSE,FALSE,FALSE
package#ProcessComms,domain#MP-CCDFSC,domain#Node-ServiceManager-Human,FALSE,FALSE,FALSE
package#ProcessComms,domain#MP-CCDFSC-i,domain#Node-IndirectChannel-ClientChannel,FALSE,TRUE,FALSE
package#ProcessComms,domain#MP-CCDFSC-i,domain#Node-ProcessManager-Human,FALSE,FALSE,FALSE
package#ProcessComms,domain#MP-CCDFSC-i,domain#Node-ServiceManager-Human,FALSE,FALSE,FALSE
package#ProcessComms,domain#MP-CCDFSCm,domain#Node-ProcessManager-Human,FALSE,FALSE,FALSE
package#ProcessComms,domain#MP-CCDFSCm,domain#Node-ServiceChannel-ServiceChannel,TRUE,FALSE,FALSE
package#ProcessComms,domain#MP-CCDFSCm,domain#Node-ServiceManager-Human,FALSE,FALSE,FALSE
package#ProcessComms,domain#MP-CCDFSFC,domain#Node-ProcessManager-Human,FALSE,FALSE,FALSE
package#ProcessComms,domain#MP-CCDFSFC,domain#Node-ServiceManager-Human,FALSE,FALSE,FALSE
package#ProcessComms,domain#MP-CCDFSFS,domain#Node-DataFlow-DataFlow,TRUE,FALSE,FALSE
package#ProcessComms,domain#MP-CCDFSFS,domain#Node-ServiceManager-Human,FALSE,FALSE,FALSE
package#ProcessComms,domain#MP-CCDFSTC,domain#Node-ProcessManager-Human,FALSE,FALSE,FALSE
package#ProcessComms,domain#MP-CCDFSTC,domain#Node-ServiceManager-Human,FALSE,FALSE,FALSE
package#ProcessComms,domain#MP-CCDFSTS,domain#Node-DataFlow-DataFlow,TRUE,FALSE,FALSE
package#ProcessComms,domain#MP-CCDFSTS,domain#Node-ServiceManager-Human,FALSE,FALSE,FALSE
package#ProcessComms,domain#MP-CCDFTC,domain#Node-ProcAccess-ProcessContext,TRUE,FALSE,TRUE
package#ProcessComms,domain#MP-CCDFTC,domain#Node-ProcessManager-Human,FALSE,FALSE,FALSE
package#ProcessComms,domain#MP-CCDFTC,domain#Node-ServiceManager-Human,FALSE,FALSE,FALSE
package#ProcessComms,domain#MP-CCDFTS,domain#Node-ProcAccess-ProcessContext,TRUE,FALSE,TRUE
package#ProcessComms,domain#MP-CCDFTS,domain#Node-ProcessManager-Human,FALSE,FALSE,FALSE
package#ProcessComms,domain#MP-CCDS2FC,domain#Node-DataFlow-DataFlow,TRUE,FALSE,FALSE
package#ProcessComms,domain#MP-CCDS2FC,domain#Node-ServiceManager-Human,FALSE,FALSE,FALSE
package#ProcessComms,domain#MP-CCDS2TC,domain#Node-DataFlow-DataFlow,TRUE,FALSE,FALSE
package#ProcessComms,domain#MP-CCDS2TC,domain#Node-ServiceManager-Human,FALSE,FALSE,FALSE
package#ProcessComms,domain#MP-CCfImSC,domain#Node-ServiceChannel-ServiceChannel,TRUE,FALSE,FALSE
package#ProcessComms,domain#MP-CCtImSC,domain#Node-ServiceChannel-ServiceChannel,TRUE,FALSE,FALSE
package#ProcessComms,domain#MP-CDBSC,domain#Node-HostManager-Human,FALSE,FALSE,FALSE
package#ProcessComms,domain#MP-CDBSCDSF,domain#Node-HostManager-Human,FALSE,FALSE,FALSE
package#ProcessComms,domain#MP-CDBSCDSF,domain#Node-ServiceManager-Human,FALSE,FALSE,FALSE
package#ProcessComms,domain#MP-CDBSC-DSF,domain#Node-DataFlow-DataFlow,FALSE,TRUE,FALSE
package#ProcessComms,domain#MP-CDBSC-DSF,domain#Node-HostManager-Human,FALSE,FALSE,FALSE
package#ProcessComms,domain#MP-CDBSC-DSF,domain#Node-ServiceManager-Human,FALSE,FALSE,FALSE
package#ProcessComms,domain#MP-CDBSC-DST,domain#Node-DataFlow-DataFlow,FALSE,TRUE,FALSE
package#ProcessComms,domain#MP-CDBSC-DST,domain#Node-HostManager-Human,FALSE,FALSE,FALSE
package#ProcessComms,domain#MP-CDBSC-DST,domain#Node-ServiceManager-Human,FALSE,FALSE,FALSE
package#ProcessComms,domain#MP-CRoS,domain#Node-HostManager-Human,FALSE,FALSE,FALSE
package#ProcessComms,domain#MP-CRoS,domain#Node-Human-Human,FALSE,FALSE,FALSE
package#ProcessComms,domain#MP-CRoS,domain#Node-IndirectChannel-ClientChannel,FALSE,FALSE,FALSE
package#ProcessComms,domain#MP-CRoSG,domain#Node-HostManager-Human,FALSE,FALSE,FALSE
package#ProcessComms,domain#MP-CRoSG,domain#Node-Human-Human,FALSE,FALSE,FALSE
package#ProcessComms,domain#MP-CRoSG,domain#Node-IndirectChannel-ClientChannel,FALSE,FALSE,FALSE
package#ProcessComms,domain#MP-CRoSI,domain#Node-HostAccess-HostContext,TRUE,FALSE,FALSE
package#ProcessComms,domain#MP-CRoSI,domain#Node-HostManager-Human,FALSE,FALSE,FALSE
package#ProcessComms,domain#MP-CRoSI,domain#Node-Human-Human,FALSE,FALSE,FALSE
package#ProcessComms,domain#MP-CRoSI,domain#Node-IndirectChannel-ClientChannel,FALSE,FALSE,FALSE
package#ProcessComms,domain#MP-CSAPNaS,domain#Node-HostManager-Human,FALSE,FALSE,FALSE
package#ProcessComms,domain#MP-CSAPNaS,domain#Node-ProcAccess-PContext,TRUE,FALSE,FALSE
package#ProcessComms,domain#MP-CSAPNaS,domain#Node-ServiceChannel-ServiceChannel,TRUE,FALSE,FALSE
package#ProcessComms,domain#MP-CSAPNaS,domain#Node-ServiceManager-Human,FALSE,FALSE,FALSE
package#ProcessComms,domain#MP-CSCCHuoSt,domain#Node-Employer-Stakeholder,FALSE,FALSE,FALSE
package#ProcessComms,domain#MP-CSCCHuoSt,domain#Node-ServiceChannel-ServiceChannel,TRUE,FALSE,FALSE
package#ProcessComms,domain#MP-CSCCHuSt,domain#Node-ServiceChannel-ServiceChannel,TRUE,FALSE,FALSE
package#ProcessComms,domain#MP-CSCCmCC,domain#Node-ProxyChannel-ClientChannel,TRUE,FALSE,FALSE
package#ProcessComms,domain#MP-CSCCmCC,domain#Node-ServiceManager-Human,FALSE,FALSE,FALSE
package#ProcessComms,domain#MP-CSCCSC,domain#Node-ServiceManager-Human,FALSE,FALSE,FALSE
package#ProcessComms,domain#MP-CSCC-SC,domain#Node-ProxyChannel-ClientChannel,FALSE,TRUE,FALSE
package#ProcessComms,domain#MP-CSCC-SC,domain#Node-ServiceChannel-ServiceChannel,FALSE,TRUE,FALSE
package#ProcessComms,domain#MP-CSHSAC,domain#Node-HostManager-Human,FALSE,FALSE,FALSE
package#ProcessComms,domain#MP-CSHSAC,domain#Node-Human-Human,FALSE,FALSE,FALSE
package#ProcessComms,domain#MP-CSHSAC,domain#Node-ServiceChannel-ServiceChannel,TRUE,FALSE,FALSE
package#ProcessComms,domain#MP-CXPCPNC,domain#Node-ProcAccess-ProcessContext,TRUE,FALSE,FALSE
package#ProcessComms,domain#MP-DFCvP,domain#Node-Client-Process,FALSE,TRUE,FALSE
package#ProcessComms,domain#MP-DFPvC,domain#Node-Client-Process,FALSE,TRUE,FALSE
package#ProcessComms,domain#MP-DFrXSS,domain#Node-HostManager-Human,FALSE,FALSE,FALSE
package#ProcessComms,domain#MP-DFrXSS,domain#Node-LogicalSubnet-L3Subnet,TRUE,FALSE,FALSE
package#ProcessComms,domain#MP-DFrXSS,domain#Node-ServiceManager-Human,FALSE,FALSE,FALSE
package#ProcessComms,domain#MP-DFsXSS,domain#Node-HostManager-Human,FALSE,FALSE,FALSE
package#ProcessComms,domain#MP-DFsXSS,domain#Node-LogicalSubnet-L3Subnet,TRUE,FALSE,FALSE
package#ProcessComms,domain#MP-DFsXSS,domain#Node-ProcessManager-Human,FALSE,FALSE,FALSE
package#ProcessComms,domain#MP-DFsXSS,domain#Node-ServiceManager-Human,FALSE,FALSE,FALSE
package#ProcessComms,domain#MP-DoS,domain#Node-Interface-Interface,TRUE,FALSE,FALSE
package#ProcessComms,domain#MP-DSCvS,domain#Node-Client-Process,FALSE,TRUE,FALSE
package#ProcessComms,domain#MP-DSCvS,domain#Node-Service-Process,FALSE,TRUE,FALSE
package#ProcessComms,domain#MP-DSrXSS,domain#Node-HostManager-Human,FALSE,FALSE,FALSE
package#ProcessComms,domain#MP-DSrXSS,domain#Node-LogicalSubnet-L3Subnet,TRUE,FALSE,FALSE
package#ProcessComms,domain#MP-DSrXSS,domain#Node-ServiceManager-Human,FALSE,FALSE,FALSE
package#ProcessComms,domain#MP-DSSvC,domain#Node-Client-Process,FALSE,TRUE,FALSE
package#ProcessComms,domain#MP-DSSvC,domain#Node-Service-Process,FALSE,TRUE,FALSE
package#ProcessComms,domain#MP-DSsXSS,domain#Node-HostManager-Human,FALSE,FALSE,FALSE
package#ProcessComms,domain#MP-DSsXSS,domain#Node-LogicalSubnet-L3Subnet,TRUE,FALSE,FALSE
package#ProcessComms,domain#MP-DSsXSS,domain#Node-ServiceManager-Human,FALSE,FALSE,FALSE
package#ProcessComms,domain#MP-HLSISC,domain#Node-HostManager-Human,FALSE,FALSE,FALSE
package#ProcessComms,domain#MP-HLSISC,domain#Node-ServiceManager-Human,FALSE,FALSE,FALSE
package#ProcessComms,domain#MP-HuCAPmSC,domain#Node-ServiceChannel-ServiceChannel,TRUE,FALSE,FALSE
package#ProcessComms,domain#MP-HuCCC-nS,domain#Node-ServiceManager-Human,FALSE,FALSE,FALSE
package#ProcessComms,domain#MP-HuDFrXSS,domain#Node-LogicalSubnet-L3Subnet,TRUE,FALSE,FALSE
package#ProcessComms,domain#MP-HuDFrXSS,domain#Node-ServiceManager-Human,FALSE,FALSE,FALSE
package#ProcessComms,domain#MP-HuDFsXSS,domain#Node-LogicalSubnet-L3Subnet,TRUE,FALSE,FALSE
package#ProcessComms,domain#MP-HuDFsXSS,domain#Node-ProcessManager-Human,FALSE,FALSE,FALSE
package#ProcessComms,domain#MP-HuDFsXSS,domain#Node-ServiceManager-Human,FALSE,FALSE,FALSE
package#ProcessComms,domain#MP-HuDFTCS,domain#Node-LogicalSubnet-L3Subnet,TRUE,FALSE,FALSE
package#ProcessComms,domain#MP-HuDSrXSS,domain#Node-LogicalSubnet-L3Subnet,TRUE,FALSE,FALSE
package#ProcessComms,domain#MP-HuDSrXSS,domain#Node-ServiceManager-Human,FALSE,FALSE,FALSE
package#ProcessComms,domain#MP-HuDSsXSS,domain#Node-LogicalSubnet-L3Subnet,TRUE,FALSE,FALSE
package#ProcessComms,domain#MP-HuDSsXSS,domain#Node-ServiceManager-Human,FALSE,FALSE,FALSE
package#ProcessComms,domain#MP-HuDSTCS,domain#Node-LogicalSubnet-L3Subnet,TRUE,FALSE,FALSE
package#ProcessComms,domain#MP-HuHW2ACE,domain#Node-ProcAccess-PContext,TRUE,FALSE,FALSE
package#ProcessComms,domain#MP-HumCCC-nS,domain#Node-HostManager-Human,FALSE,FALSE,FALSE
package#ProcessComms,domain#MP-HumCCC-nS,domain#Node-ServiceManager-Human,FALSE,FALSE,FALSE
package#ProcessComms,domain#MP-HuoStCCCS,domain#Node-Employer-Stakeholder,FALSE,FALSE,FALSE
package#ProcessComms,domain#MP-HuoStCCCS,domain#Node-ServiceManager-Human,FALSE,FALSE,FALSE
package#ProcessComms,domain#MP-HuSAPmSC,domain#Node-ServiceChannel-ServiceChannel,TRUE,FALSE,FALSE
package#ProcessComms,domain#MP-HuStCCCS,domain#Node-ServiceManager-Human,FALSE,FALSE,FALSE
package#ProcessComms,domain#MP-ImSCf,domain#Node-ServiceChannel-ServiceChannel,TRUE,FALSE,FALSE
package#ProcessComms,domain#MP-LSmSC,domain#Node-ServiceChannel-ServiceChannel,TRUE,FALSE,FALSE
package#ProcessComms,domain#MP-OCAPLaS,domain#Node-HostManager-Human,FALSE,FALSE,FALSE
package#ProcessComms,domain#MP-OCAPLaS,domain#Node-Human-Human,FALSE,FALSE,FALSE
package#ProcessComms,domain#MP-OCAPLaS,domain#Node-Interface-Interface,TRUE,FALSE,FALSE
package#ProcessComms,domain#MP-OCAPLaS,domain#Node-ProcAccess-PContext,TRUE,FALSE,FALSE
package#ProcessComms,domain#MP-OCAPLaS,domain#Node-ServiceChannel-ServiceChannel,TRUE,FALSE,FALSE
package#ProcessComms,domain#MP-OCAPLaS,domain#Node-ServiceManager-Human,FALSE,FALSE,FALSE
package#ProcessComms,domain#MP-OCAPNaS,domain#Node-HostManager-Human,FALSE,FALSE,FALSE
package#ProcessComms,domain#MP-OCAPNaS,domain#Node-Human-Human,FALSE,FALSE,FALSE
package#ProcessComms,domain#MP-OCAPNaS,domain#Node-Interface-Interface,TRUE,FALSE,FALSE
package#ProcessComms,domain#MP-OCAPNaS,domain#Node-ProcAccess-PContext,TRUE,FALSE,FALSE
package#ProcessComms,domain#MP-OCAPNaS,domain#Node-ServiceChannel-ServiceChannel,TRUE,FALSE,FALSE
package#ProcessComms,domain#MP-OCAPNaS,domain#Node-ServiceManager-Human,FALSE,FALSE,FALSE
package#ProcessComms,domain#MP-OCAPNoP,domain#Node-HostManager-Human,FALSE,FALSE,FALSE
package#ProcessComms,domain#MP-OCAPNoP,domain#Node-Interface-Interface,TRUE,FALSE,FALSE
package#ProcessComms,domain#MP-OCAPNoP,domain#Node-ProcAccess-PContext,TRUE,FALSE,FALSE
package#ProcessComms,domain#MP-OCAPNoP,domain#Node-ProxyChannel-ClientChannel,TRUE,FALSE,FALSE
package#ProcessComms,domain#MP-OCAPNoP,domain#Node-ServiceChannel-ServiceChannel,TRUE,FALSE,FALSE
package#ProcessComms,domain#MP-OCAPNoP,domain#Node-ServiceManager-Human,FALSE,FALSE,FALSE
package#ProcessComms,domain#MP-OCAPNoPC,domain#Node-HostManager-Human,FALSE,FALSE,FALSE
package#ProcessComms,domain#MP-OCAPNoPC,domain#Node-Human-Human,FALSE,FALSE,FALSE
package#ProcessComms,domain#MP-OCAPNoPC,domain#Node-IndirectChannel-ClientChannel,TRUE,FALSE,FALSE
package#ProcessComms,domain#MP-OCAPNoPC,domain#Node-Interface-Interface,TRUE,FALSE,FALSE
package#ProcessComms,domain#MP-OCAPNoPC,domain#Node-ProcAccess-ProcessContext,TRUE,FALSE,FALSE
package#ProcessComms,domain#MP-OCAPNoPC,domain#Node-ServiceChannel-ServiceChannel,TRUE,FALSE,FALSE
package#ProcessComms,domain#MP-OCAPNoPC,domain#Node-ServiceManager-Human,FALSE,FALSE,FALSE
package#ProcessComms,domain#MP-OCAPNoS,domain#Node-HostManager-Human,FALSE,FALSE,FALSE
package#ProcessComms,domain#MP-OCAPNoS,domain#Node-Human-Human,FALSE,FALSE,FALSE
package#ProcessComms,domain#MP-OCAPNoS,domain#Node-Interface-Interface,TRUE,FALSE,FALSE
package#ProcessComms,domain#MP-OCAPNoS,domain#Node-ProcAccess-PContext,TRUE,FALSE,FALSE
package#ProcessComms,domain#MP-OCAPNoS,domain#Node-ServiceChannel-ServiceChannel,TRUE,FALSE,FALSE
package#ProcessComms,domain#MP-OCAPNoS,domain#Node-ServiceManager-Human,FALSE,FALSE,FALSE
package#ProcessComms,domain#MP-OSAPLaS,domain#Node-HostManager-Human,FALSE,FALSE,FALSE
package#ProcessComms,domain#MP-OSAPLaS,domain#Node-Interface-Interface,TRUE,FALSE,FALSE
package#ProcessComms,domain#MP-OSAPLaS,domain#Node-ProcAccess-PContext,TRUE,FALSE,FALSE
package#ProcessComms,domain#MP-OSAPLaS,domain#Node-ServiceChannel-ServiceChannel,TRUE,FALSE,FALSE
package#ProcessComms,domain#MP-OSAPLaS,domain#Node-ServiceManager-Human,FALSE,FALSE,FALSE
package#ProcessComms,domain#MP-OSAPNaS,domain#Node-HostManager-Human,FALSE,FALSE,FALSE
package#ProcessComms,domain#MP-OSAPNaS,domain#Node-Interface-Interface,TRUE,FALSE,FALSE
package#ProcessComms,domain#MP-OSAPNaS,domain#Node-ProcAccess-PContext,TRUE,FALSE,FALSE
package#ProcessComms,domain#MP-OSAPNaS,domain#Node-ServiceChannel-ServiceChannel,TRUE,FALSE,FALSE
package#ProcessComms,domain#MP-OSAPNaS,domain#Node-ServiceManager-Human,FALSE,FALSE,FALSE
package#ProcessComms,domain#MP-PCCPCCS,domain#Node-HostManager-Human,FALSE,FALSE,FALSE
package#ProcessComms,domain#MP-PCCPCCS,domain#Node-ProcAccess-ProcessContext,TRUE,FALSE,FALSE
package#ProcessComms,domain#MP-PCCPCCS,domain#Node-ServiceManager-Human,FALSE,FALSE,FALSE
package#ProcessComms,domain#MP-PDFFA,domain#Node-ClientChannel-ClientChannel,TRUE,FALSE,FALSE
package#ProcessComms,domain#MP-PDFFA,domain#Node-Human-Human,FALSE,FALSE,FALSE
package#ProcessComms,domain#MP-PDFFA,domain#Node-ProcessManager-Human,FALSE,FALSE,FALSE
package#ProcessComms,domain#MP-PILSsSC,domain#Node-HostManager-Human,FALSE,FALSE,FALSE
package#ProcessComms,domain#MP-PILSsSC,domain#Node-ServiceChannel-ServiceChannel,TRUE,FALSE,TRUE
package#ProcessComms,domain#MP-PNacS,domain#Node-HostManager-Human,FALSE,FALSE,FALSE
package#ProcessComms,domain#MP-PNacS,domain#Node-Human-Human,FALSE,FALSE,FALSE
package#ProcessComms,domain#MP-PNacS,domain#Node-ProcAccess-PContext,TRUE,FALSE,FALSE
package#ProcessComms,domain#MP-PNacS,domain#Node-ServiceManager-Human,FALSE,FALSE,FALSE
package#ProcessComms,domain#MP-SC,domain#Node-HostManager-Human,FALSE,FALSE,FALSE
package#ProcessComms,domain#MP-SC,domain#Node-ServiceManager-Human,FALSE,FALSE,FALSE
package#ProcessComms,domain#MP-SCCHNPLS-lI,domain#Node-Interface-Interface,FALSE,TRUE,FALSE
package#ProcessComms,domain#MP-SCmCAP,domain#Node-ClientAttackPath-ClientAttackPath,TRUE,FALSE,FALSE
package#ProcessComms,domain#MP-SCmCAP,domain#Node-HostManager-Human,FALSE,FALSE,FALSE
package#ProcessComms,domain#MP-SCmCP,domain#Node-ClientPath-ClientPath,TRUE,FALSE,FALSE
package#ProcessComms,domain#MP-SCmCP,domain#Node-HostManager-Human,FALSE,FALSE,FALSE
package#ProcessComms,domain#MP-SCmSg,domain#Node-HostManager-Human,FALSE,FALSE,FALSE
package#ProcessComms,domain#MP-SCmSg,domain#Node-LogicalSegment-LogicalSegment,TRUE,FALSE,FALSE
package#ProcessComms,domain#MP-SCpSg,domain#Node-HostManager-Human,FALSE,FALSE,FALSE
package#ProcessComms,domain#MP-SCpSg,domain#Node-LogicalSegment-LogicalSegment,FALSE,TRUE,FALSE
package#ProcessComms,domain#MP-SgACmSC,domain#Node-ServiceChannel-ServiceChannel,TRUE,FALSE,FALSE
package#ProcessComms,domain#MP-SgmSC,domain#Node-ServiceChannel-ServiceChannel,TRUE,FALSE,FALSE
package#ProcessComms,domain#MP-SOCAP,domain#Node-ClosedServiceAttackPath-ClosedServiceAttackPath,FALSE,TRUE,FALSE
package#ProcessComms,domain#MP-SPNaLnS-c,domain#Node-HostManager-Human,FALSE,FALSE,FALSE
package#ProcessComms,domain#MP-SPNaLnS-c,domain#Node-Human-Human,FALSE,FALSE,FALSE
package#ProcessComms,domain#MP-SPNaLnS-c,domain#Node-ProcAccess-PContext,TRUE,FALSE,FALSE
package#ProcessComms,domain#MP-SPNaLnS-c,domain#Node-ServiceManager-Human,FALSE,FALSE,FALSE
package#ProcessComms,domain#MP-SPNaS-c,domain#Node-HostManager-Human,FALSE,FALSE,FALSE
package#ProcessComms,domain#MP-SPNaS-c,domain#Node-Human-Human,FALSE,FALSE,FALSE
package#ProcessComms,domain#MP-SPNaS-c,domain#Node-ProcAccess-PContext,TRUE,FALSE,FALSE
package#ProcessComms,domain#MP-SPNaS-c,domain#Node-ServiceManager-Human,FALSE,FALSE,FALSE
package#ProcessComms,domain#MP-SXPCPNC,domain#Node-ProcAccess-ProcessContext,TRUE,FALSE,FALSE
package#ProcessCommsInference,domain#MP-CSLS2H2-SC,domain#Node-LastChannel-ServiceChannel,FALSE,TRUE,FALSE
package#ProcessCommsInference,domain#MP-CSLS2H2-SC,domain#Node-LastSubnet-L01Subnet,FALSE,TRUE,FALSE
package#ProcessCommsInference,domain#MP-CSLSH2-SC,domain#Node-LastChannel-ServiceChannel,FALSE,TRUE,FALSE
package#ProcessCommsInference,domain#MP-CSLSH2-SC,domain#Node-LastSubnet-L01Subnet,FALSE,TRUE,FALSE
package#ProcessCommsInference,domain#MP-NP1CCAPSC,domain#Node-LastChannel-ServiceChannel,FALSE,TRUE,FALSE
package#ProcessCommsInference,domain#MP-NP2CCAPSC,domain#Node-LastChannel-ServiceChannel,FALSE,TRUE,FALSE
package#Virtualisation,domain#MP-CVHHHoDC,domain#Node-DataCentre-DataCentre,FALSE,FALSE,FALSE
package#Virtualisation,domain#MP-DCCVH-LS,domain#Node-LogicalSubnet-LogicalSubnet,FALSE,TRUE,FALSE
package#Virtualisation,domain#MP-DCVHVS-H,domain#Node-Gateway-Host,FALSE,TRUE,FALSE
package#Virtualisation,domain#MP-GdHVS,domain#Node-Process-Process,FALSE,FALSE,FALSE
package#Virtualisation,domain#MP-HACVHmAC,domain#Node-ToContext-HContext,TRUE,FALSE,FALSE
package#Virtualisation,domain#MP-HumHVH-Hu,domain#Node-HostManager-Human,FALSE,TRUE,FALSE
package#Virtualisation,domain#MP-HVH,domain#Node-HostManager-Human,FALSE,FALSE,FALSE
package#Virtualisation,domain#MP-ImHCf,domain#Node-HostChannel-HostChannel,TRUE,FALSE,FALSE
package#Virtualisation,domain#MP-ImHCt,domain#Node-HostChannel-HostChannel,TRUE,FALSE,FALSE
package#Virtualisation,domain#MP-INCmHCf,domain#Node-HostChannel-HostChannel,TRUE,FALSE,FALSE
package#Virtualisation,domain#MP-INCmHCt,domain#Node-HostChannel-HostChannel,TRUE,FALSE,FALSE
package#Virtualisation,domain#MP-LSmHC,domain#Node-HostChannel-HostChannel,TRUE,FALSE,FALSE
package#Virtualisation,domain#MP-mLSoLS,domain#Node-LogicalSubnet-LogicalSubnet,TRUE,FALSE,FALSE
package#Virtualisation,domain#MP-pLSoLS,domain#Node-LogicalSubnet-LogicalSubnet,FALSE,TRUE,FALSE
package#Virtualisation,domain#MP-SgACmHC,domain#Node-HostChannel-HostChannel,TRUE,FALSE,FALSE
package#Virtualisation,domain#MP-SgmHC,domain#Node-HostChannel-HostChannel,TRUE,FALSE,FALSE
package#Virtualisation,domain#MP-VC2HmHC,domain#Node-HostChannel-HostChannel,TRUE,FALSE,FALSE
package#Virtualisation,domain#MP-VC2HmSC,domain#Node-ServiceChannel-ServiceChannel,TRUE,FALSE,FALSE
package#Virtualisation,domain#MP-VHHHoDC,domain#Node-DataCentre-DataCentre,FALSE,FALSE,FALSE
package#Virtualisation,domain#MP-VHHsD-HsS-S,domain#Node-DB-Process,FALSE,TRUE,FALSE
package#Virtualisation,domain#MP-VHHsD-HsS-S,domain#Node-SHost-Host,FALSE,TRUE,FALSE
package#Virtualisation,domain#MP-VHPhDHS-HsS-S,domain#Node-SHost-Host,FALSE,TRUE,FALSE
package#Virtualisation,domain#MP-VSHCmSC,domain#Node-ServiceChannel-ServiceChannel,TRUE,FALSE,FALSE
package#Virtualisation,domain#MP-VSPSH,domain#Node-HostManager-Human,FALSE,FALSE,FALSE
package#Virtualisation,domain#MP-VSPSH,domain#Node-Process-Process,FALSE,FALSE,FALSE
package#Virtualisation,domain#MP-VSPS-HP,domain#Node-Gateway-Host,FALSE,TRUE,FALSE
package#Virtualisation,domain#MP-VSPS-HP,domain#Node-Process-Process,FALSE,TRUE,FALSE
package#Virtualisation,domain#MP-VSPSH-P,domain#Node-HostManager-Human,FALSE,FALSE,FALSE
package#Virtualisation,domain#MP-VSPSH-P,domain#Node-Process-Process,FALSE,TRUE,FALSE
package#Virtualisation,domain#MP-VSVC4H-PP,domain#Node-HostChannel-HostChannel,FALSE,TRUE,FALSE
