package,URI,causesMisbehaviour
domain#000000,domain#000000,domain#MS-InService-CellularNetwork
package#5G,domain#LS.IS.CNCN.8,domain#MS-InService-CellularNetwork
package#Application,domain#D.C.HuiPiDCHS.3,domain#MS-LossOfConfidentiality-Data
package#Application,domain#D.C.HuiRACHSPiD.3,domain#MS-LossOfConfidentiality-Data
package#Application,domain#H.W.HuHWES.3,domain#MS-MalwareInfection-Host
package#CloudManagement,domain#DF.A.PDF.6.2,domain#MS-LossOfAvailability-DataFlow
package#CloudManagement,domain#H.A.CVHHDC.0,domain#MS-LossOfAvailability-Host
package#CloudManagement,domain#H.O.CVHHHoDC.0,domain#MS-Overloaded-SHost
package#DataLifecycle,domain#D.A.DallDS.0,domain#MS-LossOfAvailability-Data
package#DataLifecycle,domain#D.C.HuiPv-iDFCHS.3,domain#MS-LossOfConfidentiality-Data
package#DataLifecycle,domain#D.C.HuiPv-iD-FCHS.3,domain#MS-LossOfConfidentiality-Data
package#DataLifecycle,domain#D.C.HuiRACv-iDFCHS.3,domain#MS-LossOfConfidentiality-Data
package#DataLifecycle,domain#D.I.D.0,domain#MS-LossOfIntegrity-Data
package#DataLifecycle,domain#DB.A.DBsDRDF-V.6,domain#MS-LossOfAvailability-Service
package#DataLifecycle,domain#DB.A.HDBsD-V.6,domain#MS-LossOfAvailability-Service
package#DataLifecycle,domain#DB.O.DA-VDBs-pDA.6,domain#MS-Overloaded-Service
package#DataLifecycle,domain#DB.O.DBs-pDADA-V.6,domain#MS-Overloaded-Service
package#DataLifecycle,domain#DB.O.DSPDFVDB.6.1,domain#MS-Overloaded-Service
package#DataLifecycle,domain#DB.O.DSPDF-VDB.6.1,domain#MS-Overloaded-Service
package#DataLifecycle,domain#DB.O.DSPDFVDB.6.2,domain#MS-Overloaded-Process
package#DataLifecycle,domain#DB.O.DSPDF-VDB.6.2,domain#MS-Overloaded-Process
package#DataLifecycle,domain#DB.O.HDBsDV.6,domain#MS-Overloaded-Service
package#DataLifecycle,domain#DB.O.HDBsD-V.6,domain#MS-Overloaded-Service
package#DataLifecycle,domain#DF.A.CSDF-VdDA2.6,domain#MS-LossOfAvailability-DataAsset
package#DataLifecycle,domain#DF.A.HPDF-VDI.6,domain#MS-LossOfAvailability-DataFlow
package#DataLifecycle,domain#DF.A.HPDODF-V.6.1,domain#MS-LossOfAvailability-DataFlow
package#DataLifecycle,domain#DF.A.HPDODF-V.6.2,domain#MS-LossOfAvailability-DataFlow
package#DataLifecycle,domain#DF.A.HPDSDADF.0,domain#MS-LossOfAvailability-DataFlow
package#DataLifecycle,domain#DF.A.HPDSDADF-V.6,domain#MS-LossOfAvailability-DataFlow
package#DataLifecycle,domain#DF.A.HPDS-VDADF.6,domain#MS-LossOfAvailability-DataFlow
package#DataLifecycle,domain#DF.A.PDF.6.1,domain#MS-LossOfAvailability-DataFlow
package#DataLifecycle,domain#DF.A.PDF.6.3,domain#MS-LossOfAvailability-DataFlow
package#DataLifecycle,domain#DF.A.PDF.6.4,domain#MS-LossOfAvailability-DataFlow
package#DataLifecycle,domain#DF.A.PmDFIDADFI.0,domain#MS-LossOfAvailability-DataFlow
package#DataLifecycle,domain#DF.A.PmDFIDADFI-k.6,domain#MS-LossOfAvailability-DataFlow
package#DataLifecycle,domain#DF.A.PmDFI-kDADFI.6,domain#MS-LossOfAvailability-DataFlow
package#DataLifecycle,domain#DF.A.PmDFODADFO.0,domain#MS-LossOfAvailability-DataFlow
package#DataLifecycle,domain#DF.A.PmDFODADFO-k.6,domain#MS-LossOfAvailability-DataFlow
package#DataLifecycle,domain#DF.A.PmDFO-kDADFO.6,domain#MS-LossOfAvailability-DataFlow
package#DataLifecycle,domain#DF.Auth.HDCDF.0,domain#MS-LossOfAuthenticity-DataFlow
package#DataLifecycle,domain#DF.Auth.HPDSDADF.0,domain#MS-LossOfAuthenticity-DataFlow
package#DataLifecycle,domain#DF.Auth.HuWEDF.3,domain#MS-LossOfAuthenticity-DataFlow
package#DataLifecycle,domain#DF.Auth.HuWESDF.3,domain#MS-LossOfAuthenticity-DataFlow
package#DataLifecycle,domain#DF.Auth.HuWSMSDF.3,domain#MS-LossOfAuthenticity-DataFlow
package#DataLifecycle,domain#DF.Auth.PDFIDADFI.0,domain#MS-LossOfAuthenticity-OutFlow
package#DataLifecycle,domain#DF.Auth.PDFODADFO.0,domain#MS-LossOfAuthenticity-OutFlow
package#DataLifecycle,domain#DF.I.HDBDRDF.0,domain#MS-LossOfIntegrity-Data
package#DataLifecycle,domain#DF.I.HDBDRDF.0,domain#MS-LossOfIntegrity-DataFlow
package#DataLifecycle,domain#DF.I.HDBDSDF.0,domain#MS-LossOfIntegrity-Data
package#DataLifecycle,domain#DF.I.HDBDSDF.0,domain#MS-LossOfIntegrity-DataFlow
package#DataLifecycle,domain#DF.I.HDCDF.0,domain#MS-LossOfIntegrity-DataFlow
package#DataLifecycle,domain#DF.I.HPDSDADF.0,domain#MS-LossOfIntegrity-DataFlow
package#DataLifecycle,domain#DF.I.HP-iDODF.0,domain#MS-LossOfIntegrity-Data
package#DataLifecycle,domain#DF.I.HP-iDODF.0,domain#MS-LossOfIntegrity-DataFlow
package#DataLifecycle,domain#DF.I.HuirPiDF.0,domain#MS-LossOfIntegrity-Data
package#DataLifecycle,domain#DF.I.HuirPiDF.0,domain#MS-LossOfIntegrity-DataFlow
package#DataLifecycle,domain#DF.I.PDFIDADFI.0,domain#MS-LossOfIntegrity-OutFlow
package#DataLifecycle,domain#DF.I.PDFODADFO.0,domain#MS-LossOfIntegrity-OutFlow
package#DataLifecycle,domain#DF.T.HPDSDADF.0,domain#MS-LossOfTimeliness-DataFlow
package#DataLifecycle,domain#DF.T.HP-iDODF.0,domain#MS-LossOfTimeliness-Data
package#DataLifecycle,domain#DF.T.HP-iDODF.0,domain#MS-LossOfTimeliness-DataFlow
package#DataLifecycle,domain#DF.T.HuirPiDF.0,domain#MS-LossOfTimeliness-Data
package#DataLifecycle,domain#DF.T.HuirPiDF.0,domain#MS-LossOfTimeliness-DataFlow
package#DataLifecycle,domain#DF.T.PDFIDADFI.0,domain#MS-LossOfTimeliness-OutFlow
package#DataLifecycle,domain#DF.T.PDFODADFO.0,domain#MS-LossOfTimeliness-OutFlow
package#DataLifecycle,domain#DF.W.HDCDF.0,domain#MS-MalwareInfection-DataFlow
package#DataLifecycle,domain#DF.W.HPDADF.7,domain#MS-MalwareInfection-Data
package#DataLifecycle,domain#DF.W.HPDADF.7,domain#MS-MalwareInfection-DataFlow
package#DataLifecycle,domain#DF.W.HPDSDADF.0,domain#MS-MalwareInfection-DataFlow
package#DataLifecycle,domain#DF.W.PDFIDADFI.0,domain#MS-MalwareInfection-OutFlow
package#DataLifecycle,domain#DF.W.PDFODADFO.0,domain#MS-MalwareInfection-OutFlow
package#DataLifecycle,domain#DF.X.PDFV.6,domain#MS-NotDecrypted-DataFlow
package#DataLifecycle,domain#DF.X.PDF-V.6,domain#MS-NotDecrypted-DataFlow
package#DataLifecycle,domain#DF.Y.PDF-V.8,domain#MS-NotEncrypted-DataFlow
package#DataLifecycle,domain#DS.A.HDS.7,domain#MS-LossOfAvailability-DataCopy
package#DataLifecycle,domain#DS.A.HPDAcDS.0,domain#MS-LossOfAvailability-DataCopy
package#DataLifecycle,domain#DS.A.HPDOcDS-V.6,domain#MS-LossOfAvailability-DataCopy
package#DataLifecycle,domain#DS.A.HPmDFDAcDS.0,domain#MS-LossOfAvailability-DataCopy
package#DataLifecycle,domain#DS.A.HPmDFDAcDS-k.6,domain#MS-LossOfAvailability-DataCopy
package#DataLifecycle,domain#DS.A.HPmDF-kDAcDS.6,domain#MS-LossOfAvailability-DataCopy
package#DataLifecycle,domain#DS.A.HPsACDAdDS.1,domain#MS-LossOfAvailability-DataCopy
package#DataLifecycle,domain#DS.A.HPsACDAdDS.7,domain#MS-LossOfAvailability-DataCopy
package#DataLifecycle,domain#DS.A.HPsACDOdDS-V.6,domain#MS-LossOfAvailability-DataCopy
package#DataLifecycle,domain#DS.A.HsACDS.1.2,domain#MS-LossOfAvailability-DataCopy
package#DataLifecycle,domain#DS.A.HsACDS.1.3,domain#MS-LossOfAvailability-DataCopy
package#DataLifecycle,domain#DS.A.PHHDS.3,domain#MS-LossOfAvailability-DataCopy
package#DataLifecycle,domain#DS.Auth.HPDFDADS.0,domain#MS-LossOfAuthenticity-Data
package#DataLifecycle,domain#DS.Auth.HPDFDADS.0,domain#MS-LossOfAuthenticity-DataCopy
package#DataLifecycle,domain#DS.Auth.HPsACd-pDS-V.1,domain#MS-LossOfAuthenticity-Data
package#DataLifecycle,domain#DS.Auth.HPsACd-pDS-V.1,domain#MS-LossOfAuthenticity-DataCopy
package#DataLifecycle,domain#DS.Auth.HPsACd-pDS-V.1,domain#MS-LossOfAuthenticity-DataField
package#DataLifecycle,domain#DS.Auth.HPsACdpDS-V.1,domain#MS-LossOfAuthenticity-Data
package#DataLifecycle,domain#DS.Auth.HPsACdpDS-V.1,domain#MS-LossOfAuthenticity-DataCopy
package#DataLifecycle,domain#DS.Auth.HPsACdpDS-V.1,domain#MS-LossOfAuthenticity-DataField
package#DataLifecycle,domain#DS.Auth.HPsACd-pDS-V.1.6,domain#MS-LossOfAuthenticity-Data
package#DataLifecycle,domain#DS.Auth.HPsACd-pDS-V.1.6,domain#MS-LossOfAuthenticity-DataCopy
package#DataLifecycle,domain#DS.Auth.HPsACd-pDS-V.1.6,domain#MS-LossOfAuthenticity-DataField
package#DataLifecycle,domain#DS.Auth.HsACDS-V.1.2,domain#MS-LossOfAuthenticity-Data
package#DataLifecycle,domain#DS.Auth.HsACDS-V.1.2,domain#MS-LossOfAuthenticity-DataCopy
package#DataLifecycle,domain#DS.Auth.HsACDS-V.1.3,domain#MS-LossOfAuthenticity-Data
package#DataLifecycle,domain#DS.Auth.HsACDS-V.1.3,domain#MS-LossOfAuthenticity-DataCopy
package#DataLifecycle,domain#DS.C.HPsACr-pDS-V.1,domain#MS-LossOfConfidentiality-Data
package#DataLifecycle,domain#DS.C.HPsACr-pDS-V.1,domain#MS-LossOfConfidentiality-DataCopy
package#DataLifecycle,domain#DS.C.HPsACr-pDS-V.1,domain#MS-LossOfConfidentiality-DataField
package#DataLifecycle,domain#DS.C.HPsACrpDS-V.1,domain#MS-LossOfConfidentiality-Data
package#DataLifecycle,domain#DS.C.HPsACrpDS-V.1,domain#MS-LossOfConfidentiality-DataCopy
package#DataLifecycle,domain#DS.C.HPsACrpDS-V.1,domain#MS-LossOfConfidentiality-DataField
package#DataLifecycle,domain#DS.C.HPsACr-pDS-V.1.6,domain#MS-LossOfConfidentiality-Data
package#DataLifecycle,domain#DS.C.HPsACr-pDS-V.1.6,domain#MS-LossOfConfidentiality-DataCopy
package#DataLifecycle,domain#DS.C.HPsACr-pDS-V.1.6,domain#MS-LossOfConfidentiality-DataField
package#DataLifecycle,domain#DS.C.HsACDS-V.1.2,domain#MS-LossOfConfidentiality-Data
package#DataLifecycle,domain#DS.C.HsACDS-V.1.2,domain#MS-LossOfConfidentiality-DataCopy
package#DataLifecycle,domain#DS.C.HsACDS-V.1.3,domain#MS-LossOfConfidentiality-Data
package#DataLifecycle,domain#DS.C.HsACDS-V.1.3,domain#MS-LossOfConfidentiality-DataCopy
package#DataLifecycle,domain#DS.I.HPDFDADS.0,domain#MS-LossOfIntegrity-DataCopy
package#DataLifecycle,domain#DS.I.HP-iDS.0,domain#MS-LossOfIntegrity-Data
package#DataLifecycle,domain#DS.I.HP-iDS.0,domain#MS-LossOfIntegrity-DataCopy
package#DataLifecycle,domain#DS.I.HuirPiDS.0,domain#MS-LossOfIntegrity-Data
package#DataLifecycle,domain#DS.I.HuirPiDS.0,domain#MS-LossOfIntegrity-DataCopy
package#DataLifecycle,domain#DS.T.HPDAuDS.0,domain#MS-LossOfTimeliness-Data
package#DataLifecycle,domain#DS.T.HPDAuDS.0,domain#MS-LossOfTimeliness-DataCopy
package#DataLifecycle,domain#DS.T.HPDFDADS.0,domain#MS-LossOfTimeliness-DataCopy
package#DataLifecycle,domain#DS.T.HPDFDAuDS.0,domain#MS-LossOfTimeliness-Data
package#DataLifecycle,domain#DS.T.HPDFDAuDS.0,domain#MS-LossOfTimeliness-DataCopy
package#DataLifecycle,domain#DS.T.HPDFDAuDS-V.6,domain#MS-LossOfTimeliness-Data
package#DataLifecycle,domain#DS.T.HPDFDAuDS-V.6,domain#MS-LossOfTimeliness-DataCopy
package#DataLifecycle,domain#DS.T.HPDF-VDAuDS.6,domain#MS-LossOfTimeliness-Data
package#DataLifecycle,domain#DS.T.HPDF-VDAuDS.6,domain#MS-LossOfTimeliness-DataCopy
package#DataLifecycle,domain#DS.T.HPDOuDS-V.6,domain#MS-LossOfTimeliness-Data
package#DataLifecycle,domain#DS.T.HPDOuDS-V.6,domain#MS-LossOfTimeliness-DataCopy
package#DataLifecycle,domain#DS.T.HP-iDOdDS.0,domain#MS-LossOfTimeliness-Data
package#DataLifecycle,domain#DS.T.HP-iDOdDS.0,domain#MS-LossOfTimeliness-DataCopy
package#DataLifecycle,domain#DS.T.HuirPiDS.0,domain#MS-LossOfTimeliness-Data
package#DataLifecycle,domain#DS.T.HuirPiDS.0,domain#MS-LossOfTimeliness-DataCopy
package#DataLifecycle,domain#DS.W.HPDFDADS.0,domain#MS-MalwareInfection-DataCopy
package#DataLifecycle,domain#DS.W.HPsACDAdDS.7,domain#MS-MalwareInfection-Data
package#DataLifecycle,domain#DS.W.HPsACDAdDS.7,domain#MS-MalwareInfection-DataCopy
package#DataLifecycle,domain#DS.X.HDSV.6,domain#MS-NotDecrypted-DataCopy
package#DataLifecycle,domain#DS.X.HDS-V.6,domain#MS-NotDecrypted-DataCopy
package#DataLifecycle,domain#DS.Y.HDS-V.8,domain#MS-NotEncrypted-DataCopy
package#DataLifecycle,domain#Hu.T.HuirPvDF.0.1,domain#MS-LossOfTimeliness-Human
package#DataLifecycle,domain#Hu.T.HuirPvDF.0.2,domain#MS-LossOfTimeliness-Human
package#DataLifecycle,domain#Hu.T.HuirPvDS.0.1,domain#MS-LossOfTimeliness-Human
package#DataLifecycle,domain#Hu.T.HuirPvDS.0.2,domain#MS-LossOfTimeliness-Human
package#DataLifecycle,domain#Hu.T.HuirPv-iD.0,domain#MS-LossOfTimeliness-Human
package#DataLifecycle,domain#Hu.U.HuirPvDF.0,domain#MS-LossOfReliability-Human
package#DataLifecycle,domain#Hu.U.HuirPvDF.3,domain#MS-LossOfReliability-Human
package#DataLifecycle,domain#Hu.U.HuirPvDS.0,domain#MS-LossOfReliability-Human
package#DataLifecycle,domain#Hu.U.HuirPvDS.3,domain#MS-LossOfReliability-Human
package#DataLifecycle,domain#Hu.U.HuirPv-iD.0,domain#MS-LossOfReliability-Human
package#DataLifecycle,domain#P.A.HPuDSDI.0,domain#MS-LossOfAvailability-Process
package#DataLifecycle,domain#P.A.HPuDS-VDI.6,domain#MS-LossOfAvailability-Process
package#DataLifecycle,domain#P.A.PcPuDS-V.6,domain#MS-LossOfAvailability-Client
package#DataLifecycle,domain#P.A.PuDFDI.0,domain#MS-LossOfAvailability-Process
package#DataLifecycle,domain#P.O.DA-VPpDA.6,domain#MS-Overloaded-Process
package#DataLifecycle,domain#P.O.PpDADA-V.6,domain#MS-Overloaded-Process
package#DataLifecycle,domain#P.T.HP-iDSDI.0,domain#MS-LossOfTimeliness-Process
package#DataLifecycle,domain#P.T.HP-uDSDI.0,domain#MS-LossOfTimeliness-Process
package#DataLifecycle,domain#P.T.HP-uDS-VDI.6,domain#MS-LossOfTimeliness-Process
package#DataLifecycle,domain#P.T.HuirPiD-DF-DS.0,domain#MS-LossOfTimeliness-Process
package#DataLifecycle,domain#P.T.PcPr-uDS-V.6,domain#MS-LossOfTimeliness-Client
package#DataLifecycle,domain#P.T.P-iDFDI.0,domain#MS-LossOfTimeliness-Process
package#DataLifecycle,domain#P.T.P-uDFDI.0,domain#MS-LossOfTimeliness-Process
package#DataLifecycle,domain#P.U.HP-iDSDI.0,domain#MS-LossOfReliability-Process
package#DataLifecycle,domain#P.U.HP-iDSDI.3,domain#MS-LossOfReliability-Process
package#DataLifecycle,domain#P.U.HuirPiD-DF-DS.0,domain#MS-LossOfReliability-Process
package#DataLifecycle,domain#P.U.P-iDFDI.0,domain#MS-LossOfReliability-Process
package#DataLifecycle,domain#P.U.P-iDFDI.3,domain#MS-LossOfReliability-Process
package#IoT,domain#Co.A.Co.6,domain#MS-PhysicalShutdown-Controller
package#IoT,domain#Co.C.CoPD.0,domain#MS-LossOfConfidentiality-Controller
package#IoT,domain#Co.M.CoPDS.0,domain#MS-LocalLossOfControl-Controller
package#IoT,domain#Co.U.Co.0,domain#MS-LossOfReliability-Controller
package#IoT,domain#Co.U.CoPDS.0.1,domain#MS-LossOfReliability-Controller
package#IoT,domain#Co.U.CoPDS.0.2,domain#MS-LossOfReliability-Controller
package#IoT,domain#DF.A.DScSePDmFF.3,domain#MS-LossOfAvailability-DataFlow
package#IoT,domain#DF.Auth.DScSePDmFF.3,domain#MS-LossOfAuthenticity-Data
package#IoT,domain#DF.Auth.DScSePDmFF.3,domain#MS-LossOfAuthenticity-DataFlow
package#IoT,domain#DF.I.DScSePDmFF.0.1,domain#MS-LossOfIntegrity-DataFlow
package#IoT,domain#DF.I.DScSePDmFF.0.2,domain#MS-LossOfIntegrity-DataFlow
package#IoT,domain#Se.A.SePDmFF.0,domain#MS-LossOfAvailability-Sensor
package#IoT,domain#Se.Auth.SePDsFF.0,domain#MS-LossOfAuthenticity-Sensor
package#IoT,domain#Se.C.SePD.0,domain#MS-LossOfConfidentiality-Sensor
package#IoT,domain#Se.I.SePDsFF.0,domain#MS-LossOfIntegrity-Sensor
package#IoT,domain#Se.T.SePDsFF.0,domain#MS-LossOfTimeliness-Sensor
package#LocalDeviceConnectivity,domain#H.J.UHS.3,domain#MS-TrojanInsertion-Host
package#LocalDeviceConnectivity,domain#H.W.HL1H.3,domain#MS-MalwareInfection-Host
package#LocalDeviceConnectivity,domain#H.W.UHS.3,domain#MS-MalwareInfection-Host
package#LocalDeviceConnectivity,domain#I.Auth.HBImSG.6,domain#MS-NetworkSpoofing-Interface
package#LocalDeviceConnectivity,domain#I.Auth.HBISG.3,domain#MS-NetworkSpoofing-Interface
package#LocalDeviceConnectivity,domain#I.Auth.HUISG.3,domain#MS-NetworkSpoofing-Interface
package#LocalDeviceConnectivity,domain#LS.L.HL1HS.1,domain#MS-LossOfNetworkUserTW-LogicalSubnet
package#LocalDeviceConnectivity,domain#Sg.A.L1SSg2.6.1,domain#MS-LossOfAvailability-FwdSegment
package#LocalDeviceConnectivity,domain#Sg.A.LTethSg2.6.1,domain#MS-LossOfAvailability-FwdSegment
package#LocalDeviceConnectivity,domain#Sg.DA.L1SSg2AC.1,domain#MS-ConnectionsAllowed-FwdSegment
package#LocalDeviceConnectivity,domain#Sg.DA.L1SSg2AC.1,domain#MS-ServiceChannelsAllowed-FwdSegment
package#LocalDeviceConnectivity,domain#Sg.TA.L1SSg2.8,domain#MS-ConnectionsAllowed-FwdSegment
package#LocalDeviceConnectivity,domain#Sg.TA.L1SSg2.8,domain#MS-ServiceChannelsAllowed-FwdSegment
package#LocalDeviceConnectivity,domain#Sg.TA.LTethSg2.8,domain#MS-ConnectionsAllowed-FwdSegment
package#LocalDeviceConnectivity,domain#Sg.TA.LTethSg2.8,domain#MS-ServiceChannelsAllowed-FwdSegment
package#LocalDeviceConnectivity,domain#Sg.TA.LTethSg2AC.1,domain#MS-ConnectionsAllowed-FwdSegment
package#LocalDeviceConnectivity,domain#Sg.TA.LTethSg2AC.1,domain#MS-ServiceChannelsAllowed-FwdSegment
package#Network,domain#DC.A.DC.0,domain#MS-LossOfAvailability-DataCentre
package#Network,domain#DC.O.DCH.0,domain#MS-TotalLoad-DataCentre
package#Network,domain#DC.RTW.StDC.1,domain#MS-LossOfResourceTW-DataCentre
package#Network,domain#H.A.DCH.0,domain#MS-LossOfAvailability-Host
package#Network,domain#H.A.H.0,domain#MS-LossOfAvailability-Host
package#Network,domain#H.A.H.1.1,domain#MS-LossOfAvailability-Host
package#Network,domain#H.A.H.5,domain#MS-LossOfAvailability-Host
package#Network,domain#H.A.H.6.1,domain#MS-LossOfAvailability-Host
package#Network,domain#H.A.HsAC.1.2,domain#MS-LossOfAvailability-Host
package#Network,domain#H.A.HumH.6.2,domain#MS-LossOfAvailability-Host
package#Network,domain#H.A.HumH.6.4,domain#MS-LossOfAvailability-Host
package#Network,domain#H.A.PHS.3,domain#MS-LossOfAvailability-Host
package#Network,domain#H.E-D.H.8,domain#MS-VulnerabilityDiscovered-Host
package#Network,domain#H.IS.PH.8,domain#MS-InService-Host
package#Network,domain#H.IS.PHS-iP.1,domain#MS-InService-Host
package#Network,domain#H.J.PHS-iC.3,domain#MS-TrojanInsertion-Host
package#Network,domain#H.L.CHS-iP.3.1,domain#MS-LocalLossOfUserTW-HostAccess
package#Network,domain#H.L.HmAC.0,domain#MS-LocalLossOfUserTW-Host
package#Network,domain#H.L.HmAC.1,domain#MS-LocalLossOfUserTW-HostAccess
package#Network,domain#H.L.HsAC.0,domain#MS-LossOfUserTW-Host
package#Network,domain#H.L.HuiHoSt.1,domain#MS-LocalLossOfUserTW-HostAccess
package#Network,domain#H.L.HuiHSt.1,domain#MS-LocalLossOfUserTW-HostAccess
package#Network,domain#H.L.SHAC.1,domain#MS-LocalLossOfUserTW-HostAccess
package#Network,domain#H.L.SHAC.1,domain#MS-LocalLossOfUserTW-HostNetContext
package#Network,domain#H.L.SHmACPAC.1,domain#MS-LocalLossOfUserTW-HostAccess
package#Network,domain#H.M.CHS.3.1,domain#MS-LocalLossOfControl-HostAccess
package#Network,domain#H.M.HmAC.0,domain#MS-LocalLossOfControl-Host
package#Network,domain#H.M.HmAC.1.1,domain#MS-LocalLossOfControl-HostAccess
package#Network,domain#H.M.HmAC.1.2,domain#MS-LocalLossOfControl-HostAccess
package#Network,domain#H.M.HsAC.0,domain#MS-LossOfControl-Host
package#Network,domain#H.M.HumCHS-iP.3.2,domain#MS-LocalLossOfControl-HostAccess
package#Network,domain#H.M.HumHoSt.1,domain#MS-LocalLossOfControl-HostAccess
package#Network,domain#H.M.HumHSt.1,domain#MS-LocalLossOfControl-HostAccess
package#Network,domain#H.M.SHmACRLnSAC.1,domain#MS-LocalLossOfControl-HostAccess
package#Network,domain#H.O.HP-iT.0,domain#MS-Overloaded-Host
package#Network,domain#H.RTW.DCH.1,domain#MS-LossOfResourceTW-Host
package#Network,domain#H.RTW.StH.1,domain#MS-LossOfResourceTW-Host
package#Network,domain#H.U.H.5,domain#MS-LossOfReliability-Host
package#Network,domain#H.W.HuHE.3,domain#MS-MalwareInfection-Host
package#Network,domain#LS.A.HprLS.0,domain#MS-LossOfAvailability-LogicalSubnet
package#Network,domain#LS.A.HprLS.1.1,domain#MS-LossOfAvailability-LogicalSubnet
package#Network,domain#LS.A.HprLS.6.1,domain#MS-LossOfAvailability-LogicalSubnet
package#Network,domain#LS.A.HprLSAC.1.2,domain#MS-LossOfAvailability-LogicalSubnet
package#Network,domain#LS.A.LS.0,domain#MS-LossOfAvailability-LogicalSubnet
package#Network,domain#LS.IS.HprLS.8,domain#MS-InService-LogicalSubnet
package#Network,domain#LS.IS.HprLSAC.1,domain#MS-InService-LogicalSubnet
package#Network,domain#LS.IS.LS-prH.8,domain#MS-InService-LogicalSubnet
package#Network,domain#LS.IS.WHmWS.8,domain#MS-InService-Hotspot
package#Network,domain#LS.L.HL23S.1,domain#MS-LossOfNetworkUserTW-LogicalSubnet
package#Network,domain#LS.L.RSSH.1,domain#MS-LossOfNetworkUserTW-RadioSubnet
package#Network,domain#LS.L.RSS-HP.3,domain#MS-LossOfNetworkUserTW-RadioSubnet
package#Network,domain#LS.L.RSSH-P.3,domain#MS-LossOfNetworkUserTW-RadioSubnet
package#Network,domain#LS.L.WSSH.1,domain#MS-LossOfNetworkUserTW-LogicalSubnet
package#Network,domain#LS.L.WSS-HP.3,domain#MS-LossOfNetworkUserTW-LogicalSubnet
package#Network,domain#LS.L.WSSH-P.3,domain#MS-LossOfNetworkUserTW-LogicalSubnet
package#Network,domain#LS.M.HprL23SAC.1,domain#MS-LossOfNetworkControl-LogicalSubnet
package#Network,domain#P.A.HP.0,domain#MS-LossOfAvailability-Process
package#Network,domain#P.A.HP.1.1,domain#MS-LossOfAvailability-Process
package#Network,domain#P.A.HP.6.1,domain#MS-LossOfAvailability-Process
package#Network,domain#P.A.HP-iT.1.3,domain#MS-LossOfAvailability-Process
package#Network,domain#P.A.HP-iT.5,domain#MS-LossOfAvailability-Process
package#Network,domain#P.A.HP-iT.6,domain#MS-LossOfAvailability-Process
package#Network,domain#P.A.HsACP.1.2,domain#MS-LossOfAvailability-Process
package#Network,domain#P.A.HuiHP.6,domain#MS-LossOfAvailability-Process
package#Network,domain#P.A.HuiHPSP.6,domain#MS-LossOfAvailability-Process
package#Network,domain#P.A.HuirP.0,domain#MS-LossOfAvailability-Process
package#Network,domain#P.A.HuirRACP.0,domain#MS-LossOfAvailability-Process
package#Network,domain#P.A.HumHP-iT.6.2,domain#MS-LossOfAvailability-Process
package#Network,domain#P.A.HumHP-iT.6.4,domain#MS-LossOfAvailability-Process
package#Network,domain#P.E-D.HP.8,domain#MS-VulnerabilityDiscovered-Process
package#Network,domain#P.IS.HP.8,domain#MS-InService-Process
package#Network,domain#P.IS.HPsAC.1,domain#MS-InService-Process
package#Network,domain#P.J.SHP-iT.7,domain#MS-TrojanInsertion-Process
package#Network,domain#P.L.HPmAC.0,domain#MS-LocalLossOfUserTW-Process
package#Network,domain#P.L.HPmAC.1,domain#MS-LocalLossOfUserTW-ProcAccess
package#Network,domain#P.L.HPsAC.0,domain#MS-LossOfUserTW-Process
package#Network,domain#P.L.HuHE2AC.3,domain#MS-LocalLossOfUserTW-ProcAccess
package#Network,domain#P.L.HuiPCHS.3.1,domain#MS-LocalLossOfUserTW-ProcAccess
package#Network,domain#P.L.HuiPCHS-iP.3.2,domain#MS-LocalLossOfUserTW-ProcAccess
package#Network,domain#P.L.HuiPCHS-iP.3.3,domain#MS-LocalLossOfUserTW-ProcAccess
package#Network,domain#P.L.HuiPoSt.1,domain#MS-LocalLossOfUserTW-ProcAccess
package#Network,domain#P.L.HuiPSt.1,domain#MS-LocalLossOfUserTW-ProcAccess
package#Network,domain#P.L.SHACPmAC.1,domain#MS-LocalLossOfUserTW-ProcAccess
package#Network,domain#P.L.SHLnSACPmAC.1,domain#MS-LocalLossOfUserTW-ProcAccess
package#Network,domain#P.O.HP-iT.5,domain#MS-Overloaded-Process
package#Network,domain#P.U.HP.0,domain#MS-LossOfReliability-Process
package#Network,domain#P.U.HP-iT.5,domain#MS-LossOfReliability-Process
package#Network,domain#P.W.HP-iT.7,domain#MS-MalwareInfection-Process
package#NetworkConnectivity,domain#H.L.IoH.3,domain#MS-LocalLossOfUserTW-HostAccess
package#NetworkConnectivity,domain#H.L.NoH.3,domain#MS-LocalLossOfUserTW-HostAccess
package#NetworkConnectivity,domain#H.M.IoH.3,domain#MS-LocalLossOfControl-HostAccess
package#NetworkConnectivity,domain#H.M.NoH.3,domain#MS-LocalLossOfControl-HostAccess
package#NetworkConnectivity,domain#H.M.RIoH.7,domain#MS-LocalLossOfControl-HostAccess
package#NetworkConnectivity,domain#H.M.RNoH.7,domain#MS-LocalLossOfControl-HostAccess
package#NetworkConnectivity,domain#I.A.GdHRS.6,domain#MS-LossOfAvailability-Interface
package#NetworkConnectivity,domain#I.A.GdHRSi.6,domain#MS-LossOfAvailability-Interface
package#NetworkConnectivity,domain#I.A.GdHWS.6,domain#MS-LossOfAvailability-Interface
package#NetworkConnectivity,domain#I.A.I.0,domain#MS-LossOfAvailability-Interface
package#NetworkConnectivity,domain#I.A.I.6.1,domain#MS-LossOfAvailability-Interface
package#NetworkConnectivity,domain#I.Auth.HRSGSoS.3,domain#MS-NetworkSpoofing-Interface
package#NetworkConnectivity,domain#I.Auth.HSRSoGS.3,domain#MS-NetworkSpoofing-Interface
package#NetworkConnectivity,domain#I.Auth.HSWSoGS.3,domain#MS-NetworkSpoofing-Interface
package#NetworkConnectivity,domain#I.Auth.HWSGSoS.3,domain#MS-NetworkSpoofing-Interface
package#NetworkConnectivity,domain#I.DA.I.8,domain#MS-ConnectionsAllowed-Interface
package#NetworkConnectivity,domain#I.IS.I.8,domain#MS-InService-Interface
package#NetworkConnectivity,domain#I.IS.INC.1,domain#MS-InService-Interface
package#NetworkConnectivity,domain#I.M.I.8,domain#MS-BandwidthUnmanaged-Interface
package#NetworkConnectivity,domain#I.O.DDoH.3,domain#MS-Overloaded-Interface
package#NetworkConnectivity,domain#I.O.HIoH.3.1,domain#MS-Overloaded-Interface
package#NetworkConnectivity,domain#I.O.HIoH.3.2,domain#MS-Overloaded-Interface
package#NetworkConnectivity,domain#I.O.IoH.3,domain#MS-Overloaded-Interface
package#NetworkConnectivity,domain#I.O.LoH.3,domain#MS-Overloaded-Interface
package#NetworkConnectivity,domain#I.O.RoH.3,domain#MS-Overloaded-Interface
package#NetworkConnectivity,domain#LS.C.WiFiSSoH.3,domain#MS-CommsSnoopable-RadioSubnet
package#NetworkConnectivity,domain#NP.DA.NPLS.8,domain#MS-ConnectionsAllowed-LogicalPath
package#NetworkConnectivity,domain#NP.DA.NPmLSmSg.8,domain#MS-ConnectionsAllowed-LogicalPath
package#NetworkConnectivity,domain#Sg.A.L3SSg2.6.1,domain#MS-LossOfAvailability-FwdSegment
package#NetworkConnectivity,domain#Sg.A.Sg.0,domain#MS-LossOfAvailability-LogicalSegment
package#NetworkConnectivity,domain#Sg.DA.L3SSg2AC-b.1,domain#MS-ConnectionsAllowed-FwdSegment
package#NetworkConnectivity,domain#Sg.DA.L3SSg2-b.8,domain#MS-ConnectionsAllowed-FwdSegment
package#NetworkConnectivity,domain#Sg.IS.Sg.8,domain#MS-InService-LogicalSegment
package#Physical,domain#S.L.HuPSoSt.1,domain#MS-PhysicalIntrusion-Space
package#Physical,domain#S.L.HuPSSt.1,domain#MS-PhysicalIntrusion-Space
package#Physical,domain#S.L.PPS.1,domain#MS-PhysicalIntrusion-Space
package#Physical,domain#S.L.PScSt.1,domain#MS-PhysicalIntrusion-Space
package#Physical,domain#S.L.PSS.3,domain#MS-PhysicalIntrusion-Space
package#ProcessComms,domain#CAP.IS.NPSCCAP.8,domain#MS-InService-ClientAttackPath
package#ProcessComms,domain#CAP.IS.SCmCAP.8,domain#MS-InService-ClientAttackPath
package#ProcessComms,domain#CC.AuA.CCAPNaS.1,domain#MS-LossOfAnonUserTW-ClientChannel
package#ProcessComms,domain#CC.AuA.OCAPNaS.1,domain#MS-LossOfAnonUserTW-ClientChannel
package#ProcessComms,domain#CC.AuC.CACHcLSS.1,domain#MS-ClientImpersonation-ClientChannel
package#ProcessComms,domain#CC.AuC.CACSSaS.3.2,domain#MS-ClientImpersonation-AuthChannel
package#ProcessComms,domain#CC.AuC.CACSScS.1,domain#MS-ClientImpersonation-AuthChannel
package#ProcessComms,domain#CC.AuC.CACSScS.3.1,domain#MS-ClientImpersonation-AuthChannel
package#ProcessComms,domain#CC.AuC.CACSScS.3.2,domain#MS-ClientImpersonation-AuthChannel
package#ProcessComms,domain#CC.AuC.CACSScS.3.3,domain#MS-ClientImpersonation-AuthChannel
package#ProcessComms,domain#CC.AuC.CCC-nS.3.2,domain#MS-ClientImpersonation-ClientChannel
package#ProcessComms,domain#CC.AuC.CCC-nS.3.3,domain#MS-ClientImpersonation-ClientChannel
package#ProcessComms,domain#CC.AuC.CCC-nS-i.1,domain#MS-ClientImpersonation-ClientChannel
package#ProcessComms,domain#CC.AuC.CCCvsCC-nS.1,domain#MS-ClientImpersonation-ClientChannel
package#ProcessComms,domain#CC.AuC.HuDFTCS.3,domain#MS-ClientImpersonation-ClientChannel
package#ProcessComms,domain#CC.AuC.HuDSTCS.3,domain#MS-ClientImpersonation-ClientChannel
package#ProcessComms,domain#CC.AuC.HuiHCCC-nS.3.3,domain#MS-ClientImpersonation-ClientChannel
package#ProcessComms,domain#CC.AuC.HuiHrCCC-nS.3.3,domain#MS-ClientImpersonation-ClientChannel
package#ProcessComms,domain#CC.AuC.HumCCC-nS.3,domain#MS-ClientImpersonation-ClientChannel
package#ProcessComms,domain#CC.AuD.CCCPCCS-i.3,domain#MS-DeputyConfusion-ProxyChannel
package#ProcessComms,domain#CC.AuD.CCCSCCS-i.3,domain#MS-DeputyConfusion-ProxyChannel
package#ProcessComms,domain#CC.AuP.CCCPCCS-i.3,domain#MS-LossOfProxyUserTW-ProxyChannel
package#ProcessComms,domain#CC.AuP.PCCPCCS-i.3,domain#MS-LossOfProxyUserTW-ProxyChannel
package#ProcessComms,domain#CC.AuS.CACSScS.3.1,domain#MS-ServiceImpersonation-AuthChannel
package#ProcessComms,domain#CC.AuS.CRoS.3,domain#MS-ServiceImpersonation-ClientChannel
package#ProcessComms,domain#CC.AuS.CRoS.3,domain#MS-ServiceImpersonation-IndirectChannel
package#ProcessComms,domain#CC.AuS.CRoSG.3,domain#MS-ServiceImpersonation-ClientChannel
package#ProcessComms,domain#CC.AuS.CRoSG.3,domain#MS-ServiceImpersonation-IndirectChannel
package#ProcessComms,domain#CC.AuS.CRoSI.3,domain#MS-ServiceImpersonation-ClientChannel
package#ProcessComms,domain#CC.AuS.CRoSI.3,domain#MS-ServiceImpersonation-IndirectChannel
package#ProcessComms,domain#CC.AX.CACSSaS.0,domain#MS-LossOfAccessibility-AuthChannel
package#ProcessComms,domain#CC.AX.CACSScS.0,domain#MS-LossOfAccessibility-AuthChannel
package#ProcessComms,domain#CC.AX.CCCmSCS.0,domain#MS-LossOfAccessibility-ClientChannel
package#ProcessComms,domain#CC.AX.CCC-nmCCS.6.1.5,domain#MS-LossOfAccessibility-ClientChannel
package#ProcessComms,domain#CC.AX.CCC-nmSCS.6.1.5,domain#MS-LossOfAccessibility-ClientChannel
package#ProcessComms,domain#CC.AX.CCC-nS.6.1.1,domain#MS-LossOfAccessibility-ClientChannel
package#ProcessComms,domain#CC.AX.CCC-nS.6.1.3,domain#MS-LossOfAccessibility-ClientChannel
package#ProcessComms,domain#CC.AX.CCCS.1.3,domain#MS-LossOfAccessibility-ClientChannel
package#ProcessComms,domain#CC.AX.CCCS.6.1,domain#MS-LossOfAccessibility-ClientChannel
package#ProcessComms,domain#CC.AX.CCCS.6.2,domain#MS-LossOfAccessibility-ClientChannel
package#ProcessComms,domain#CC.AX.CCCS.6.3,domain#MS-LossOfAccessibility-ClientChannel
package#ProcessComms,domain#CC.AX.CCCvCCS.0,domain#MS-LossOfAccessibility-ClientChannel
package#ProcessComms,domain#CC.AX.CCDFSFS.6.4,domain#MS-LossOfAccessibility-ClientChannel
package#ProcessComms,domain#CC.AX.CCDFSTS.6.4,domain#MS-LossOfAccessibility-ClientChannel
package#ProcessComms,domain#CC.AX.HuCCC-nS.6.1.2,domain#MS-LossOfAccessibility-ClientChannel
package#ProcessComms,domain#CC.AX.HuCCC-nS.6.1.7,domain#MS-LossOfAccessibility-ClientChannel
package#ProcessComms,domain#CC.C.CCCSCSoAC.3,domain#MS-CommsSnoopable-ClientChannel
package#ProcessComms,domain#CC.C.CCCSCSoAC.3,domain#MS-CommsSnoopable-IndirectChannel
package#ProcessComms,domain#CC.IS.CSCCmCC.8,domain#MS-InService-ClientChannel
package#ProcessComms,domain#CC.IS.CSCCSC.8,domain#MS-InService-ClientChannel
package#ProcessComms,domain#CC.L.CSCCHuoSt.1,domain#MS-LossOfServiceTW-ClientChannel
package#ProcessComms,domain#CC.L.CSCCHuoSt.1,domain#MS-LossOfServiceTW-ProxyChannel
package#ProcessComms,domain#CC.L.CSCCHuSt.1,domain#MS-LossOfServiceTW-ClientChannel
package#ProcessComms,domain#CC.L.CSCCHuSt.1,domain#MS-LossOfServiceTW-ProxyChannel
package#ProcessComms,domain#CC.L.CSHSAC.1,domain#MS-LossOfServiceTW-ClientChannel
package#ProcessComms,domain#CC.R.CACvsCCS.1,domain#MS-LossOfClientTW-ClientChannel
package#ProcessComms,domain#CC.R.CCCS-i.1,domain#MS-LossOfClientTW-ClientChannel
package#ProcessComms,domain#CC.R.HuoStCCCS.1,domain#MS-LossOfClientTW-ClientChannel
package#ProcessComms,domain#CC.R.HuStCCCS.1,domain#MS-LossOfClientTW-ClientChannel
package#ProcessComms,domain#CP.IS.SCmCP.8,domain#MS-InService-ClientPath
package#ProcessComms,domain#DF.A.CCDFCS.6.3,domain#MS-LossOfAvailability-DataFlow
package#ProcessComms,domain#DF.A.CCDFSC.6.3,domain#MS-LossOfAvailability-DataFlow
package#ProcessComms,domain#DF.A.CC-iDFCS.0,domain#MS-LossOfAvailability-DataFlow
package#ProcessComms,domain#DF.A.CC-iDFC-SS.0,domain#MS-LossOfAvailability-DataFlow
package#ProcessComms,domain#DF.A.CC-iDFSC.0,domain#MS-LossOfAvailability-DataFlow
package#ProcessComms,domain#DF.Auth.ACDF-VFS-i.3.6,domain#MS-LossOfAuthenticity-Data
package#ProcessComms,domain#DF.Auth.ACDF-VFS-i.3.6,domain#MS-LossOfAuthenticity-DataField
package#ProcessComms,domain#DF.Auth.ACDF-VFS-i.3.6,domain#MS-LossOfAuthenticity-DataFlow
package#ProcessComms,domain#DF.Auth.ACDFVFS-i.3.6,domain#MS-LossOfAuthenticity-Data
package#ProcessComms,domain#DF.Auth.ACDFVFS-i.3.6,domain#MS-LossOfAuthenticity-DataField
package#ProcessComms,domain#DF.Auth.ACDFVFS-i.3.6,domain#MS-LossOfAuthenticity-DataFlow
package#ProcessComms,domain#DF.Auth.ACDF-VSC-i.3.1,domain#MS-LossOfAuthenticity-Data
package#ProcessComms,domain#DF.Auth.ACDF-VSC-i.3.1,domain#MS-LossOfAuthenticity-DataField
package#ProcessComms,domain#DF.Auth.ACDF-VSC-i.3.1,domain#MS-LossOfAuthenticity-DataFlow
package#ProcessComms,domain#DF.Auth.AC-iDF-VCS.3.2,domain#MS-LossOfAuthenticity-Data
package#ProcessComms,domain#DF.Auth.AC-iDF-VCS.3.2,domain#MS-LossOfAuthenticity-DataField
package#ProcessComms,domain#DF.Auth.AC-iDF-VCS.3.2,domain#MS-LossOfAuthenticity-DataFlow
package#ProcessComms,domain#DF.Auth.AC-iDFVFC.3.6,domain#MS-LossOfAuthenticity-Data
package#ProcessComms,domain#DF.Auth.AC-iDFVFC.3.6,domain#MS-LossOfAuthenticity-DataField
package#ProcessComms,domain#DF.Auth.AC-iDFVFC.3.6,domain#MS-LossOfAuthenticity-DataFlow
package#ProcessComms,domain#DF.Auth.AC-iDF-VFC.3.6,domain#MS-LossOfAuthenticity-Data
package#ProcessComms,domain#DF.Auth.AC-iDF-VFC.3.6,domain#MS-LossOfAuthenticity-DataField
package#ProcessComms,domain#DF.Auth.AC-iDF-VFC.3.6,domain#MS-LossOfAuthenticity-DataFlow
package#ProcessComms,domain#DF.Auth.AC-iDF-VSC.3.2,domain#MS-LossOfAuthenticity-Data
package#ProcessComms,domain#DF.Auth.AC-iDF-VSC.3.2,domain#MS-LossOfAuthenticity-DataField
package#ProcessComms,domain#DF.Auth.AC-iDF-VSC.3.2,domain#MS-LossOfAuthenticity-DataFlow
package#ProcessComms,domain#DF.Auth.CCCSDF-VCCS-i.3,domain#MS-LossOfAuthenticity-Data
package#ProcessComms,domain#DF.Auth.CCCSDF-VCCS-i.3,domain#MS-LossOfAuthenticity-DataField
package#ProcessComms,domain#DF.Auth.CCCSDF-VCCS-i.3,domain#MS-LossOfAuthenticity-DataFlow
package#ProcessComms,domain#DF.Auth.CCCSPDF-VCCS-i.3,domain#MS-LossOfAuthenticity-Data
package#ProcessComms,domain#DF.Auth.CCCSPDF-VCCS-i.3,domain#MS-LossOfAuthenticity-DataField
package#ProcessComms,domain#DF.Auth.CCCSPDF-VCCS-i.3,domain#MS-LossOfAuthenticity-DataFlow
package#ProcessComms,domain#DF.C.ACDF-VCS-i.3.1,domain#MS-LossOfConfidentiality-Data
package#ProcessComms,domain#DF.C.ACDF-VCS-i.3.1,domain#MS-LossOfConfidentiality-DataField
package#ProcessComms,domain#DF.C.ACDF-VCS-i.3.1,domain#MS-LossOfConfidentiality-DataFlow
package#ProcessComms,domain#DF.C.ACDF-VFS-i.3.6,domain#MS-LossOfConfidentiality-Data
package#ProcessComms,domain#DF.C.ACDF-VFS-i.3.6,domain#MS-LossOfConfidentiality-DataField
package#ProcessComms,domain#DF.C.ACDF-VFS-i.3.6,domain#MS-LossOfConfidentiality-DataFlow
package#ProcessComms,domain#DF.C.ACDFVFS-i.3.6,domain#MS-LossOfConfidentiality-Data
package#ProcessComms,domain#DF.C.ACDFVFS-i.3.6,domain#MS-LossOfConfidentiality-DataField
package#ProcessComms,domain#DF.C.ACDFVFS-i.3.6,domain#MS-LossOfConfidentiality-DataFlow
package#ProcessComms,domain#DF.C.ACDF-VSC-i.3.2,domain#MS-LossOfConfidentiality-Data
package#ProcessComms,domain#DF.C.ACDF-VSC-i.3.2,domain#MS-LossOfConfidentiality-DataField
package#ProcessComms,domain#DF.C.ACDF-VSC-i.3.2,domain#MS-LossOfConfidentiality-DataFlow
package#ProcessComms,domain#DF.C.ACDF-VTS-i.3.6,domain#MS-LossOfConfidentiality-Data
package#ProcessComms,domain#DF.C.ACDF-VTS-i.3.6,domain#MS-LossOfConfidentiality-DataField
package#ProcessComms,domain#DF.C.ACDF-VTS-i.3.6,domain#MS-LossOfConfidentiality-DataFlow
package#ProcessComms,domain#DF.C.ACDFVTS-i.3.6,domain#MS-LossOfConfidentiality-Data
package#ProcessComms,domain#DF.C.ACDFVTS-i.3.6,domain#MS-LossOfConfidentiality-DataField
package#ProcessComms,domain#DF.C.ACDFVTS-i.3.6,domain#MS-LossOfConfidentiality-DataFlow
package#ProcessComms,domain#DF.C.AC-iDF-VCS.3.2,domain#MS-LossOfConfidentiality-Data
package#ProcessComms,domain#DF.C.AC-iDF-VCS.3.2,domain#MS-LossOfConfidentiality-DataField
package#ProcessComms,domain#DF.C.AC-iDF-VCS.3.2,domain#MS-LossOfConfidentiality-DataFlow
package#ProcessComms,domain#DF.C.AC-iDF-VCS.3.3,domain#MS-LossOfConfidentiality-Data
package#ProcessComms,domain#DF.C.AC-iDF-VCS.3.3,domain#MS-LossOfConfidentiality-DataField
package#ProcessComms,domain#DF.C.AC-iDF-VCS.3.3,domain#MS-LossOfConfidentiality-DataFlow
package#ProcessComms,domain#DF.C.AC-iDF-VSC.3.2,domain#MS-LossOfConfidentiality-Data
package#ProcessComms,domain#DF.C.AC-iDF-VSC.3.2,domain#MS-LossOfConfidentiality-DataField
package#ProcessComms,domain#DF.C.AC-iDF-VSC.3.2,domain#MS-LossOfConfidentiality-DataFlow
package#ProcessComms,domain#DF.C.AC-iDF-VSC.3.3,domain#MS-LossOfConfidentiality-Data
package#ProcessComms,domain#DF.C.AC-iDF-VSC.3.3,domain#MS-LossOfConfidentiality-DataField
package#ProcessComms,domain#DF.C.AC-iDF-VSC.3.3,domain#MS-LossOfConfidentiality-DataFlow
package#ProcessComms,domain#DF.C.AC-iDFVTC.3.6,domain#MS-LossOfConfidentiality-Data
package#ProcessComms,domain#DF.C.AC-iDFVTC.3.6,domain#MS-LossOfConfidentiality-DataField
package#ProcessComms,domain#DF.C.AC-iDFVTC.3.6,domain#MS-LossOfConfidentiality-DataFlow
package#ProcessComms,domain#DF.C.AC-iDF-VTC.3.6,domain#MS-LossOfConfidentiality-Data
package#ProcessComms,domain#DF.C.AC-iDF-VTC.3.6,domain#MS-LossOfConfidentiality-DataField
package#ProcessComms,domain#DF.C.AC-iDF-VTC.3.6,domain#MS-LossOfConfidentiality-DataFlow
package#ProcessComms,domain#DF.C.CCCSCCSDF-Vi.3,domain#MS-LossOfConfidentiality-Data
package#ProcessComms,domain#DF.C.CCCSCCSDF-Vi.3,domain#MS-LossOfConfidentiality-DataField
package#ProcessComms,domain#DF.C.CCCSCCSDF-Vi.3,domain#MS-LossOfConfidentiality-DataFlow
package#ProcessComms,domain#DF.C.CCCSPCCSDF-Vi.3,domain#MS-LossOfConfidentiality-Data
package#ProcessComms,domain#DF.C.CCCSPCCSDF-Vi.3,domain#MS-LossOfConfidentiality-DataField
package#ProcessComms,domain#DF.C.CCCSPCCSDF-Vi.3,domain#MS-LossOfConfidentiality-DataFlow
package#ProcessComms,domain#DF.IS.CCSmDFS.8,domain#MS-InService-DataStep
package#ProcessComms,domain#DF.IS.PDFFA.8,domain#MS-InService-DataFlow
package#ProcessComms,domain#DF.O.CCDFSFC.3,domain#MS-Overloaded-DataStep
package#ProcessComms,domain#DF.O.CCDFSTC.3,domain#MS-Overloaded-DataStep
package#ProcessComms,domain#DF.O.CCDS2FC.0,domain#MS-Overloaded-OutStep
package#ProcessComms,domain#DF.O.CCDS2TC.0,domain#MS-Overloaded-InStep
package#ProcessComms,domain#DS.A.CDBSCDSF.4,domain#MS-LossOfAvailability-DataCopy
package#ProcessComms,domain#DS.A.CDBSC-DSF.4,domain#MS-LossOfAvailability-DataCopy
package#ProcessComms,domain#DS.Auth.CDBSC-DSF.4,domain#MS-LossOfAuthenticity-Data
package#ProcessComms,domain#DS.Auth.CDBSC-DSF.4,domain#MS-LossOfAuthenticity-DataCopy
package#ProcessComms,domain#DS.Auth.CDBSC-DSF.4,domain#MS-LossOfAuthenticity-DataField
package#ProcessComms,domain#DS.Auth.HPsACdDSCCV.1,domain#MS-LossOfAuthenticity-Data
package#ProcessComms,domain#DS.Auth.HPsACdDSCCV.1,domain#MS-LossOfAuthenticity-DataCopy
package#ProcessComms,domain#DS.Auth.HPsACdDSCCV.1,domain#MS-LossOfAuthenticity-DataField
package#ProcessComms,domain#DS.C.CDBSC-DST.4,domain#MS-LossOfConfidentiality-Data
package#ProcessComms,domain#DS.C.CDBSC-DST.4,domain#MS-LossOfConfidentiality-DataCopy
package#ProcessComms,domain#DS.C.CDBSC-DST.4,domain#MS-LossOfConfidentiality-DataField
package#ProcessComms,domain#DS.C.HPsACrDSCCV.1,domain#MS-LossOfConfidentiality-Data
package#ProcessComms,domain#DS.C.HPsACrDSCCV.1,domain#MS-LossOfConfidentiality-DataCopy
package#ProcessComms,domain#DS.C.HPsACrDSCCV.1,domain#MS-LossOfConfidentiality-DataField
package#ProcessComms,domain#I.A.HLSISC.6.4,domain#MS-LossOfAvailability-Interface
package#ProcessComms,domain#I.TA.I.8.1,domain#MS-ServiceChannelsAllowed-Interface
package#ProcessComms,domain#I.TA.I.8.2,domain#MS-ServiceChannelsAllowed-Interface
package#ProcessComms,domain#LS.L.HLSISC.1,domain#MS-LossOfNetworkUserTW-LogicalSubnet
package#ProcessComms,domain#P.A.HuirRACSPH.0,domain#MS-LossOfAvailability-Process
package#ProcessComms,domain#P.L.CCCLnSAC.1,domain#MS-LocalLossOfUserTW-ProcAccess
package#ProcessComms,domain#P.L.CCCSAC.3,domain#MS-LocalLossOfUserTW-ProcAccess
package#ProcessComms,domain#P.L.CSAPNaS.3,domain#MS-LocalLossOfUserTW-ProcAccess
package#ProcessComms,domain#P.L.HuHW2ACE.3,domain#MS-LocalLossOfUserTW-ProcAccess
package#ProcessComms,domain#P.L.OSAPNaS.3,domain#MS-LocalLossOfUserTW-ProcAccess
package#ProcessComms,domain#P.L.SPNaLnS.1,domain#MS-LocalLossOfUserTW-ProcAccess
package#ProcessComms,domain#P.L.SPNaS.3,domain#MS-LocalLossOfUserTW-ProcAccess
package#ProcessComms,domain#P.O.CCDFSFS.0,domain#MS-Overloaded-Service
package#ProcessComms,domain#P.O.CCDFSTS.0,domain#MS-Overloaded-Service
package#ProcessComms,domain#P.O.DDoS.3,domain#MS-Overloaded-Process
package#ProcessComms,domain#P.O.DoS.3,domain#MS-Overloaded-Process
package#ProcessComms,domain#P.O.PILSsSC.0,domain#MS-Overloaded-Service
package#ProcessComms,domain#SAP.IS.CAPSAP.8,domain#MS-InService-ServiceAttackPath
package#ProcessComms,domain#SC.A.CCCmSCS.0,domain#MS-LossOfConnectivity-ServiceChannel
package#ProcessComms,domain#SC.A.CCfImSC.0,domain#MS-LossOfConnectivity-ServiceChannel
package#ProcessComms,domain#SC.A.CCtImSC.0,domain#MS-LossOfConnectivity-ServiceChannel
package#ProcessComms,domain#SC.A.HuSC.6.3,domain#MS-LossOfConnectivity-ServiceChannel
package#ProcessComms,domain#SC.A.LSmSC.0,domain#MS-LossOfConnectivity-ServiceChannel
package#ProcessComms,domain#SC.A.SC.6.1,domain#MS-LossOfConnectivity-ServiceChannel
package#ProcessComms,domain#SC.A.SgmSC.0,domain#MS-LossOfConnectivity-ServiceChannel
package#ProcessComms,domain#SC.C.ImSCf.3,domain#MS-CommsSnoopable-ServiceChannel
package#ProcessComms,domain#SC.C.LSmSC.3,domain#MS-CommsSnoopable-ServiceChannel
package#ProcessComms,domain#SC.C.SgACmSC.3,domain#MS-CommsSnoopable-ServiceChannel
package#ProcessComms,domain#SC.IS.SCmSg.8.1,domain#MS-InService-ServiceChannel
package#ProcessComms,domain#SC.IS.SCpSg.8.1,domain#MS-InService-ServiceChannel
package#ProcessComms,domain#Sg.TA.L3SSg2+b.8.2,domain#MS-ServiceChannelsAllowed-FwdSegment
package#ProcessComms,domain#Sg.TA.L3SSg2AC.1,domain#MS-ServiceChannelsAllowed-FwdSegment
package#ProcessComms,domain#Sg.TA.L3SSg2-b.8.1,domain#MS-ServiceChannelsAllowed-FwdSegment
package#ProcessComms,domain#Sg.TA.L3SSg2-b.8.2,domain#MS-ServiceChannelsAllowed-FwdSegment
package#Theft,domain#CC.AuC.CACHLSS.2,domain#MS-ClientImpersonation-ClientChannel
package#Theft,domain#DF.Auth.AC-iDFVFC.2.6,domain#MS-LossOfAuthenticity-Data
package#Theft,domain#DF.Auth.AC-iDFVFC.2.6,domain#MS-LossOfAuthenticity-DataField
package#Theft,domain#DF.Auth.AC-iDFVFC.2.6,domain#MS-LossOfAuthenticity-DataFlow
package#Theft,domain#DF.Auth.AC-iDF-VFC.2.6,domain#MS-LossOfAuthenticity-Data
package#Theft,domain#DF.Auth.AC-iDF-VFC.2.6,domain#MS-LossOfAuthenticity-DataField
package#Theft,domain#DF.Auth.AC-iDF-VFC.2.6,domain#MS-LossOfAuthenticity-DataFlow
package#Theft,domain#DF.C.AC-iDFVTC.2.6,domain#MS-LossOfConfidentiality-Data
package#Theft,domain#DF.C.AC-iDFVTC.2.6,domain#MS-LossOfConfidentiality-DataField
package#Theft,domain#DF.C.AC-iDFVTC.2.6,domain#MS-LossOfConfidentiality-DataFlow
package#Theft,domain#DF.C.AC-iDF-VTC.2.6,domain#MS-LossOfConfidentiality-Data
package#Theft,domain#DF.C.AC-iDF-VTC.2.6,domain#MS-LossOfConfidentiality-DataField
package#Theft,domain#DF.C.AC-iDF-VTC.2.6,domain#MS-LossOfConfidentiality-DataFlow
package#Theft,domain#DS.C.HDS-V.2.1,domain#MS-LossOfConfidentiality-Data
package#Theft,domain#DS.C.HDS-V.2.1,domain#MS-LossOfConfidentiality-DataCopy
package#Theft,domain#DS.C.HDS-V.2.1,domain#MS-LossOfConfidentiality-DataField
package#Theft,domain#DS.C.HDS-V.2.2,domain#MS-LossOfConfidentiality-Data
package#Theft,domain#DS.C.HDS-V.2.2,domain#MS-LossOfConfidentiality-DataCopy
package#Theft,domain#DS.C.HDS-V.2.2,domain#MS-LossOfConfidentiality-DataField
package#Theft,domain#DS.C.HPsACr-pDS-V.2,domain#MS-LossOfConfidentiality-Data
package#Theft,domain#DS.C.HPsACr-pDS-V.2,domain#MS-LossOfConfidentiality-DataCopy
package#Theft,domain#DS.C.HPsACr-pDS-V.2,domain#MS-LossOfConfidentiality-DataField
package#Theft,domain#DS.C.HPsACrpDS-V.2,domain#MS-LossOfConfidentiality-Data
package#Theft,domain#DS.C.HPsACrpDS-V.2,domain#MS-LossOfConfidentiality-DataCopy
package#Theft,domain#DS.C.HPsACrpDS-V.2,domain#MS-LossOfConfidentiality-DataField
package#Theft,domain#DS.C.HPsACr-pDS-V.2.6,domain#MS-LossOfConfidentiality-Data
package#Theft,domain#DS.C.HPsACr-pDS-V.2.6,domain#MS-LossOfConfidentiality-DataCopy
package#Theft,domain#DS.C.HPsACr-pDS-V.2.6,domain#MS-LossOfConfidentiality-DataField
package#Theft,domain#H.M.CH.2.1,domain#MS-TheftOfControl-Host
package#Theft,domain#H.M.CH.2.3,domain#MS-TheftOfControl-Host
package#Theft,domain#H.M.HumCH.2.2,domain#MS-TheftOfControl-Host
package#Theft,domain#H.M.MHHS.2.1,domain#MS-TheftOfControl-HostAccess
package#Theft,domain#H.M.PHdH.2,domain#MS-TheftOfControl-Host
package#Theft,domain#H.P.PHS-iC.3,domain#MS-Theft-Host
package#Theft,domain#I.IS.INC.2,domain#MS-InService-Interface
package#Theft,domain#LS.L.HL23S.2,domain#MS-LossOfNetworkUserTW-LogicalSubnet
package#Theft,domain#P.IS.HP.2,domain#MS-InService-Process
package#Theft,domain#P.L.HuiPCH.2.1,domain#MS-TheftOfControl-Process
package#Theft,domain#P.L.HuiPCH.2.2,domain#MS-TheftOfControl-Process
package#Theft,domain#P.L.PMHHS.2.1,domain#MS-TheftOfControl-ProcAccess
package#Theft,domain#P.L.SHP.2,domain#MS-TheftOfControl-Process
package#Virtualisation,domain#H.A.HVH.0,domain#MS-LossOfAvailability-Host
package#Virtualisation,domain#H.A.VHHHoDC.1,domain#MS-LossOfAvailability-Host
package#Virtualisation,domain#H.IS.HVH.8,domain#MS-InService-Host
package#Virtualisation,domain#HC.A.ImHCf.0,domain#MS-LossOfAvailability-HostChannel
package#Virtualisation,domain#HC.A.ImHCt.0,domain#MS-LossOfAvailability-HostChannel
package#Virtualisation,domain#HC.A.LSmHC.0,domain#MS-LossOfAvailability-HostChannel
package#Virtualisation,domain#HC.A.SgmHC.0,domain#MS-LossOfAvailability-HostChannel
package#Virtualisation,domain#HC.C.ImHCf.3,domain#MS-CommsSnoopable-HostChannel
package#Virtualisation,domain#HC.C.INCmHCf.3,domain#MS-CommsSnoopable-HostChannel
package#Virtualisation,domain#HC.C.INCmHCt.3,domain#MS-CommsSnoopable-HostChannel
package#Virtualisation,domain#HC.C.LSmHC.3,domain#MS-CommsSnoopable-HostChannel
package#Virtualisation,domain#HC.C.SgACmHC.3,domain#MS-CommsSnoopable-HostChannel
package#Virtualisation,domain#I.A.GdHVS.6,domain#MS-LossOfAvailability-Interface
package#Virtualisation,domain#I.Auth.HVSICSG.3,domain#MS-NetworkSpoofing-Interface
package#Virtualisation,domain#LS.A.LSoLS.0,domain#MS-LossOfAvailability-OverlaySubnet
package#Virtualisation,domain#LS.C.LSoLS.3,domain#MS-CommsSnoopable-OverlaySubnet
package#Virtualisation,domain#LS.IS.mLSoLS.8,domain#MS-InService-OverlaySubnet
package#Virtualisation,domain#LS.L.LSoLS.1,domain#MS-LossOfNetworkUserTW-OverlaySubnet
package#Virtualisation,domain#LS.L.VSPSH.1,domain#MS-LossOfNetworkUserTW-LogicalSubnet
package#Virtualisation,domain#LS.L.VSPS-HP.3,domain#MS-LossOfNetworkUserTW-LogicalSubnet
package#Virtualisation,domain#LS.L.VSPSH-P.3,domain#MS-LossOfNetworkUserTW-LogicalSubnet
package#Virtualisation,domain#LS.M.LSoLS.1,domain#MS-LossOfNetworkControl-OverlaySubnet
package#Virtualisation,domain#SC.A.VC2HmSC.0,domain#MS-LossOfConnectivity-ServiceChannel
package#Virtualisation,domain#SC.C.VSHCmSC.3,domain#MS-CommsSnoopable-ServiceChannel
package#Virtualisation,domain#VC.A.VC2HmHC.0,domain#MS-LossOfAvailability-VirtualChannel
package#Virtualisation,domain#VH.M.HACVHmAC.1,domain#MS-LocalLossOfControl-ToContext
package#VulnerabilityCVSS,domain#CC.AuC.DFrXSS.3,domain#MS-ClientImpersonation-ClientChannel
package#VulnerabilityCVSS,domain#CC.AuC.DFsXSS.3,domain#MS-ClientImpersonation-ClientChannel
package#VulnerabilityCVSS,domain#CC.AuC.DSrXSS.3,domain#MS-ClientImpersonation-ClientChannel
package#VulnerabilityCVSS,domain#CC.AuC.DSsXSS.3,domain#MS-ClientImpersonation-ClientChannel
package#VulnerabilityCVSS,domain#CC.R.CDBSC.4,domain#MS-LossOfClientTW-ClientChannel
package#VulnerabilityCVSS,domain#DS.A.HDS.4,domain#MS-LossOfAvailability-DataCopy
package#VulnerabilityCVSS,domain#DS.A.HPsACDAdDS.4,domain#MS-LossOfAvailability-DataCopy
package#VulnerabilityCVSS,domain#DS.Auth.HDS-V.4,domain#MS-LossOfAuthenticity-Data
package#VulnerabilityCVSS,domain#DS.Auth.HDS-V.4,domain#MS-LossOfAuthenticity-DataCopy
package#VulnerabilityCVSS,domain#DS.Auth.HDS-V.4,domain#MS-LossOfAuthenticity-DataField
package#VulnerabilityCVSS,domain#DS.Auth.HPsACd-pDS-V.4,domain#MS-LossOfAuthenticity-Data
package#VulnerabilityCVSS,domain#DS.Auth.HPsACd-pDS-V.4,domain#MS-LossOfAuthenticity-DataCopy
package#VulnerabilityCVSS,domain#DS.Auth.HPsACd-pDS-V.4,domain#MS-LossOfAuthenticity-DataField
package#VulnerabilityCVSS,domain#DS.Auth.HPsACdpDS-V.4,domain#MS-LossOfAuthenticity-Data
package#VulnerabilityCVSS,domain#DS.Auth.HPsACdpDS-V.4,domain#MS-LossOfAuthenticity-DataCopy
package#VulnerabilityCVSS,domain#DS.Auth.HPsACdpDS-V.4,domain#MS-LossOfAuthenticity-DataField
package#VulnerabilityCVSS,domain#DS.C.HDS-V.4,domain#MS-LossOfConfidentiality-Data
package#VulnerabilityCVSS,domain#DS.C.HDS-V.4,domain#MS-LossOfConfidentiality-DataCopy
package#VulnerabilityCVSS,domain#DS.C.HDS-V.4,domain#MS-LossOfConfidentiality-DataField
package#VulnerabilityCVSS,domain#DS.C.HPsACr-pDS-V.4,domain#MS-LossOfConfidentiality-Data
package#VulnerabilityCVSS,domain#DS.C.HPsACr-pDS-V.4,domain#MS-LossOfConfidentiality-DataCopy
package#VulnerabilityCVSS,domain#DS.C.HPsACr-pDS-V.4,domain#MS-LossOfConfidentiality-DataField
package#VulnerabilityCVSS,domain#DS.C.HPsACrpDS-V.4,domain#MS-LossOfConfidentiality-Data
package#VulnerabilityCVSS,domain#DS.C.HPsACrpDS-V.4,domain#MS-LossOfConfidentiality-DataCopy
package#VulnerabilityCVSS,domain#DS.C.HPsACrpDS-V.4,domain#MS-LossOfConfidentiality-DataField
package#VulnerabilityCVSS,domain#H.A.H.4,domain#MS-LossOfAvailability-Host
package#VulnerabilityCVSS,domain#H.E-A.TH.8,domain#MS-LossOfExtrinsic-A-TW-Host
package#VulnerabilityCVSS,domain#H.E-AU.H.8,domain#MS-LossOfExtrinsic-AU-TW-Host
package#VulnerabilityCVSS,domain#H.E-C.TH.8,domain#MS-LossOfExtrinsic-C-TW-Host
package#VulnerabilityCVSS,domain#H.E-I.TH.8,domain#MS-LossOfExtrinsic-I-TW-Host
package#VulnerabilityCVSS,domain#H.E-M.SH.8,domain#MS-LossOfExtrinsic-M-TW-Host
package#VulnerabilityCVSS,domain#H.E-VA.H.8,domain#MS-LossOfExtrinsic-VA-TW-Host
package#VulnerabilityCVSS,domain#H.E-VL.H.8,domain#MS-LossOfExtrinsic-VL-TW-Host
package#VulnerabilityCVSS,domain#H.E-VN.H.8,domain#MS-LossOfExtrinsic-VN-TW-Host
package#VulnerabilityCVSS,domain#H.E-W.GH.8,domain#MS-LossOfExtrinsic-W-TW-Host
package#VulnerabilityCVSS,domain#H.J.GH.7,domain#MS-TrojanInsertion-Host
package#VulnerabilityCVSS,domain#H.L.HAC.4,domain#MS-LocalLossOfUserTW-HostAccess
package#VulnerabilityCVSS,domain#H.L.HAC.4,domain#MS-LocalLossOfUserTW-HostNetContext
package#VulnerabilityCVSS,domain#H.M.HAC.4,domain#MS-LocalLossOfControl-HostAccess
package#VulnerabilityCVSS,domain#H.M.HAC.4,domain#MS-LocalLossOfControl-HostNetContext
package#VulnerabilityCVSS,domain#H.M.HmACPAC.4,domain#MS-LocalLossOfControl-HostAccess
package#VulnerabilityCVSS,domain#H.V.CHS-iP.3,domain#MS-LossOfExploitTW-Host
package#VulnerabilityCVSS,domain#H.V.CHS-iP.3,domain#MS-LossOfExploitTW-HostAccess
package#VulnerabilityCVSS,domain#H.V.HAC.2,domain#MS-LossOfExploitTW-Host
package#VulnerabilityCVSS,domain#H.V.HAC.2,domain#MS-LossOfExploitTW-HostAccess
package#VulnerabilityCVSS,domain#H.V.HL1HS.2,domain#MS-LossOfExploitTW-Host
package#VulnerabilityCVSS,domain#H.V.HL1HS.2,domain#MS-LossOfExploitTW-ToContext
package#VulnerabilityCVSS,domain#H.V.HL1HS.3,domain#MS-LossOfExploitTW-Host
package#VulnerabilityCVSS,domain#H.V.HL1HS.3,domain#MS-LossOfExploitTW-ToContext
package#VulnerabilityCVSS,domain#H.V.IoH.2,domain#MS-LossOfExploitTW-Host
package#VulnerabilityCVSS,domain#H.V.IoH.2,domain#MS-LossOfExploitTW-HostAccess
package#VulnerabilityCVSS,domain#H.V.IoH.3,domain#MS-LossOfExploitTW-Host
package#VulnerabilityCVSS,domain#H.V.IoH.3,domain#MS-LossOfExploitTW-HostAccess
package#VulnerabilityCVSS,domain#H.V.LoH.2,domain#MS-LossOfExploitTW-Host
package#VulnerabilityCVSS,domain#H.V.LoH.2,domain#MS-LossOfExploitTW-HostAccess
package#VulnerabilityCVSS,domain#H.V.LoH.3,domain#MS-LossOfExploitTW-Host
package#VulnerabilityCVSS,domain#H.V.LoH.3,domain#MS-LossOfExploitTW-HostAccess
package#VulnerabilityCVSS,domain#H.V.NoH.2,domain#MS-LossOfExploitTW-Host
package#VulnerabilityCVSS,domain#H.V.NoH.2,domain#MS-LossOfExploitTW-HostAccess
package#VulnerabilityCVSS,domain#H.V.NoH.3,domain#MS-LossOfExploitTW-Host
package#VulnerabilityCVSS,domain#H.V.NoH.3,domain#MS-LossOfExploitTW-HostAccess
package#VulnerabilityCVSS,domain#H.W.HIoH.3,domain#MS-MalwareInfection-Host
package#VulnerabilityCVSS,domain#H.W.HLoH.3,domain#MS-MalwareInfection-Host
package#VulnerabilityCVSS,domain#H.W.HRoH.3,domain#MS-MalwareInfection-Host
package#VulnerabilityCVSS,domain#P.A.HP-iT.4,domain#MS-LossOfAvailability-Process
package#VulnerabilityCVSS,domain#P.A.HuDFrXSS.6,domain#MS-LossOfAvailability-Service
package#VulnerabilityCVSS,domain#P.A.HuDFsXSS.6,domain#MS-LossOfAvailability-Service
package#VulnerabilityCVSS,domain#P.A.HuDSrXSS.6,domain#MS-LossOfAvailability-Service
package#VulnerabilityCVSS,domain#P.A.HuDSsXSS.6,domain#MS-LossOfAvailability-Service
package#VulnerabilityCVSS,domain#P.E-A.HP-iT.8,domain#MS-LossOfExtrinsic-A-TW-Process
package#VulnerabilityCVSS,domain#P.E-AU.HP-iT.8,domain#MS-LossOfExtrinsic-AU-TW-Process
package#VulnerabilityCVSS,domain#P.E-C.HP-iT.8,domain#MS-LossOfExtrinsic-C-TW-Process
package#VulnerabilityCVSS,domain#P.E-I.HP-iT.8,domain#MS-LossOfExtrinsic-I-TW-Process
package#VulnerabilityCVSS,domain#P.E-M.SHP-iT.8,domain#MS-LossOfExtrinsic-M-TW-Process
package#VulnerabilityCVSS,domain#P.E-QI.HP-iT.8,domain#MS-LossOfExtrinsic-QI-TW-Process
package#VulnerabilityCVSS,domain#P.E-U.SHP-iT.8,domain#MS-LossOfExtrinsic-U-TW-Process
package#VulnerabilityCVSS,domain#P.E-VA.HP-iT.8,domain#MS-LossOfExtrinsic-VA-TW-Process
package#VulnerabilityCVSS,domain#P.E-VL.HP-iT.8,domain#MS-LossOfExtrinsic-VL-TW-Process
package#VulnerabilityCVSS,domain#P.E-VN.HP-iT.8,domain#MS-LossOfExtrinsic-VN-TW-Process
package#VulnerabilityCVSS,domain#P.E-W.HP-iT.8,domain#MS-LossOfExtrinsic-W-TW-Process
package#VulnerabilityCVSS,domain#P.E-XS.HP-iT.8,domain#MS-LossOfExtrinsic-XS-TW-Process
package#VulnerabilityCVSS,domain#P.L.HPAC.4,domain#MS-LocalLossOfUserTW-ProcAccess
package#VulnerabilityCVSS,domain#P.L.HPAC.4,domain#MS-LocalLossOfUserTW-ProcNetContext
package#VulnerabilityCVSS,domain#P.V.CCCSACvLS.2,domain#MS-LossOfExploitTW-ProcAccess
package#VulnerabilityCVSS,domain#P.V.CCCSACvLS.2,domain#MS-LossOfExploitTW-Service
package#VulnerabilityCVSS,domain#P.V.CCCS-iAC.2,domain#MS-LossOfExploitTW-ProcAccess
package#VulnerabilityCVSS,domain#P.V.CCCS-iAC.2,domain#MS-LossOfExploitTW-Service
package#VulnerabilityCVSS,domain#P.V.CCCvsCCSAC.2,domain#MS-LossOfExploitTW-ProcAccess
package#VulnerabilityCVSS,domain#P.V.CCCvsCCSAC.2,domain#MS-LossOfExploitTW-Service
package#VulnerabilityCVSS,domain#P.V.CSAPNaS.3,domain#MS-LossOfExploitTW-ProcAccess
package#VulnerabilityCVSS,domain#P.V.CSAPNaS.3,domain#MS-LossOfExploitTW-Service
package#VulnerabilityCVSS,domain#P.V.HACPmAC.2,domain#MS-LossOfExploitTW-ProcAccess
package#VulnerabilityCVSS,domain#P.V.HACPmAC.2,domain#MS-LossOfExploitTW-Process
package#VulnerabilityCVSS,domain#P.V.OSAPLaS.3,domain#MS-LossOfExploitTW-ProcAccess
package#VulnerabilityCVSS,domain#P.V.OSAPLaS.3,domain#MS-LossOfExploitTW-Service
package#VulnerabilityCVSS,domain#P.V.OSAPNaS.3,domain#MS-LossOfExploitTW-ProcAccess
package#VulnerabilityCVSS,domain#P.V.OSAPNaS.3,domain#MS-LossOfExploitTW-Service
package#VulnerabilityCVSS,domain#P.V.SPNaS.2,domain#MS-LossOfExploitTW-ProcAccess
package#VulnerabilityCVSS,domain#P.V.SPNaS.2,domain#MS-LossOfExploitTW-Service
package#VulnerabilityCVSS,domain#P.W.CCCS.3,domain#MS-MalwareInfection-Service
package#VulnerabilityCVSS,domain#P.W.HPDFDI.2,domain#MS-MalwareInfection-Process
package#VulnerabilityCVSS,domain#P.W.HPsACDSrDI.2,domain#MS-MalwareInfection-Process
package#VulnerabilityCVSS,domain#SC.A.HuCAPmSC.6.2,domain#MS-LossOfConnectivity-ServiceChannel
package#VulnerabilityCVSS,domain#SC.A.HuSAPmSC.6.2,domain#MS-LossOfConnectivity-ServiceChannel
