package,URI,hasEntryPoint
domain#000000,domain#000000,domain#TWAS-OutOfService-CoreNetwork
package#5G,domain#LS.IS.CNCN.8,domain#TWAS-OutOfService-CoreNetwork
package#Application,domain#D.C.HuiPiDCHS.3,domain#TWAS-Astuteness-Human
package#Application,domain#D.C.HuiPiDCHS.3,domain#TWAS-OccupantTW-Space
package#Application,domain#D.C.HuiPiDCHS.3,domain#TWAS-OutOfService-Process
package#Application,domain#D.C.HuiRACHSPiD.3,domain#TWAS-Astuteness-Human
package#Application,domain#D.C.HuiRACHSPiD.3,domain#TWAS-OccupantTW-Space
package#Application,domain#D.C.HuiRACHSPiD.3,domain#TWAS-OutOfService-Process
package#Application,domain#H.W.HuHWES.3,domain#TWAS-Astuteness-Human
package#CloudManagement,domain#DF.A.PDF.6.2,domain#TWAS-Authenticity-DataFlow
package#DataLifecycle,domain#D.C.HuiPv-iD-FCHS.3,domain#TWAS-Astuteness-Human
package#DataLifecycle,domain#D.C.HuiPv-iD-FCHS.3,domain#TWAS-OccupantTW-Space
package#DataLifecycle,domain#D.C.HuiPv-iD-FCHS.3,domain#TWAS-OutOfService-Process
package#DataLifecycle,domain#D.C.HuiPv-iDFCHS.3,domain#TWAS-Astuteness-Human
package#DataLifecycle,domain#D.C.HuiPv-iDFCHS.3,domain#TWAS-OccupantTW-Space
package#DataLifecycle,domain#D.C.HuiPv-iDFCHS.3,domain#TWAS-OutOfService-DataFlow
package#DataLifecycle,domain#D.C.HuiPv-iDFCHS.3,domain#TWAS-OutOfService-Process
package#DataLifecycle,domain#D.C.HuiRACv-iDFCHS.3,domain#TWAS-Astuteness-Human
package#DataLifecycle,domain#D.C.HuiRACv-iDFCHS.3,domain#TWAS-OccupantTW-Space
package#DataLifecycle,domain#D.C.HuiRACv-iDFCHS.3,domain#TWAS-OutOfService-DataFlow
package#DataLifecycle,domain#D.C.HuiRACv-iDFCHS.3,domain#TWAS-OutOfService-Process
package#DataLifecycle,domain#D.I.D.0,domain#TWAS-Authenticity-Data
package#DataLifecycle,domain#DB.O.DA-VDBs-pDA.6,domain#TWAS-DefaultTW-Service
package#DataLifecycle,domain#DB.O.DA-VDBs-pDA.6,domain#TWAS-OutOfService-Service
package#DataLifecycle,domain#DB.O.DBs-pDADA-V.6,domain#TWAS-DefaultTW-Service
package#DataLifecycle,domain#DB.O.DBs-pDADA-V.6,domain#TWAS-OutOfService-Service
package#DataLifecycle,domain#DB.O.DSPDF-VDB.6.1,domain#TWAS-OutOfService-Service
package#DataLifecycle,domain#DB.O.DSPDF-VDB.6.2,domain#TWAS-OutOfService-Service
package#DataLifecycle,domain#DB.O.DSPDFVDB.6.1,domain#TWAS-OutOfService-Service
package#DataLifecycle,domain#DB.O.DSPDFVDB.6.2,domain#TWAS-OutOfService-Service
package#DataLifecycle,domain#DF.A.CSDF-VdDA2.6,domain#TWAS-DefaultTW-Data
package#DataLifecycle,domain#DF.A.PDF.6.1,domain#TWAS-DefaultTW-Data
package#DataLifecycle,domain#DF.A.PDF.6.3,domain#TWAS-Integrity-DataFlow
package#DataLifecycle,domain#DF.A.PDF.6.4,domain#TWAS-Health-DataFlow
package#DataLifecycle,domain#DF.Auth.HuWEDF.3,domain#TWAS-Astuteness-Human
package#DataLifecycle,domain#DF.Auth.HuWESDF.3,domain#TWAS-Astuteness-Human
package#DataLifecycle,domain#DF.Auth.HuWSMSDF.3,domain#TWAS-Astuteness-Human
package#DataLifecycle,domain#DF.W.HPDADF.7,domain#TWAS-Health-Process
package#DataLifecycle,domain#DF.W.HPDADF.7,domain#TWAS-OutOfService-Process
package#DataLifecycle,domain#DF.X.PDF-V.6,domain#TWAS-DefaultTW-Data
package#DataLifecycle,domain#DF.X.PDFV.6,domain#TWAS-DefaultTW-Data
package#DataLifecycle,domain#DF.Y.PDF-V.8,domain#TWAS-DefaultTW-Data
package#DataLifecycle,domain#DS.A.HDS.7,domain#TWAS-Health-Host
package#DataLifecycle,domain#DS.A.HDS.7,domain#TWAS-OutOfService-Host
package#DataLifecycle,domain#DS.A.HPsACDAdDS.1,domain#TWAS-UserTW-ProcAccess
package#DataLifecycle,domain#DS.A.HPsACDAdDS.7,domain#TWAS-Health-Process
package#DataLifecycle,domain#DS.A.HPsACDAdDS.7,domain#TWAS-OutOfService-Process
package#DataLifecycle,domain#DS.A.HsACDS.1.2,domain#TWAS-Control-HostAccess
package#DataLifecycle,domain#DS.A.HsACDS.1.3,domain#TWAS-OutOfService-Host
package#DataLifecycle,domain#DS.A.HsACDS.1.3,domain#TWAS-UserTW-HostAccess
package#DataLifecycle,domain#DS.A.PHHDS.3,domain#TWAS-OccupantTW-Space
package#DataLifecycle,domain#DS.Auth.HPsACd-pDS-V.1,domain#TWAS-UserTW-ProcAccess
package#DataLifecycle,domain#DS.Auth.HPsACd-pDS-V.1.6,domain#TWAS-UserTW-ProcAccess
package#DataLifecycle,domain#DS.Auth.HPsACdpDS-V.1,domain#TWAS-UserTW-ProcAccess
package#DataLifecycle,domain#DS.Auth.HsACDS-V.1.2,domain#TWAS-Control-HostAccess
package#DataLifecycle,domain#DS.Auth.HsACDS-V.1.3,domain#TWAS-OutOfService-Host
package#DataLifecycle,domain#DS.Auth.HsACDS-V.1.3,domain#TWAS-UserTW-HostAccess
package#DataLifecycle,domain#DS.C.HPsACr-pDS-V.1,domain#TWAS-UserTW-ProcAccess
package#DataLifecycle,domain#DS.C.HPsACr-pDS-V.1.6,domain#TWAS-UserTW-ProcAccess
package#DataLifecycle,domain#DS.C.HPsACrpDS-V.1,domain#TWAS-UserTW-ProcAccess
package#DataLifecycle,domain#DS.C.HsACDS-V.1.2,domain#TWAS-Control-HostAccess
package#DataLifecycle,domain#DS.C.HsACDS-V.1.3,domain#TWAS-OutOfService-Host
package#DataLifecycle,domain#DS.C.HsACDS-V.1.3,domain#TWAS-UserTW-HostAccess
package#DataLifecycle,domain#DS.W.HPsACDAdDS.7,domain#TWAS-Health-Process
package#DataLifecycle,domain#DS.W.HPsACDAdDS.7,domain#TWAS-OutOfService-Process
package#DataLifecycle,domain#DS.X.HDS-V.6,domain#TWAS-DefaultTW-Host
package#DataLifecycle,domain#DS.X.HDSV.6,domain#TWAS-DefaultTW-Host
package#DataLifecycle,domain#DS.Y.HDS-V.8,domain#TWAS-DefaultTW-Host
package#DataLifecycle,domain#Hu.U.HuirPv-iD.0,domain#TWAS-Competence-Human
package#DataLifecycle,domain#Hu.U.HuirPvDF.0,domain#TWAS-Competence-Human
package#DataLifecycle,domain#Hu.U.HuirPvDF.3,domain#TWAS-Astuteness-Human
package#DataLifecycle,domain#Hu.U.HuirPvDF.3,domain#TWAS-Authenticity-DataFlow
package#DataLifecycle,domain#Hu.U.HuirPvDF.3,domain#TWAS-OutOfService-DataFlow
package#DataLifecycle,domain#Hu.U.HuirPvDS.0,domain#TWAS-Competence-Human
package#DataLifecycle,domain#Hu.U.HuirPvDS.3,domain#TWAS-Astuteness-Human
package#DataLifecycle,domain#Hu.U.HuirPvDS.3,domain#TWAS-Authenticity-DataCopy
package#DataLifecycle,domain#P.A.PcPuDS-V.6,domain#TWAS-DefaultTW-Data
package#DataLifecycle,domain#P.L.HPcDSDI.3,domain#TWAS-Authenticity-DataCopy
package#DataLifecycle,domain#P.L.PcDFDI.3,domain#TWAS-Authenticity-DataFlow
package#DataLifecycle,domain#P.O.DA-VPpDA.6,domain#TWAS-DefaultTW-Process
package#DataLifecycle,domain#P.O.DA-VPpDA.6,domain#TWAS-OutOfService-Process
package#DataLifecycle,domain#P.O.PpDADA-V.6,domain#TWAS-DefaultTW-Process
package#DataLifecycle,domain#P.O.PpDADA-V.6,domain#TWAS-OutOfService-Process
package#DataLifecycle,domain#P.T.PcPr-uDS-V.6,domain#TWAS-DefaultTW-Data
package#DataLifecycle,domain#P.U.HP-iDSDI.3,domain#TWAS-Authenticity-DataCopy
package#DataLifecycle,domain#P.U.P-iDFDI.3,domain#TWAS-Authenticity-DataFlow
package#IoT,domain#Co.A.Co.6,domain#TWAS-DefaultTW-Controller
package#IoT,domain#DF.A.DScSePDmFF.3,domain#TWAS-Authenticity-DataCopy
package#IoT,domain#DF.Auth.DScSePDmFF.3,domain#TWAS-Authenticity-DataCopy
package#LocalDeviceConnectivity,domain#H.J.UHS.3,domain#TWAS-OccupantTW-Space
package#LocalDeviceConnectivity,domain#H.W.HL1H.3,domain#TWAS-Health-RemoteHost
package#LocalDeviceConnectivity,domain#H.W.HL1H.3,domain#TWAS-OutOfService-RemoteHost
package#LocalDeviceConnectivity,domain#H.W.UHS.3,domain#TWAS-OccupantTW-Space
package#LocalDeviceConnectivity,domain#I.Auth.HBISG.3,domain#TWAS-OccupantTW-Space
package#LocalDeviceConnectivity,domain#I.Auth.HBImSG.6,domain#TWAS-OccupantTW-OtherSpace
package#LocalDeviceConnectivity,domain#I.Auth.HUISG.3,domain#TWAS-OccupantTW-Space
package#LocalDeviceConnectivity,domain#LS.L.HL1HS.1,domain#TWAS-OutOfService-RemoteHost
package#LocalDeviceConnectivity,domain#LS.L.HL1HS.1,domain#TWAS-UserTW-FromContext
package#LocalDeviceConnectivity,domain#Sg.A.L1SSg2.6.1,domain#TWAS-DefaultTW-Gateway
package#LocalDeviceConnectivity,domain#Sg.A.LTethSg2.6.1,domain#TWAS-DefaultTW-Gateway
package#LocalDeviceConnectivity,domain#Sg.DA.L1SSg2AC.1,domain#TWAS-Control-HostAccess
package#LocalDeviceConnectivity,domain#Sg.DA.L1SSg2AC.1,domain#TWAS-OutOfService-FromHost
package#LocalDeviceConnectivity,domain#Sg.DA.L1SSg2AC.1,domain#TWAS-OutOfService-Gateway
package#LocalDeviceConnectivity,domain#Sg.TA.L1SSg2.8,domain#TWAS-OutOfService-FwdSegment
package#LocalDeviceConnectivity,domain#Sg.TA.LTethSg2.8,domain#TWAS-OutOfService-FwdSegment
package#LocalDeviceConnectivity,domain#Sg.TA.LTethSg2AC.1,domain#TWAS-Control-HostAccess
package#LocalDeviceConnectivity,domain#Sg.TA.LTethSg2AC.1,domain#TWAS-OutOfService-Gateway
package#LocalDeviceConnectivity,domain#Sg.TA.LTethSg2AC.1,domain#TWAS-OutOfService-LogicalSubnet
package#Network,domain#DC.A.DC.0,domain#TWAS-Capacity-DataCentre
package#Network,domain#DC.RTW.StDC.1,domain#TWAS-Benevolence-Operator
package#Network,domain#H.J.PHS-iC.3,domain#TWAS-OccupantTW-Space
package#Network,domain#H.A.H.1.1,domain#TWAS-ResourceTW-Host
package#Network,domain#H.A.H.5,domain#TWAS-IntrinsicTW-Host
package#Network,domain#H.A.H.6.1,domain#TWAS-DefaultTW-Host
package#Network,domain#H.A.HsAC.1.2,domain#TWAS-Control-HostAccess
package#Network,domain#H.A.HumH.6.2,domain#TWAS-ExploitTW-Host
package#Network,domain#H.A.HumH.6.4,domain#TWAS-Health-Host
package#Network,domain#H.A.PHS.3,domain#TWAS-OccupantTW-Space
package#Network,domain#H.E-D.H.8,domain#TWAS-ExtrinsicTW-Host
package#Network,domain#H.IS.PH.8,domain#TWAS-DefaultTW-Host
package#Network,domain#H.IS.PHS-iP.1,domain#TWAS-OccupantTW-Space
package#Network,domain#H.L.CHS-iP.3.1,domain#TWAS-OccupantTW-Space
package#Network,domain#H.L.HmAC.1,domain#TWAS-UserTW-Host
package#Network,domain#H.L.HuiHSt.1,domain#TWAS-Astuteness-Human
package#Network,domain#H.L.HuiHSt.1,domain#TWAS-Benevolence-Employer
package#Network,domain#H.L.HuiHoSt.1,domain#TWAS-Benevolence-Human
package#Network,domain#H.L.SHAC.1,domain#TWAS-Control-HostAccess
package#Network,domain#H.L.SHmACPAC.1,domain#TWAS-UserTW-ProcAccess
package#Network,domain#H.M.CHS.3.1,domain#TWAS-OccupantTW-Space
package#Network,domain#H.M.HmAC.1.1,domain#TWAS-ResourceTW-Host
package#Network,domain#H.M.HmAC.1.2,domain#TWAS-Control-Host
package#Network,domain#H.M.HumCHS-iP.3.2,domain#TWAS-Astuteness-Human
package#Network,domain#H.M.HumCHS-iP.3.2,domain#TWAS-OccupantTW-Space
package#Network,domain#H.M.HumHSt.1,domain#TWAS-Astuteness-HostManager
package#Network,domain#H.M.HumHSt.1,domain#TWAS-Benevolence-Employer
package#Network,domain#H.M.HumHoSt.1,domain#TWAS-Benevolence-HostManager
package#Network,domain#H.M.SHmACRLnSAC.1,domain#TWAS-OutOfService-RemoteAccessService
package#Network,domain#H.M.SHmACRLnSAC.1,domain#TWAS-UserTW-ProcAccess
package#Network,domain#H.RTW.DCH.1,domain#TWAS-ResourceTW-DataCentre
package#Network,domain#H.RTW.StH.1,domain#TWAS-Benevolence-Operator
package#Network,domain#H.U.H.5,domain#TWAS-IntrinsicTW-Host
package#Network,domain#H.W.HuHE.3,domain#TWAS-Astuteness-Human
package#Network,domain#LS.A.HprLS.1.1,domain#TWAS-ResourceTW-Gateway
package#Network,domain#LS.A.HprLS.6.1,domain#TWAS-DefaultTW-Gateway
package#Network,domain#LS.A.HprLSAC.1.2,domain#TWAS-Control-HostAccess
package#Network,domain#LS.AX.LSaS.3,domain#TWAS-OccupantTW-Space
package#Network,domain#LS.IS.HprLS.8,domain#TWAS-OutOfService-Gateway
package#Network,domain#LS.IS.HprLSAC.1,domain#TWAS-Control-HostAccess
package#Network,domain#LS.IS.LS-prH.8,domain#TWAS-DefaultTW-LogicalSubnet
package#Network,domain#LS.IS.WHmWS.8,domain#TWAS-OutOfService-LogicalSubnet
package#Network,domain#LS.L.HL23S.1.3,domain#TWAS-OutOfService-Host
package#Network,domain#LS.L.HL23S.1.3,domain#TWAS-UserTW-HostAccess
package#Network,domain#LS.L.HprL23S-AP.3,domain#TWAS-NetworkAccessibility-LogicalSubnet
package#Network,domain#LS.L.HprL23SAS-P.1,domain#TWAS-NetworkAccessibility-Subnet
package#Network,domain#LS.L.L23S-AHP.1,domain#TWAS-NetworkAccessibility-LogicalSubnet
package#Network,domain#LS.L.L23SAS-HP.1,domain#TWAS-NetworkAccessibility-Subnet
package#Network,domain#LS.L.THL23S.1.2,domain#TWAS-Control-HostAccess
package#Network,domain#LS.L.THL23S.1.2,domain#TWAS-OutOfService-Host
package#Network,domain#LS.M.HprL23SAC.1,domain#TWAS-Control-HostAccess
package#Network,domain#P.J.SHP-iT.7,domain#TWAS-Health-Process
package#Network,domain#P.J.SHP-iT.7,domain#TWAS-OutOfService-Process
package#Network,domain#P.A.HP-iT.1.3,domain#TWAS-UserTW-Process
package#Network,domain#P.A.HP-iT.5,domain#TWAS-IntrinsicTW-Process
package#Network,domain#P.A.HP.1.1,domain#TWAS-ResourceTW-Host
package#Network,domain#P.A.HsACP.1.2,domain#TWAS-Control-HostAccess
package#Network,domain#P.A.HuiHP.6,domain#TWAS-DefaultTW-Host
package#Network,domain#P.A.HuiHPSP.6,domain#TWAS-DefaultTW-Host
package#Network,domain#P.A.HumHP-iT.6.2,domain#TWAS-ExploitTW-Process
package#Network,domain#P.A.HumHP-iT.6.4,domain#TWAS-Health-Process
package#Network,domain#P.E-D.HP.8,domain#TWAS-ExtrinsicTW-Process
package#Network,domain#P.IS.HP.8,domain#TWAS-OutOfService-Host
package#Network,domain#P.IS.HPsAC.1,domain#TWAS-OutOfService-Host
package#Network,domain#P.IS.HPsAC.1,domain#TWAS-UserTW-ProcAccess
package#Network,domain#P.L.HPmAC.1,domain#TWAS-UserTW-Process
package#Network,domain#P.L.HuHE2AC.3,domain#TWAS-Astuteness-Human
package#Network,domain#P.L.HuiPCHS-iP.3.2,domain#TWAS-Astuteness-Human
package#Network,domain#P.L.HuiPCHS-iP.3.2,domain#TWAS-OccupantTW-Space
package#Network,domain#P.L.HuiPCHS-iP.3.3,domain#TWAS-Astuteness-Human
package#Network,domain#P.L.HuiPCHS-iP.3.3,domain#TWAS-OccupantTW-Space
package#Network,domain#P.L.HuiPCHS.3.1,domain#TWAS-OccupantTW-Space
package#Network,domain#P.L.HuiPSt.1,domain#TWAS-Astuteness-Human
package#Network,domain#P.L.HuiPSt.1,domain#TWAS-Benevolence-Employer
package#Network,domain#P.L.HuiPoSt.1,domain#TWAS-Benevolence-Human
package#Network,domain#P.L.SHACPmAC.1,domain#TWAS-Control-HostAccess
package#Network,domain#P.L.SHLnSACPmAC.1,domain#TWAS-OutOfService-RemoteAccessService
package#Network,domain#P.L.SHLnSACPmAC.1,domain#TWAS-UserTW-AccessContext
package#Network,domain#P.O.HP-iT.5,domain#TWAS-IntrinsicTW-Process
package#Network,domain#P.O.HP-iT.5,domain#TWAS-OutOfService-Process
package#Network,domain#P.U.HP-iT.5,domain#TWAS-IntrinsicTW-Process
package#Network,domain#P.W.HP-iT.7,domain#TWAS-Health-Host
package#Network,domain#P.W.HP-iT.7,domain#TWAS-OutOfService-Host
package#NetworkConnectivity,domain#H.L.IoH.3,domain#TWAS-ConnectionsBlocked-Interface
package#NetworkConnectivity,domain#H.L.IoH.3,domain#TWAS-ConnectionsBlocked-NetworkPath
package#NetworkConnectivity,domain#H.L.IoH.3,domain#TWAS-NetworkUserTW-AttackerSubnet
package#NetworkConnectivity,domain#H.L.NoH.3,domain#TWAS-ConnectionsBlocked-Interface
package#NetworkConnectivity,domain#H.L.NoH.3,domain#TWAS-ConnectionsBlocked-NetworkPath
package#NetworkConnectivity,domain#H.L.NoH.3,domain#TWAS-NetworkUserTW-AttackerSubnet
package#NetworkConnectivity,domain#H.M.IoH.3,domain#TWAS-ConnectionsBlocked-Interface
package#NetworkConnectivity,domain#H.M.IoH.3,domain#TWAS-ConnectionsBlocked-NetworkPath
package#NetworkConnectivity,domain#H.M.IoH.3,domain#TWAS-NetworkUserTW-AttackerSubnet
package#NetworkConnectivity,domain#H.M.NoH.3,domain#TWAS-ConnectionsBlocked-Interface
package#NetworkConnectivity,domain#H.M.NoH.3,domain#TWAS-ConnectionsBlocked-NetworkPath
package#NetworkConnectivity,domain#H.M.NoH.3,domain#TWAS-NetworkUserTW-AttackerSubnet
package#NetworkConnectivity,domain#H.M.RIoH.7,domain#TWAS-ConnectionsBlocked-NetworkPath
package#NetworkConnectivity,domain#H.M.RIoH.7,domain#TWAS-NetworkUserTW-AttackerSubnet
package#NetworkConnectivity,domain#H.M.RIoH.7,domain#TWAS-OutOfService-Interface
package#NetworkConnectivity,domain#H.M.RIoH.7,domain#TWAS-TrojanTW-Host
package#NetworkConnectivity,domain#H.M.RNoH.7,domain#TWAS-ConnectionsBlocked-NetworkPath
package#NetworkConnectivity,domain#H.M.RNoH.7,domain#TWAS-NetworkUserTW-AttackerSubnet
package#NetworkConnectivity,domain#H.M.RNoH.7,domain#TWAS-OutOfService-Interface
package#NetworkConnectivity,domain#H.M.RNoH.7,domain#TWAS-TrojanTW-Host
package#NetworkConnectivity,domain#I.A.GdHRS.6,domain#TWAS-DefaultTW-RadioSubnet
package#NetworkConnectivity,domain#I.A.GdHRSi.6,domain#TWAS-DefaultTW-LogicalSubnet
package#NetworkConnectivity,domain#I.A.GdHWS.6,domain#TWAS-DefaultTW-LogicalSubnet
package#NetworkConnectivity,domain#I.A.I.6.1,domain#TWAS-DefaultTW-Host
package#NetworkConnectivity,domain#I.Auth.HRSGSoS.3,domain#TWAS-OccupantTW-Space
package#NetworkConnectivity,domain#I.Auth.HSRSoGS.3,domain#TWAS-OccupantTW-Space
package#NetworkConnectivity,domain#I.Auth.HSWSoGS.3,domain#TWAS-OccupantTW-Space
package#NetworkConnectivity,domain#I.Auth.HWSGSoS.3,domain#TWAS-OccupantTW-Space
package#NetworkConnectivity,domain#I.DA.I.8,domain#TWAS-OutOfService-Interface
package#NetworkConnectivity,domain#I.DA.PACI.8.1,domain#TWAS-OutOfService-Host
package#NetworkConnectivity,domain#I.DA.PACI.8.1,domain#TWAS-OutOfService-LogicalSubnet
package#NetworkConnectivity,domain#I.DA.PACI.8.1,domain#TWAS-UserTW-AccessContext
package#NetworkConnectivity,domain#I.IS.I.8,domain#TWAS-OutOfService-Host
package#NetworkConnectivity,domain#I.IS.I.8,domain#TWAS-OutOfService-LogicalSubnet
package#NetworkConnectivity,domain#I.IS.INC.1,domain#TWAS-Control-HostAccess
package#NetworkConnectivity,domain#I.IS.INC.1,domain#TWAS-OutOfService-Host
package#NetworkConnectivity,domain#I.IS.INC.1,domain#TWAS-OutOfService-LogicalSubnet
package#NetworkConnectivity,domain#I.M.I.8,domain#TWAS-OutOfService-Interface
package#NetworkConnectivity,domain#I.O.DDoH.3,domain#TWAS-ConnectionsBlocked-NetworkPath
package#NetworkConnectivity,domain#I.O.DDoH.3,domain#TWAS-NetworkControl-AttackerSubnet
package#NetworkConnectivity,domain#I.O.DDoH.3,domain#TWAS-OutOfService-Interface
package#NetworkConnectivity,domain#I.O.HIoH.3.1,domain#TWAS-NetworkUserTW-LogicalSubnet
package#NetworkConnectivity,domain#I.O.HIoH.3.1,domain#TWAS-OutOfService-Interface
package#NetworkConnectivity,domain#I.O.HIoH.3.2,domain#TWAS-NetworkControl-LogicalSubnet
package#NetworkConnectivity,domain#I.O.HIoH.3.2,domain#TWAS-OutOfService-Interface
package#NetworkConnectivity,domain#I.O.IoH.3,domain#TWAS-ConnectionsBlocked-NetworkPath
package#NetworkConnectivity,domain#I.O.IoH.3,domain#TWAS-NetworkUserTW-AttackerSubnet
package#NetworkConnectivity,domain#I.O.IoH.3,domain#TWAS-OutOfService-Interface
package#NetworkConnectivity,domain#I.O.LoH.3,domain#TWAS-NetworkUserTW-LogicalSubnet
package#NetworkConnectivity,domain#I.O.LoH.3,domain#TWAS-OutOfService-Interface
package#NetworkConnectivity,domain#I.O.RoH.3,domain#TWAS-ConnectionsBlocked-NetworkPath
package#NetworkConnectivity,domain#I.O.RoH.3,domain#TWAS-NetworkUserTW-AttackerSubnet
package#NetworkConnectivity,domain#I.O.RoH.3,domain#TWAS-OutOfService-Interface
package#NetworkConnectivity,domain#LS.C.WiFiSSoH.3,domain#TWAS-OccupantTW-Space
package#NetworkConnectivity,domain#LS.C.WiFiSSoH.3,domain#TWAS-OutOfService-RadioSubnet
package#NetworkConnectivity,domain#NP.DA.NPLS.8,domain#TWAS-OutOfService-LogicalSubnet
package#NetworkConnectivity,domain#NP.DA.NPmLSmSg.8,domain#TWAS-ConnectionsBlocked-LogicalSegment
package#NetworkConnectivity,domain#NP.DA.NPmLSmSg.8,domain#TWAS-OutOfService-LogicalSubnet
package#NetworkConnectivity,domain#Sg.A.L3SSg2.6.1,domain#TWAS-DefaultTW-Gateway
package#NetworkConnectivity,domain#Sg.DA.L3SSg2-b.8,domain#TWAS-OutOfService-FwdSegment
package#NetworkConnectivity,domain#Sg.DA.L3SSg2AC-b.1,domain#TWAS-Control-HostAccess
package#NetworkConnectivity,domain#Sg.DA.L3SSg2AC-b.1,domain#TWAS-OutOfService-FromSubnet
package#NetworkConnectivity,domain#Sg.DA.L3SSg2AC-b.1,domain#TWAS-OutOfService-Gateway
package#NetworkConnectivity,domain#Sg.DA.L3SSg2AC-b.1,domain#TWAS-OutOfService-ToSubnet
package#NetworkConnectivity,domain#Sg.DA.L3SSg2PAC.1,domain#TWAS-OutOfService-FromSubnet
package#NetworkConnectivity,domain#Sg.DA.L3SSg2PAC.1,domain#TWAS-OutOfService-Gateway
package#NetworkConnectivity,domain#Sg.DA.L3SSg2PAC.1,domain#TWAS-OutOfService-ToSubnet
package#NetworkConnectivity,domain#Sg.DA.L3SSg2PAC.1,domain#TWAS-UserTW-AccessContext
package#NetworkConnectivity,domain#Sg.IS.Sg.8,domain#TWAS-OutOfService-InboundIF
package#NetworkConnectivity,domain#Sg.IS.Sg.8,domain#TWAS-OutOfService-OutboundIF
package#Physical,domain#S.L.HuPSSt.1,domain#TWAS-Astuteness-Human
package#Physical,domain#S.L.HuPSSt.1,domain#TWAS-Benevolence-Employer
package#Physical,domain#S.L.HuPSoSt.1,domain#TWAS-Benevolence-Human
package#Physical,domain#S.L.PPS.1,domain#TWAS-PhysicalControl-Space
package#Physical,domain#S.L.PSS.3,domain#TWAS-OccupantTW-Entrance
package#Physical,domain#S.L.PScSt.1,domain#TWAS-Benevolence-Stakeholder
package#ProcessComms,domain#CAP.IS.NPSCCAP.8,domain#TWAS-OutOfService-ServiceChannel
package#ProcessComms,domain#CAP.IS.SCmCAP.8,domain#TWAS-OutOfService-ServiceChannel
package#ProcessComms,domain#CC.AX.CCC-nS.6.1.1,domain#TWAS-DefaultTW-Service
package#ProcessComms,domain#CC.AX.CCC-nS.6.1.3,domain#TWAS-DefaultTW-Service
package#ProcessComms,domain#CC.AX.CCC-nmCCS.6.1.5,domain#TWAS-DefaultTW-Service
package#ProcessComms,domain#CC.AX.CCC-nmSCS.6.1.5,domain#TWAS-DefaultTW-Service
package#ProcessComms,domain#CC.AX.CCCS.1.3,domain#TWAS-ServiceTW-ClientChannel
package#ProcessComms,domain#CC.AX.CCCS.6.1,domain#TWAS-DefaultTW-Service
package#ProcessComms,domain#CC.AX.CCCS.6.2,domain#TWAS-ClientAuthenticity-ClientChannel
package#ProcessComms,domain#CC.AX.CCCS.6.3,domain#TWAS-ClientTW-ClientChannel
package#ProcessComms,domain#CC.AX.HuCCC-nS.6.1.2,domain#TWAS-Astuteness-Human
package#ProcessComms,domain#CC.AX.HuCCC-nS.6.1.7,domain#TWAS-DefaultTW-Service
package#ProcessComms,domain#CC.AuA.CCAPNaS.1,domain#TWAS-NetworkUserTW-LogicalSubnet
package#ProcessComms,domain#CC.AuA.CCAPNaS.1,domain#TWAS-OutOfService-AttackPath
package#ProcessComms,domain#CC.AuA.OCAPNaS.1,domain#TWAS-NetworkUserTW-LogicalSubnet
package#ProcessComms,domain#CC.AuA.OCAPNaS.1,domain#TWAS-OutOfService-AttackPath
package#ProcessComms,domain#CC.AuC.CACHcLSS.1,domain#TWAS-OutOfService-ClientAttackPath
package#ProcessComms,domain#CC.AuC.CACHcLSS.1,domain#TWAS-OutOfService-ClientChannel
package#ProcessComms,domain#CC.AuC.CACHcLSS.1,domain#TWAS-UserTW-ProcNetContext
package#ProcessComms,domain#CC.AuC.CACSSaS.3.2,domain#TWAS-ServiceAuthenticity-ClientChannel
package#ProcessComms,domain#CC.AuC.CACSScS.1,domain#TWAS-ClientTW-ClientChannel
package#ProcessComms,domain#CC.AuC.CACSScS.1,domain#TWAS-OutOfService-ClientChannel
package#ProcessComms,domain#CC.AuC.CACSScS.3.1,domain#TWAS-OutOfService-ClientChannel
package#ProcessComms,domain#CC.AuC.CACSScS.3.1,domain#TWAS-ServiceTW-ClientChannel
package#ProcessComms,domain#CC.AuC.CACSScS.3.2,domain#TWAS-OutOfService-AuthChannel
package#ProcessComms,domain#CC.AuC.CACSScS.3.2,domain#TWAS-ServiceAuthenticity-AuthChannel
package#ProcessComms,domain#CC.AuC.CACSScS.3.3,domain#TWAS-ChannelConfidentiality-ClientChannel
package#ProcessComms,domain#CC.AuC.CACSScS.3.3,domain#TWAS-OutOfService-ClientChannel
package#ProcessComms,domain#CC.AuC.CCC-nS-i.1,domain#TWAS-AnonUserTW-ClientChannel
package#ProcessComms,domain#CC.AuC.CCC-nS-i.1,domain#TWAS-OutOfService-ClientChannel
package#ProcessComms,domain#CC.AuC.CCC-nS.3.2,domain#TWAS-OutOfService-ClientChannel
package#ProcessComms,domain#CC.AuC.CCC-nS.3.2,domain#TWAS-ServiceAuthenticity-ClientChannel
package#ProcessComms,domain#CC.AuC.CCC-nS.3.3,domain#TWAS-ChannelConfidentiality-ClientChannel
package#ProcessComms,domain#CC.AuC.CCC-nS.3.3,domain#TWAS-OutOfService-ClientChannel
package#ProcessComms,domain#CC.AuC.CCCvsCC-nS.1,domain#TWAS-AnonUserTW-ProxyChannel
package#ProcessComms,domain#CC.AuC.CCCvsCC-nS.1,domain#TWAS-OutOfService-ProxyChannel
package#ProcessComms,domain#CC.AuC.HuDFTCS.3,domain#TWAS-Astuteness-Human
package#ProcessComms,domain#CC.AuC.HuDFTCS.3,domain#TWAS-Authenticity-DataFlow
package#ProcessComms,domain#CC.AuC.HuDSTCS.3,domain#TWAS-Astuteness-Human
package#ProcessComms,domain#CC.AuC.HuDSTCS.3,domain#TWAS-Authenticity-DataCopy
package#ProcessComms,domain#CC.AuC.HuiHCCC-nS.3.3,domain#TWAS-Astuteness-Human
package#ProcessComms,domain#CC.AuC.HuiHCCC-nS.3.3,domain#TWAS-OccupantTW-Space
package#ProcessComms,domain#CC.AuC.HuiHrCCC-nS.3.3,domain#TWAS-Astuteness-Human
package#ProcessComms,domain#CC.AuC.HuiHrCCC-nS.3.3,domain#TWAS-OccupantTW-Space
package#ProcessComms,domain#CC.AuC.HumCCC-nS.3,domain#TWAS-Astuteness-Human
package#ProcessComms,domain#CC.AuD.CCCPCCS-i.3,domain#TWAS-OutOfService-ClientChannel
package#ProcessComms,domain#CC.AuD.CCCPCCS-i.3,domain#TWAS-ProxyUserTW-ClientChannel
package#ProcessComms,domain#CC.AuD.CCCSCCS-i.3,domain#TWAS-ClientTW-ClientChannel
package#ProcessComms,domain#CC.AuD.CCCSCCS-i.3,domain#TWAS-OutOfService-ClientChannel
package#ProcessComms,domain#CC.AuP.CCCPCCS-i.3,domain#TWAS-ClientTW-ClientChannel
package#ProcessComms,domain#CC.AuP.CCCPCCS-i.3,domain#TWAS-OutOfService-ClientChannel
package#ProcessComms,domain#CC.AuP.PCCPCCS-i.3,domain#TWAS-OutOfService-ClientChannel
package#ProcessComms,domain#CC.AuP.PCCPCCS-i.3,domain#TWAS-ProxyUserTW-ClientChannel
package#ProcessComms,domain#CC.AuS.CACSScS.3.1,domain#TWAS-OutOfService-ClientChannel
package#ProcessComms,domain#CC.AuS.CACSScS.3.1,domain#TWAS-ServiceTW-ClientChannel
package#ProcessComms,domain#CC.AuS.CRoS.3,domain#TWAS-NetworkControl-LogicalSubnet
package#ProcessComms,domain#CC.AuS.CRoS.3,domain#TWAS-OutOfService-ClientPath
package#ProcessComms,domain#CC.AuS.CRoSG.3,domain#TWAS-Control-HostAccess
package#ProcessComms,domain#CC.AuS.CRoSG.3,domain#TWAS-OutOfService-ClientPath
package#ProcessComms,domain#CC.AuS.CRoSI.3,domain#TWAS-NetworkAuthenticity-Interface
package#ProcessComms,domain#CC.AuS.CRoSI.3,domain#TWAS-OutOfService-ClientPath
package#ProcessComms,domain#CC.C.CCCSCSoAC.3,domain#TWAS-ChannelConfidentiality-ServiceChannel
package#ProcessComms,domain#CC.C.CCCSCSoAC.3,domain#TWAS-OutOfService-ServiceChannel
package#ProcessComms,domain#CC.IS.CSCCSC.8,domain#TWAS-OutOfService-Service
package#ProcessComms,domain#CC.IS.CSCCSC.8,domain#TWAS-OutOfService-ServiceChannel
package#ProcessComms,domain#CC.IS.CSCCmCC.8,domain#TWAS-OutOfService-ProxyChannel
package#ProcessComms,domain#CC.IS.CSCCmCC.8,domain#TWAS-OutOfService-Service
package#ProcessComms,domain#CC.L.CSCCHuSt.1,domain#TWAS-Astuteness-Human
package#ProcessComms,domain#CC.L.CSCCHuSt.1,domain#TWAS-Benevolence-Employer
package#ProcessComms,domain#CC.L.CSCCHuoSt.1,domain#TWAS-Benevolence-Human
package#ProcessComms,domain#CC.L.CSHSAC.1,domain#TWAS-OutOfService-Service
package#ProcessComms,domain#CC.L.CSHSAC.1,domain#TWAS-UserTW-ProcAccess
package#ProcessComms,domain#CC.R.CACvsCCS.1,domain#TWAS-AnonUserTW-ProxyChannel
package#ProcessComms,domain#CC.R.CACvsCCS.1,domain#TWAS-ClientAuthenticity-ClientChannel
package#ProcessComms,domain#CC.R.CACvsCCS.1,domain#TWAS-OutOfService-ClientChannel
package#ProcessComms,domain#CC.R.CACvsCCS.1,domain#TWAS-OutOfService-ProxyChannel
package#ProcessComms,domain#CC.R.CCCS-i.1,domain#TWAS-AnonUserTW-ClientChannel
package#ProcessComms,domain#CC.R.CCCS-i.1,domain#TWAS-ClientAuthenticity-ClientChannel
package#ProcessComms,domain#CC.R.CCCS-i.1,domain#TWAS-OutOfService-ClientChannel
package#ProcessComms,domain#CC.R.HuStCCCS.1,domain#TWAS-Astuteness-Human
package#ProcessComms,domain#CC.R.HuStCCCS.1,domain#TWAS-Benevolence-Employer
package#ProcessComms,domain#CC.R.HuStCCCS.1,domain#TWAS-OutOfService-ClientChannel
package#ProcessComms,domain#CC.R.HuoStCCCS.1,domain#TWAS-Benevolence-Human
package#ProcessComms,domain#CC.R.HuoStCCCS.1,domain#TWAS-OutOfService-ClientChannel
package#ProcessComms,domain#CP.IS.SCmCP.8,domain#TWAS-OutOfService-ServiceChannel
package#ProcessComms,domain#DF.A.CCDFCS.6.3,domain#TWAS-ServiceTW-ClientChannel
package#ProcessComms,domain#DF.A.CCDFSC.6.3,domain#TWAS-ClientTW-ClientChannel
package#ProcessComms,domain#DF.Auth.AC-iDF-VCS.3.2,domain#TWAS-ClientTW-ClientChannel
package#ProcessComms,domain#DF.Auth.AC-iDF-VCS.3.2,domain#TWAS-OutOfService-ClientChannel
package#ProcessComms,domain#DF.Auth.AC-iDF-VFC.3.6,domain#TWAS-ClientTW-ClientChannel
package#ProcessComms,domain#DF.Auth.AC-iDF-VFC.3.6,domain#TWAS-OutOfService-ClientChannel
package#ProcessComms,domain#DF.Auth.AC-iDF-VFC.3.6,domain#TWAS-UserTW-ProcAccess
package#ProcessComms,domain#DF.Auth.AC-iDF-VSC.3.2,domain#TWAS-ServiceAuthenticity-ClientChannel
package#ProcessComms,domain#DF.Auth.AC-iDFVFC.3.6,domain#TWAS-ClientTW-ClientChannel
package#ProcessComms,domain#DF.Auth.AC-iDFVFC.3.6,domain#TWAS-OutOfService-ClientChannel
package#ProcessComms,domain#DF.Auth.AC-iDFVFC.3.6,domain#TWAS-UserTW-ProcAccess
package#ProcessComms,domain#DF.Auth.ACDF-VFS-i.3.6,domain#TWAS-ServiceTW-ClientChannel
package#ProcessComms,domain#DF.Auth.ACDF-VSC-i.3.1,domain#TWAS-ServiceTW-ClientChannel
package#ProcessComms,domain#DF.Auth.ACDFVFS-i.3.6,domain#TWAS-ServiceTW-ClientChannel
package#ProcessComms,domain#DF.Auth.CCCSDF-VCCS-i.3,domain#TWAS-ClientTW-ClientChannel
package#ProcessComms,domain#DF.Auth.CCCSDF-VCCS-i.3,domain#TWAS-DeputyUserTW-ProxyChannel
package#ProcessComms,domain#DF.Auth.CCCSDF-VCCS-i.3,domain#TWAS-OutOfService-ClientChannel
package#ProcessComms,domain#DF.Auth.CCCSDF-VCCS-i.3,domain#TWAS-OutOfService-ProxyChannel
package#ProcessComms,domain#DF.Auth.CCCSPDF-VCCS-i.3,domain#TWAS-ClientTW-ClientChannel
package#ProcessComms,domain#DF.Auth.CCCSPDF-VCCS-i.3,domain#TWAS-DeputyUserTW-ProxyChannel
package#ProcessComms,domain#DF.Auth.CCCSPDF-VCCS-i.3,domain#TWAS-OutOfService-ClientChannel
package#ProcessComms,domain#DF.Auth.CCCSPDF-VCCS-i.3,domain#TWAS-OutOfService-ProxyChannel
package#ProcessComms,domain#DF.C.AC-iDF-VCS.3.2,domain#TWAS-OutOfService-DataFlow
package#ProcessComms,domain#DF.C.AC-iDF-VCS.3.2,domain#TWAS-ServiceAuthenticity-ClientChannel
package#ProcessComms,domain#DF.C.AC-iDF-VCS.3.3,domain#TWAS-ChannelConfidentiality-ClientChannel
package#ProcessComms,domain#DF.C.AC-iDF-VCS.3.3,domain#TWAS-OutOfService-DataFlow
package#ProcessComms,domain#DF.C.AC-iDF-VSC.3.2,domain#TWAS-ClientTW-ClientChannel
package#ProcessComms,domain#DF.C.AC-iDF-VSC.3.2,domain#TWAS-OutOfService-ClientChannel
package#ProcessComms,domain#DF.C.AC-iDF-VSC.3.2,domain#TWAS-OutOfService-DataFlow
package#ProcessComms,domain#DF.C.AC-iDF-VSC.3.3,domain#TWAS-ChannelConfidentiality-ClientChannel
package#ProcessComms,domain#DF.C.AC-iDF-VSC.3.3,domain#TWAS-OutOfService-DataFlow
package#ProcessComms,domain#DF.C.AC-iDF-VTC.3.6,domain#TWAS-ClientTW-ClientChannel
package#ProcessComms,domain#DF.C.AC-iDF-VTC.3.6,domain#TWAS-OutOfService-ClientChannel
package#ProcessComms,domain#DF.C.AC-iDF-VTC.3.6,domain#TWAS-OutOfService-DataFlow
package#ProcessComms,domain#DF.C.AC-iDF-VTC.3.6,domain#TWAS-UserTW-ProcAccess
package#ProcessComms,domain#DF.C.AC-iDFVTC.3.6,domain#TWAS-ClientTW-ClientChannel
package#ProcessComms,domain#DF.C.AC-iDFVTC.3.6,domain#TWAS-OutOfService-ClientChannel
package#ProcessComms,domain#DF.C.AC-iDFVTC.3.6,domain#TWAS-OutOfService-DataFlow
package#ProcessComms,domain#DF.C.AC-iDFVTC.3.6,domain#TWAS-UserTW-ProcAccess
package#ProcessComms,domain#DF.C.ACDF-VCS-i.3.1,domain#TWAS-OutOfService-DataFlow
package#ProcessComms,domain#DF.C.ACDF-VCS-i.3.1,domain#TWAS-ServiceTW-ClientChannel
package#ProcessComms,domain#DF.C.ACDF-VFS-i.3.6,domain#TWAS-ServiceTW-ClientChannel
package#ProcessComms,domain#DF.C.ACDF-VSC-i.3.2,domain#TWAS-ServiceTW-ClientChannel
package#ProcessComms,domain#DF.C.ACDF-VTS-i.3.6,domain#TWAS-OutOfService-DataFlow
package#ProcessComms,domain#DF.C.ACDF-VTS-i.3.6,domain#TWAS-ServiceTW-ClientChannel
package#ProcessComms,domain#DF.C.ACDFVFS-i.3.6,domain#TWAS-ServiceTW-ClientChannel
package#ProcessComms,domain#DF.C.ACDFVTS-i.3.6,domain#TWAS-OutOfService-DataFlow
package#ProcessComms,domain#DF.C.ACDFVTS-i.3.6,domain#TWAS-ServiceTW-ClientChannel
package#ProcessComms,domain#DF.C.CCCSCCSDF-Vi.3,domain#TWAS-ClientTW-ClientChannel
package#ProcessComms,domain#DF.C.CCCSCCSDF-Vi.3,domain#TWAS-DeputyUserTW-ProxyChannel
package#ProcessComms,domain#DF.C.CCCSCCSDF-Vi.3,domain#TWAS-OutOfService-ClientChannel
package#ProcessComms,domain#DF.C.CCCSCCSDF-Vi.3,domain#TWAS-OutOfService-ProxyChannel
package#ProcessComms,domain#DF.C.CCCSPCCSDF-Vi.3,domain#TWAS-ClientTW-ClientChannel
package#ProcessComms,domain#DF.C.CCCSPCCSDF-Vi.3,domain#TWAS-DeputyUserTW-ProxyChannel
package#ProcessComms,domain#DF.C.CCCSPCCSDF-Vi.3,domain#TWAS-OutOfService-ClientChannel
package#ProcessComms,domain#DF.C.CCCSPCCSDF-Vi.3,domain#TWAS-OutOfService-ProxyChannel
package#ProcessComms,domain#DF.IS.CCSmDFS.8,domain#TWAS-OutOfService-ClientChannel
package#ProcessComms,domain#DF.IS.PDFFA.8,domain#TWAS-OutOfService-DataStep
package#ProcessComms,domain#DF.O.CCDFSFC.3,domain#TWAS-ClientTW-ClientChannel
package#ProcessComms,domain#DF.O.CCDFSFC.3,domain#TWAS-OutOfService-ClientChannel
package#ProcessComms,domain#DF.O.CCDFSTC.3,domain#TWAS-ClientTW-ClientChannel
package#ProcessComms,domain#DF.O.CCDFSTC.3,domain#TWAS-OutOfService-ClientChannel
package#ProcessComms,domain#DS.A.CDBSC-DSF.4,domain#TWAS-ClientTW-ClientChannel
package#ProcessComms,domain#DS.A.CDBSC-DSF.4,domain#TWAS-OutOfService-ClientChannel
package#ProcessComms,domain#DS.A.CDBSCDSF.4,domain#TWAS-ClientTW-ClientChannel
package#ProcessComms,domain#DS.A.CDBSCDSF.4,domain#TWAS-OutOfService-ClientChannel
package#ProcessComms,domain#DS.Auth.CDBSC-DSF.4,domain#TWAS-ClientTW-ClientChannel
package#ProcessComms,domain#DS.Auth.CDBSC-DSF.4,domain#TWAS-OutOfService-ClientChannel
package#ProcessComms,domain#DS.Auth.HPsACdDSCCV.1,domain#TWAS-ClientTW-ClientChannel
package#ProcessComms,domain#DS.Auth.HPsACdDSCCV.1,domain#TWAS-OutOfService-ClientChannel
package#ProcessComms,domain#DS.Auth.HPsACdDSCCV.1,domain#TWAS-UserTW-ProcAccess
package#ProcessComms,domain#DS.C.CDBSC-DST.4,domain#TWAS-ClientTW-ClientChannel
package#ProcessComms,domain#DS.C.CDBSC-DST.4,domain#TWAS-OutOfService-ClientChannel
package#ProcessComms,domain#DS.C.HPsACrDSCCV.1,domain#TWAS-ClientTW-ClientChannel
package#ProcessComms,domain#DS.C.HPsACrDSCCV.1,domain#TWAS-OutOfService-ClientChannel
package#ProcessComms,domain#DS.C.HPsACrDSCCV.1,domain#TWAS-UserTW-ProcAccess
package#ProcessComms,domain#I.TA.I.8.1,domain#TWAS-ConnectionsBlocked-Interface
package#ProcessComms,domain#I.TA.I.8.1,domain#TWAS-OutOfService-LogicalSubnet
package#ProcessComms,domain#I.TA.I.8.2,domain#TWAS-OutOfService-Interface
package#ProcessComms,domain#LS.L.HLSISC.1,domain#TWAS-ClientTW-ClientChannel
package#ProcessComms,domain#LS.L.HLSISC.1,domain#TWAS-NetworkAccessibility-LogicalSubnet
package#ProcessComms,domain#LS.L.HLSISC.1,domain#TWAS-OutOfService-ClientChannel
package#ProcessComms,domain#P.L.CCCLnSAC.1,domain#TWAS-ClientTW-ClientChannel
package#ProcessComms,domain#P.L.CCCLnSAC.1,domain#TWAS-OutOfService-ClientChannel
package#ProcessComms,domain#P.L.CCCSAC.3,domain#TWAS-ClientTW-ClientChannel
package#ProcessComms,domain#P.L.CCCSAC.3,domain#TWAS-OutOfService-ClientChannel
package#ProcessComms,domain#P.L.CCCSAC.3,domain#TWAS-TrojanTW-Service
package#ProcessComms,domain#P.L.CSAPNaS.3,domain#TWAS-NetworkUserTW-LogicalSubnet
package#ProcessComms,domain#P.L.CSAPNaS.3,domain#TWAS-OutOfService-AttackPath
package#ProcessComms,domain#P.L.CSAPNaS.3,domain#TWAS-TrojanTW-Service
package#ProcessComms,domain#P.L.HuHW2ACE.3,domain#TWAS-Astuteness-Human
package#ProcessComms,domain#P.L.OSAPNaS.3,domain#TWAS-NetworkUserTW-LogicalSubnet
package#ProcessComms,domain#P.L.OSAPNaS.3,domain#TWAS-OutOfService-AttackPath
package#ProcessComms,domain#P.L.OSAPNaS.3,domain#TWAS-TrojanTW-Service
package#ProcessComms,domain#P.L.SPNaLnS.1,domain#TWAS-OutOfService-ClientChannel
package#ProcessComms,domain#P.L.SPNaLnS.1,domain#TWAS-ProxyUserTW-ClientChannel
package#ProcessComms,domain#P.L.SPNaS.3,domain#TWAS-OutOfService-ClientChannel
package#ProcessComms,domain#P.L.SPNaS.3,domain#TWAS-ProxyUserTW-ClientChannel
package#ProcessComms,domain#P.L.SPNaS.3,domain#TWAS-TrojanTW-Service
package#ProcessComms,domain#P.O.DDoS.3,domain#TWAS-BandwidthManaged-Interface
package#ProcessComms,domain#P.O.DDoS.3,domain#TWAS-NetworkControl-LogicalSubnet
package#ProcessComms,domain#P.O.DDoS.3,domain#TWAS-OutOfService-ServiceAttackPath
package#ProcessComms,domain#P.O.DoS.3,domain#TWAS-BandwidthManaged-Interface
package#ProcessComms,domain#P.O.DoS.3,domain#TWAS-NetworkUserTW-LogicalSubnet
package#ProcessComms,domain#P.O.DoS.3,domain#TWAS-OutOfService-ServiceAttackPath
package#ProcessComms,domain#SAP.IS.CAPSAP.8,domain#TWAS-OutOfService-ClientAttackPath
package#ProcessComms,domain#SC.A.HuSC.6.3,domain#TWAS-ChannelConfidentiality-ServiceChannel
package#ProcessComms,domain#SC.A.SC.6.1,domain#TWAS-DefaultTW-Service
package#ProcessComms,domain#SC.C.ImSCf.3,domain#TWAS-NetworkAuthenticity-Interface
package#ProcessComms,domain#SC.C.ImSCf.3,domain#TWAS-NetworkUserTW-LogicalSubnet
package#ProcessComms,domain#SC.C.LSmSC.3,domain#TWAS-ChannelConfidentiality-LogicalSubnet
package#ProcessComms,domain#SC.C.LSmSC.3,domain#TWAS-OutOfService-LogicalSubnet
package#ProcessComms,domain#SC.C.SgACmSC.3,domain#TWAS-Control-HostAccess
package#ProcessComms,domain#SC.IS.SCmSg.8.1,domain#TWAS-OutOfService-Service
package#ProcessComms,domain#SC.IS.SCmSg.8.1,domain#TWAS-ServiceChannelsBlocked-Interface
package#ProcessComms,domain#SC.IS.SCmSg.8.1,domain#TWAS-ServiceChannelsBlocked-LogicalSegment
package#ProcessComms,domain#SC.IS.SCpSg.8.1,domain#TWAS-OutOfService-Service
package#ProcessComms,domain#SC.IS.SCpSg.8.1,domain#TWAS-ServiceChannelsBlocked-Interface
package#ProcessComms,domain#Sg.TA.L3SSg2+b.8.2,domain#TWAS-OutOfService-FwdSegment
package#ProcessComms,domain#Sg.TA.L3SSg2-b.8.2,domain#TWAS-OutOfService-FwdSegment
package#ProcessComms,domain#Sg.TA.L3SSg2.8.1,domain#TWAS-ConnectionsBlocked-FwdSegment
package#ProcessComms,domain#Sg.TA.L3SSg2AC.1,domain#TWAS-Control-HostAccess
package#ProcessComms,domain#Sg.TA.L3SSg2AC.1,domain#TWAS-OutOfService-FromSubnet
package#ProcessComms,domain#Sg.TA.L3SSg2AC.1,domain#TWAS-OutOfService-Gateway
package#ProcessComms,domain#Sg.TA.L3SSg2AC.1,domain#TWAS-OutOfService-ToSubnet
package#Theft,domain#CC.AuC.CACHLSS.2,domain#TWAS-OutOfService-ClientAttackPath
package#Theft,domain#CC.AuC.CACHLSS.2,domain#TWAS-OutOfService-ClientChannel
package#Theft,domain#CC.AuC.CACHLSS.2,domain#TWAS-OwnerControl-ProcNetContext
package#Theft,domain#DF.Auth.AC-iDF-VFC.2.6,domain#TWAS-ClientTW-ClientChannel
package#Theft,domain#DF.Auth.AC-iDF-VFC.2.6,domain#TWAS-OutOfService-ClientChannel
package#Theft,domain#DF.Auth.AC-iDF-VFC.2.6,domain#TWAS-OwnerControl-Client
package#Theft,domain#DF.Auth.AC-iDFVFC.2.6,domain#TWAS-ClientTW-ClientChannel
package#Theft,domain#DF.Auth.AC-iDFVFC.2.6,domain#TWAS-OutOfService-ClientChannel
package#Theft,domain#DF.Auth.AC-iDFVFC.2.6,domain#TWAS-OwnerControl-Client
package#Theft,domain#DF.C.AC-iDF-VTC.2.6,domain#TWAS-ClientTW-ClientChannel
package#Theft,domain#DF.C.AC-iDF-VTC.2.6,domain#TWAS-OutOfService-ClientChannel
package#Theft,domain#DF.C.AC-iDF-VTC.2.6,domain#TWAS-OutOfService-DataFlow
package#Theft,domain#DF.C.AC-iDF-VTC.2.6,domain#TWAS-OwnerControl-Client
package#Theft,domain#DF.C.AC-iDFVTC.2.6,domain#TWAS-ClientTW-ClientChannel
package#Theft,domain#DF.C.AC-iDFVTC.2.6,domain#TWAS-OutOfService-ClientChannel
package#Theft,domain#DF.C.AC-iDFVTC.2.6,domain#TWAS-OutOfService-DataFlow
package#Theft,domain#DF.C.AC-iDFVTC.2.6,domain#TWAS-OwnerControl-Client
package#Theft,domain#DS.C.HDS-V.2.1,domain#TWAS-Possession-PhysicalHost
package#Theft,domain#DS.C.HDS-V.2.2,domain#TWAS-OwnerControl-Host
package#Theft,domain#DS.C.HPsACr-pDS-V.2,domain#TWAS-OwnerControl-Process
package#Theft,domain#DS.C.HPsACr-pDS-V.2.6,domain#TWAS-OwnerControl-Process
package#Theft,domain#DS.C.HPsACrpDS-V.2,domain#TWAS-OwnerControl-Process
package#Theft,domain#H.M.CH.2.1,domain#TWAS-Possession-Host
package#Theft,domain#H.M.CH.2.3,domain#TWAS-ExtrinsicTW-Host
package#Theft,domain#H.M.CH.2.3,domain#TWAS-Possession-Host
package#Theft,domain#H.M.HumCH.2.2,domain#TWAS-Astuteness-Human
package#Theft,domain#H.M.HumCH.2.2,domain#TWAS-Possession-Host
package#Theft,domain#H.M.MHHS.2.1,domain#TWAS-OccupantTW-Space
package#Theft,domain#H.M.MHHS.2.1,domain#TWAS-OwnerControl-Host
package#Theft,domain#H.M.PHdH.2,domain#TWAS-OwnerControl-PhysicalHost
package#Theft,domain#H.P.PHS-iC.3,domain#TWAS-OccupantTW-Space
package#Theft,domain#I.IS.INC.2,domain#TWAS-OutOfService-LogicalSubnet
package#Theft,domain#I.IS.INC.2,domain#TWAS-OwnerControl-HostAccess
package#Theft,domain#LS.L.HL23S.2,domain#TWAS-OwnerControl-HostAccess
package#Theft,domain#P.IS.HP.2,domain#TWAS-OutOfService-Host
package#Theft,domain#P.IS.HP.2,domain#TWAS-OwnerControl-Host
package#Theft,domain#P.L.HuiPCH.2.1,domain#TWAS-Possession-Host
package#Theft,domain#P.L.HuiPCH.2.2,domain#TWAS-Astuteness-Human
package#Theft,domain#P.L.HuiPCH.2.2,domain#TWAS-Possession-Host
package#Theft,domain#P.L.PMHHS.2.1,domain#TWAS-OccupantTW-Space
package#Theft,domain#P.L.PMHHS.2.1,domain#TWAS-OwnerControl-Process
package#Theft,domain#P.L.SHP.2,domain#TWAS-OwnerControl-Host
package#Virtualisation,domain#H.A.VHHHoDC.1,domain#TWAS-ResourceTW-SHost
package#Virtualisation,domain#H.IS.HVH.8,domain#TWAS-OutOfService-SHost
package#Virtualisation,domain#HC.C.INCmHCf.3,domain#TWAS-Control-HostAccess
package#Virtualisation,domain#HC.C.INCmHCt.3,domain#TWAS-Control-HostAccess
package#Virtualisation,domain#HC.C.ImHCf.3,domain#TWAS-NetworkAuthenticity-Interface
package#Virtualisation,domain#HC.C.ImHCf.3,domain#TWAS-NetworkUserTW-LogicalSubnet
package#Virtualisation,domain#HC.C.LSmHC.3,domain#TWAS-ChannelConfidentiality-LogicalSubnet
package#Virtualisation,domain#HC.C.LSmHC.3,domain#TWAS-OutOfService-LogicalSubnet
package#Virtualisation,domain#HC.C.SgACmHC.3,domain#TWAS-Control-HostAccess
package#Virtualisation,domain#I.A.GdHVS.6,domain#TWAS-DefaultTW-LogicalSubnet
package#Virtualisation,domain#I.Auth.HVSICSG.3,domain#TWAS-ServiceAuthenticity-ClientChannel
package#Virtualisation,domain#LS.AX.VSPS.3,domain#TWAS-NetworkUserTW-PhysicalSubnet
package#Virtualisation,domain#LS.C.LSoLS.3,domain#TWAS-ChannelConfidentiality-LogicalSubnet
package#Virtualisation,domain#LS.C.LSoLS.3,domain#TWAS-OutOfService-LogicalSubnet
package#Virtualisation,domain#LS.IS.mLSoLS.8,domain#TWAS-OutOfService-LogicalSubnet
package#Virtualisation,domain#LS.L.LSoLS.1,domain#TWAS-NetworkUserTW-LogicalSubnet
package#Virtualisation,domain#LS.L.LSoLS.1,domain#TWAS-OutOfService-LogicalSubnet
package#Virtualisation,domain#LS.M.LSoLS.1,domain#TWAS-NetworkControl-LogicalSubnet
package#Virtualisation,domain#SC.C.VSHCmSC.3,domain#TWAS-ChannelConfidentiality-HostChannel
package#Virtualisation,domain#VH.M.HACVHmAC.1,domain#TWAS-Control-FromContext
package#VulnerabilityCVSS,domain#CC.AuC.DFrXSS.3,domain#TWAS-Authenticity-DataFlow
package#VulnerabilityCVSS,domain#CC.AuC.DFrXSS.3,domain#TWAS-Extrinsic-XS-TW-Service
package#VulnerabilityCVSS,domain#CC.AuC.DFrXSS.3,domain#TWAS-OutOfService-DataFlow
package#VulnerabilityCVSS,domain#CC.AuC.DFsXSS.3,domain#TWAS-Authenticity-DataFlow
package#VulnerabilityCVSS,domain#CC.AuC.DFsXSS.3,domain#TWAS-Extrinsic-XS-TW-Service
package#VulnerabilityCVSS,domain#CC.AuC.DFsXSS.3,domain#TWAS-OutOfService-DataFlow
package#VulnerabilityCVSS,domain#CC.AuC.DSrXSS.3,domain#TWAS-Authenticity-DataCopy
package#VulnerabilityCVSS,domain#CC.AuC.DSrXSS.3,domain#TWAS-Extrinsic-XS-TW-Service
package#VulnerabilityCVSS,domain#CC.AuC.DSsXSS.3,domain#TWAS-Authenticity-DataCopy
package#VulnerabilityCVSS,domain#CC.AuC.DSsXSS.3,domain#TWAS-Extrinsic-XS-TW-Service
package#VulnerabilityCVSS,domain#CC.R.CDBSC.4,domain#TWAS-ExploitTW-ProcAccess
package#VulnerabilityCVSS,domain#CC.R.CDBSC.4,domain#TWAS-Extrinsic-QI-TW-Service
package#VulnerabilityCVSS,domain#CC.R.CDBSC.4,domain#TWAS-OutOfService-ClientChannel
package#VulnerabilityCVSS,domain#CC.R.CDBSC.4,domain#TWAS-OutOfService-Service
package#VulnerabilityCVSS,domain#DS.A.HDS.4,domain#TWAS-ExploitTW-Host
package#VulnerabilityCVSS,domain#DS.A.HDS.4,domain#TWAS-Extrinsic-I-TW-Host
package#VulnerabilityCVSS,domain#DS.A.HDS.4,domain#TWAS-OutOfService-Host
package#VulnerabilityCVSS,domain#DS.A.HPsACDAdDS.4,domain#TWAS-ExploitTW-ProcAccess
package#VulnerabilityCVSS,domain#DS.A.HPsACDAdDS.4,domain#TWAS-Extrinsic-I-TW-Process
package#VulnerabilityCVSS,domain#DS.A.HPsACDAdDS.4,domain#TWAS-OutOfService-Process
package#VulnerabilityCVSS,domain#DS.Auth.HDS-V.4,domain#TWAS-ExploitTW-Host
package#VulnerabilityCVSS,domain#DS.Auth.HDS-V.4,domain#TWAS-Extrinsic-I-TW-Host
package#VulnerabilityCVSS,domain#DS.Auth.HDS-V.4,domain#TWAS-OutOfService-Host
package#VulnerabilityCVSS,domain#DS.Auth.HPsACd-pDS-V.4,domain#TWAS-ExploitTW-Process
package#VulnerabilityCVSS,domain#DS.Auth.HPsACd-pDS-V.4,domain#TWAS-Extrinsic-I-TW-Process
package#VulnerabilityCVSS,domain#DS.Auth.HPsACd-pDS-V.4,domain#TWAS-OutOfService-Process
package#VulnerabilityCVSS,domain#DS.Auth.HPsACdpDS-V.4,domain#TWAS-ExploitTW-Process
package#VulnerabilityCVSS,domain#DS.Auth.HPsACdpDS-V.4,domain#TWAS-Extrinsic-I-TW-Process
package#VulnerabilityCVSS,domain#DS.Auth.HPsACdpDS-V.4,domain#TWAS-OutOfService-Process
package#VulnerabilityCVSS,domain#DS.C.HDS-V.4,domain#TWAS-ExploitTW-Host
package#VulnerabilityCVSS,domain#DS.C.HDS-V.4,domain#TWAS-Extrinsic-C-TW-Host
package#VulnerabilityCVSS,domain#DS.C.HDS-V.4,domain#TWAS-OutOfService-Host
package#VulnerabilityCVSS,domain#DS.C.HPsACr-pDS-V.4,domain#TWAS-ExploitTW-Process
package#VulnerabilityCVSS,domain#DS.C.HPsACr-pDS-V.4,domain#TWAS-Extrinsic-C-TW-Process
package#VulnerabilityCVSS,domain#DS.C.HPsACr-pDS-V.4,domain#TWAS-OutOfService-Process
package#VulnerabilityCVSS,domain#DS.C.HPsACrpDS-V.4,domain#TWAS-ExploitTW-Process
package#VulnerabilityCVSS,domain#DS.C.HPsACrpDS-V.4,domain#TWAS-Extrinsic-C-TW-Process
package#VulnerabilityCVSS,domain#DS.C.HPsACrpDS-V.4,domain#TWAS-OutOfService-Process
package#VulnerabilityCVSS,domain#H.J.GH.7,domain#TWAS-Extrinsic-M-TW-Host
package#VulnerabilityCVSS,domain#H.J.GH.7,domain#TWAS-Health-Host
package#VulnerabilityCVSS,domain#H.J.GH.7,domain#TWAS-OutOfService-Host
package#VulnerabilityCVSS,domain#H.A.H.4,domain#TWAS-ExploitTW-Host
package#VulnerabilityCVSS,domain#H.A.H.4,domain#TWAS-Extrinsic-A-TW-Host
package#VulnerabilityCVSS,domain#H.A.H.4,domain#TWAS-OutOfService-Host
package#VulnerabilityCVSS,domain#H.L.HAC.4,domain#TWAS-ExploitTW-HostAccess
package#VulnerabilityCVSS,domain#H.L.HAC.4,domain#TWAS-Extrinsic-U-TW-Host
package#VulnerabilityCVSS,domain#H.L.HAC.4,domain#TWAS-OutOfService-Host
package#VulnerabilityCVSS,domain#H.M.HAC.4,domain#TWAS-ExploitTW-HostAccess
package#VulnerabilityCVSS,domain#H.M.HAC.4,domain#TWAS-Extrinsic-M-TW-Host
package#VulnerabilityCVSS,domain#H.M.HAC.4,domain#TWAS-OutOfService-Host
package#VulnerabilityCVSS,domain#H.M.HmACPAC.4,domain#TWAS-ExploitTW-ProcAccess
package#VulnerabilityCVSS,domain#H.M.HmACPAC.4,domain#TWAS-Extrinsic-M-TW-Process
package#VulnerabilityCVSS,domain#H.M.HmACPAC.4,domain#TWAS-OutOfService-Process
package#VulnerabilityCVSS,domain#H.V.CHS-iP.3,domain#TWAS-Extrinsic-AU-TW-Host
package#VulnerabilityCVSS,domain#H.V.CHS-iP.3,domain#TWAS-Extrinsic-VL-TW-Host
package#VulnerabilityCVSS,domain#H.V.CHS-iP.3,domain#TWAS-OccupantTW-Space
package#VulnerabilityCVSS,domain#H.V.HAC.2,domain#TWAS-Extrinsic-VL-TW-Host
package#VulnerabilityCVSS,domain#H.V.HAC.2,domain#TWAS-UserTW-HostAccess
package#VulnerabilityCVSS,domain#H.V.HL1HS.2,domain#TWAS-Extrinsic-VA-TW-Host
package#VulnerabilityCVSS,domain#H.V.HL1HS.2,domain#TWAS-UserTW-FromContext
package#VulnerabilityCVSS,domain#H.V.HL1HS.2,domain#TWAS-UserTW-ToContext
package#VulnerabilityCVSS,domain#H.V.HL1HS.3,domain#TWAS-Extrinsic-AU-TW-Host
package#VulnerabilityCVSS,domain#H.V.HL1HS.3,domain#TWAS-Extrinsic-VA-TW-Host
package#VulnerabilityCVSS,domain#H.V.HL1HS.3,domain#TWAS-UserTW-FromContext
package#VulnerabilityCVSS,domain#H.V.IoH.2,domain#TWAS-ConnectionsBlocked-Interface
package#VulnerabilityCVSS,domain#H.V.IoH.2,domain#TWAS-ConnectionsBlocked-NetworkPath
package#VulnerabilityCVSS,domain#H.V.IoH.2,domain#TWAS-Extrinsic-VN-TW-Host
package#VulnerabilityCVSS,domain#H.V.IoH.2,domain#TWAS-NetworkUserTW-AttackerSubnet
package#VulnerabilityCVSS,domain#H.V.IoH.2,domain#TWAS-UserTW-FromContext
package#VulnerabilityCVSS,domain#H.V.IoH.3,domain#TWAS-ConnectionsBlocked-Interface
package#VulnerabilityCVSS,domain#H.V.IoH.3,domain#TWAS-ConnectionsBlocked-NetworkPath
package#VulnerabilityCVSS,domain#H.V.IoH.3,domain#TWAS-Extrinsic-AU-TW-Host
package#VulnerabilityCVSS,domain#H.V.IoH.3,domain#TWAS-Extrinsic-VN-TW-Host
package#VulnerabilityCVSS,domain#H.V.IoH.3,domain#TWAS-NetworkUserTW-AttackerSubnet
package#VulnerabilityCVSS,domain#H.V.LoH.2,domain#TWAS-Extrinsic-VA-TW-Host
package#VulnerabilityCVSS,domain#H.V.LoH.2,domain#TWAS-NetworkUserTW-LogicalSubnet
package#VulnerabilityCVSS,domain#H.V.LoH.2,domain#TWAS-OutOfService-Interface
package#VulnerabilityCVSS,domain#H.V.LoH.2,domain#TWAS-UserTW-FromContext
package#VulnerabilityCVSS,domain#H.V.LoH.3,domain#TWAS-Extrinsic-AU-TW-Host
package#VulnerabilityCVSS,domain#H.V.LoH.3,domain#TWAS-Extrinsic-VA-TW-Host
package#VulnerabilityCVSS,domain#H.V.LoH.3,domain#TWAS-NetworkUserTW-LogicalSubnet
package#VulnerabilityCVSS,domain#H.V.LoH.3,domain#TWAS-OutOfService-Interface
package#VulnerabilityCVSS,domain#H.V.NoH.2,domain#TWAS-ConnectionsBlocked-Interface
package#VulnerabilityCVSS,domain#H.V.NoH.2,domain#TWAS-ConnectionsBlocked-NetworkPath
package#VulnerabilityCVSS,domain#H.V.NoH.2,domain#TWAS-Extrinsic-VN-TW-Host
package#VulnerabilityCVSS,domain#H.V.NoH.2,domain#TWAS-NetworkUserTW-AttackerSubnet
package#VulnerabilityCVSS,domain#H.V.NoH.2,domain#TWAS-UserTW-FromContext
package#VulnerabilityCVSS,domain#H.V.NoH.3,domain#TWAS-ConnectionsBlocked-Interface
package#VulnerabilityCVSS,domain#H.V.NoH.3,domain#TWAS-ConnectionsBlocked-NetworkPath
package#VulnerabilityCVSS,domain#H.V.NoH.3,domain#TWAS-Extrinsic-AU-TW-Host
package#VulnerabilityCVSS,domain#H.V.NoH.3,domain#TWAS-Extrinsic-VN-TW-Host
package#VulnerabilityCVSS,domain#H.V.NoH.3,domain#TWAS-NetworkUserTW-AttackerSubnet
package#VulnerabilityCVSS,domain#H.W.HIoH.3,domain#TWAS-Extrinsic-AU-TW-Host
package#VulnerabilityCVSS,domain#H.W.HIoH.3,domain#TWAS-Extrinsic-VN-TW-Host
package#VulnerabilityCVSS,domain#H.W.HIoH.3,domain#TWAS-Extrinsic-W-TW-Host
package#VulnerabilityCVSS,domain#H.W.HIoH.3,domain#TWAS-NetworkUserTW-LogicalSubnet
package#VulnerabilityCVSS,domain#H.W.HIoH.3,domain#TWAS-OutOfService-LogicalSubnet
package#VulnerabilityCVSS,domain#H.W.HLoH.3,domain#TWAS-Extrinsic-AU-TW-Host
package#VulnerabilityCVSS,domain#H.W.HLoH.3,domain#TWAS-Extrinsic-VA-TW-Host
package#VulnerabilityCVSS,domain#H.W.HLoH.3,domain#TWAS-Extrinsic-W-TW-Host
package#VulnerabilityCVSS,domain#H.W.HLoH.3,domain#TWAS-Health-RemoteHost
package#VulnerabilityCVSS,domain#H.W.HLoH.3,domain#TWAS-OutOfService-LogicalSubnet
package#VulnerabilityCVSS,domain#H.W.HLoH.3,domain#TWAS-OutOfService-RemoteHost
package#VulnerabilityCVSS,domain#H.W.HRoH.3,domain#TWAS-Extrinsic-AU-TW-Host
package#VulnerabilityCVSS,domain#H.W.HRoH.3,domain#TWAS-Extrinsic-VN-TW-Host
package#VulnerabilityCVSS,domain#H.W.HRoH.3,domain#TWAS-Extrinsic-W-TW-Host
package#VulnerabilityCVSS,domain#H.W.HRoH.3,domain#TWAS-Health-RemoteHost
package#VulnerabilityCVSS,domain#H.W.HRoH.3,domain#TWAS-OutOfService-LogicalSubnet
package#VulnerabilityCVSS,domain#H.W.HRoH.3,domain#TWAS-OutOfService-RemoteHost
package#VulnerabilityCVSS,domain#LS.L.LoHSPAC.4,domain#TWAS-ExploitTW-ProcAccess
package#VulnerabilityCVSS,domain#LS.L.LoHSPAC.4,domain#TWAS-Extrinsic-C-TW-Process
package#VulnerabilityCVSS,domain#LS.L.LoHSPAC.4,domain#TWAS-NetworkAccessibility-LogicalSubnet
package#VulnerabilityCVSS,domain#LS.L.LoHSPAC.4,domain#TWAS-OutOfService-Interface
package#VulnerabilityCVSS,domain#LS.M.LoHSPAC.4,domain#TWAS-ExploitTW-ProcAccess
package#VulnerabilityCVSS,domain#LS.M.LoHSPAC.4,domain#TWAS-Extrinsic-I-TW-Process
package#VulnerabilityCVSS,domain#LS.M.LoHSPAC.4,domain#TWAS-NetworkAccessibility-LogicalSubnet
package#VulnerabilityCVSS,domain#LS.M.LoHSPAC.4,domain#TWAS-OutOfService-Interface
package#VulnerabilityCVSS,domain#P.A.HP-iT.4,domain#TWAS-ExploitTW-Process
package#VulnerabilityCVSS,domain#P.A.HP-iT.4,domain#TWAS-Extrinsic-A-TW-Process
package#VulnerabilityCVSS,domain#P.A.HP-iT.4,domain#TWAS-OutOfService-Process
package#VulnerabilityCVSS,domain#P.A.HuDFrXSS.6,domain#TWAS-Authenticity-DataFlow
package#VulnerabilityCVSS,domain#P.A.HuDFrXSS.6,domain#TWAS-Extrinsic-XS-TW-Service
package#VulnerabilityCVSS,domain#P.A.HuDFrXSS.6,domain#TWAS-OutOfService-DataFlow
package#VulnerabilityCVSS,domain#P.A.HuDFsXSS.6,domain#TWAS-Authenticity-DataFlow
package#VulnerabilityCVSS,domain#P.A.HuDFsXSS.6,domain#TWAS-Extrinsic-XS-TW-Service
package#VulnerabilityCVSS,domain#P.A.HuDFsXSS.6,domain#TWAS-OutOfService-DataFlow
package#VulnerabilityCVSS,domain#P.A.HuDSrXSS.6,domain#TWAS-Authenticity-DataCopy
package#VulnerabilityCVSS,domain#P.A.HuDSrXSS.6,domain#TWAS-Extrinsic-XS-TW-Service
package#VulnerabilityCVSS,domain#P.A.HuDSsXSS.6,domain#TWAS-Authenticity-DataCopy
package#VulnerabilityCVSS,domain#P.A.HuDSsXSS.6,domain#TWAS-Extrinsic-XS-TW-Service
package#VulnerabilityCVSS,domain#P.L.HPAC.4,domain#TWAS-ExploitTW-ProcAccess
package#VulnerabilityCVSS,domain#P.L.HPAC.4,domain#TWAS-Extrinsic-U-TW-Process
package#VulnerabilityCVSS,domain#P.L.HPAC.4,domain#TWAS-OutOfService-Process
package#VulnerabilityCVSS,domain#P.V.CCCS-iAC.2,domain#TWAS-AnonUserTW-ClientChannel
package#VulnerabilityCVSS,domain#P.V.CCCS-iAC.2,domain#TWAS-ClientAuthenticity-ClientChannel
package#VulnerabilityCVSS,domain#P.V.CCCS-iAC.2,domain#TWAS-Extrinsic-VN-TW-Service
package#VulnerabilityCVSS,domain#P.V.CCCS-iAC.2,domain#TWAS-OutOfService-ClientChannel
package#VulnerabilityCVSS,domain#P.V.CCCSACvLS.2,domain#TWAS-ClientAuthenticity-ClientChannel
package#VulnerabilityCVSS,domain#P.V.CCCSACvLS.2,domain#TWAS-Extrinsic-VA-TW-Service
package#VulnerabilityCVSS,domain#P.V.CCCSACvLS.2,domain#TWAS-NetworkUserTW-LogicalSubnet
package#VulnerabilityCVSS,domain#P.V.CCCSACvLS.2,domain#TWAS-OutOfService-ClientChannel
package#VulnerabilityCVSS,domain#P.V.CCCvsCCSAC.2,domain#TWAS-AnonUserTW-ProxyChannel
package#VulnerabilityCVSS,domain#P.V.CCCvsCCSAC.2,domain#TWAS-ClientAuthenticity-ClientChannel
package#VulnerabilityCVSS,domain#P.V.CCCvsCCSAC.2,domain#TWAS-Extrinsic-VN-TW-Service
package#VulnerabilityCVSS,domain#P.V.CCCvsCCSAC.2,domain#TWAS-OutOfService-ClientChannel
package#VulnerabilityCVSS,domain#P.V.CCCvsCCSAC.2,domain#TWAS-OutOfService-ProxyChannel
package#VulnerabilityCVSS,domain#P.V.CSAPNaS.3,domain#TWAS-Extrinsic-AU-TW-Service
package#VulnerabilityCVSS,domain#P.V.CSAPNaS.3,domain#TWAS-Extrinsic-VN-TW-Service
package#VulnerabilityCVSS,domain#P.V.CSAPNaS.3,domain#TWAS-NetworkUserTW-LogicalSubnet
package#VulnerabilityCVSS,domain#P.V.CSAPNaS.3,domain#TWAS-OutOfService-AttackPath
package#VulnerabilityCVSS,domain#P.V.HACPmAC.2,domain#TWAS-Extrinsic-VL-TW-Process
package#VulnerabilityCVSS,domain#P.V.HACPmAC.2,domain#TWAS-UserTW-HostAccess
package#VulnerabilityCVSS,domain#P.V.IoHIP.3,domain#TWAS-ConnectionsBlocked-NetworkPath
package#VulnerabilityCVSS,domain#P.V.IoHIP.3,domain#TWAS-Extrinsic-AU-TW-Process
package#VulnerabilityCVSS,domain#P.V.IoHIP.3,domain#TWAS-Extrinsic-VN-TW-Process
package#VulnerabilityCVSS,domain#P.V.IoHIP.3,domain#TWAS-NetworkUserTW-AttackerSubnet
package#VulnerabilityCVSS,domain#P.V.IoHIP.3,domain#TWAS-OutOfService-Interface
package#VulnerabilityCVSS,domain#P.V.LoHIP.3,domain#TWAS-Extrinsic-AU-TW-Process
package#VulnerabilityCVSS,domain#P.V.LoHIP.3,domain#TWAS-Extrinsic-VN-TW-Process
package#VulnerabilityCVSS,domain#P.V.LoHIP.3,domain#TWAS-NetworkUserTW-LogicalSubnet
package#VulnerabilityCVSS,domain#P.V.LoHIP.3,domain#TWAS-OutOfService-Interface
package#VulnerabilityCVSS,domain#P.V.LoHSP.3,domain#TWAS-Extrinsic-AU-TW-Process
package#VulnerabilityCVSS,domain#P.V.LoHSP.3,domain#TWAS-Extrinsic-VA-TW-Process
package#VulnerabilityCVSS,domain#P.V.LoHSP.3,domain#TWAS-NetworkAccessibility-LogicalSubnet
package#VulnerabilityCVSS,domain#P.V.LoHSP.3,domain#TWAS-OutOfService-Interface
package#VulnerabilityCVSS,domain#P.V.NoHIP.3,domain#TWAS-ConnectionsBlocked-NetworkPath
package#VulnerabilityCVSS,domain#P.V.NoHIP.3,domain#TWAS-Extrinsic-AU-TW-Process
package#VulnerabilityCVSS,domain#P.V.NoHIP.3,domain#TWAS-Extrinsic-VN-TW-Process
package#VulnerabilityCVSS,domain#P.V.NoHIP.3,domain#TWAS-NetworkUserTW-AttackerSubnet
package#VulnerabilityCVSS,domain#P.V.NoHIP.3,domain#TWAS-OutOfService-Interface
package#VulnerabilityCVSS,domain#P.V.OSAPLaS.3,domain#TWAS-Extrinsic-AU-TW-Service
package#VulnerabilityCVSS,domain#P.V.OSAPLaS.3,domain#TWAS-Extrinsic-VA-TW-Service
package#VulnerabilityCVSS,domain#P.V.OSAPLaS.3,domain#TWAS-NetworkUserTW-LogicalSubnet
package#VulnerabilityCVSS,domain#P.V.OSAPLaS.3,domain#TWAS-OutOfService-ServiceAttackPath
package#VulnerabilityCVSS,domain#P.V.OSAPNaS.3,domain#TWAS-Extrinsic-AU-TW-Service
package#VulnerabilityCVSS,domain#P.V.OSAPNaS.3,domain#TWAS-Extrinsic-VN-TW-Service
package#VulnerabilityCVSS,domain#P.V.OSAPNaS.3,domain#TWAS-NetworkUserTW-LogicalSubnet
package#VulnerabilityCVSS,domain#P.V.OSAPNaS.3,domain#TWAS-OutOfService-AttackPath
package#VulnerabilityCVSS,domain#P.V.SPNaS.2,domain#TWAS-Extrinsic-VN-TW-Service
package#VulnerabilityCVSS,domain#P.V.SPNaS.2,domain#TWAS-OutOfService-ClientChannel
package#VulnerabilityCVSS,domain#P.V.SPNaS.2,domain#TWAS-ProxyUserTW-ClientChannel
package#VulnerabilityCVSS,domain#P.W.CCCS.3,domain#TWAS-Extrinsic-VN-TW-Service
package#VulnerabilityCVSS,domain#P.W.CCCS.3,domain#TWAS-Extrinsic-W-TW-Service
package#VulnerabilityCVSS,domain#P.W.CCCS.3,domain#TWAS-Health-Client
package#VulnerabilityCVSS,domain#P.W.CCCS.3,domain#TWAS-OutOfService-ClientChannel
package#VulnerabilityCVSS,domain#P.W.HPDFDI.2,domain#TWAS-Extrinsic-W-TW-Process
package#VulnerabilityCVSS,domain#P.W.HPDFDI.2,domain#TWAS-Health-DataFlow
package#VulnerabilityCVSS,domain#P.W.HPsACDSrDI.2,domain#TWAS-Extrinsic-W-TW-Process
package#VulnerabilityCVSS,domain#P.W.HPsACDSrDI.2,domain#TWAS-Health-DataCopy
package#VulnerabilityCVSS,domain#SC.A.HuCAPmSC.6.2,domain#TWAS-Extrinsic-VN-TW-Service
package#VulnerabilityCVSS,domain#SC.A.HuCAPmSC.6.2,domain#TWAS-NetworkUserTW-LogicalSubnet
package#VulnerabilityCVSS,domain#SC.A.HuSAPmSC.6.2,domain#TWAS-Extrinsic-AU-TW-Service
package#VulnerabilityCVSS,domain#SC.A.HuSAPmSC.6.2,domain#TWAS-Extrinsic-VN-TW-Service
package#VulnerabilityCVSS,domain#SC.A.HuSAPmSC.6.2,domain#TWAS-NetworkUserTW-LogicalSubnet
